observation_date,INDPRO
2001-08-01,-3.6215277665228585
2001-09-01,-4.55015745457048
2001-10-01,-4.440502321905382
2001-11-01,-5.044913960783126
2001-12-01,-4.774776238202749
2002-01-01,-3.682618441383212
2002-02-01,-3.0399744149724905
2002-03-01,-2.1374903694403535
2002-04-01,-1.3053329089064758
2002-05-01,-0.43328851038398897
2002-06-01,0.920910919642548
2002-07-01,1.5386975548359105
2002-08-01,1.5424836015125454
2002-09-01,2.146064440525741
2002-10-01,2.2135422551443185
2002-11-01,3.4115039217915255
2002-12-01,2.880394484854265
2003-01-01,3.071140654513904
2003-02-01,3.1817124112425654
2003-03-01,2.1709435832793167
2003-04-01,1.0688138922369639
2003-05-01,0.636921435240767
2003-06-01,-0.05887145406980876
2003-07-01,0.48700385655000566
2003-08-01,0.37923869625795525
2003-09-01,0.9407289987876988
2003-10-01,1.2759729528664998
2003-11-01,1.387033904173962
2003-12-01,1.9841883950955763
2004-01-01,1.2763588097255418
2004-02-01,1.7663898756903773
2004-03-01,1.626375894029275
2004-04-01,2.615123170170186
2004-05-01,3.38458309862264
2004-06-01,2.447031362551799
2004-07-01,2.6848554355043186
2004-08-01,2.9784524146032165
2004-09-01,2.448803847620762
2004-10-01,3.1957484615569243
2004-11-01,2.763005391785356
2004-12-01,3.551152067738861
2005-01-01,3.7656681883018184
2005-02-01,3.8921878697906642
2005-03-01,4.168552298887196
2005-04-01,4.006456472613795
2005-05-01,3.3534790649275337
2005-06-01,4.6347083589064475
2005-07-01,3.5298493345260917
2005-08-01,3.797594088074363
2005-09-01,1.6574450087309733
2005-10-01,2.0209103457029087
2005-11-01,2.9120723180627417
2005-12-01,2.6259073757150198
2006-01-01,2.4194801632455576
2006-02-01,1.7242361205308532
2006-03-01,2.091541760329152
2006-04-01,2.1816142662632876
2006-05-01,2.1156664964513183
2006-06-01,1.9803386251444621
2006-07-01,2.251836527383766
2006-08-01,2.3669704568583194
2006-09-01,4.2159275134967755
2006-10-01,2.8481025781383007
2006-11-01,1.6621660136106442
2006-12-01,2.1707334984272686
2007-01-01,1.6646656462990128
2007-02-01,2.5793632616832207
2007-03-01,2.5308035115800154
2007-04-01,2.9076019270608766
2007-05-01,2.9798485426711263
2007-06-01,2.7140344521729087
2007-07-01,2.6434417747193573
2007-08-01,2.3917510021752353
2007-09-01,2.7901202497425004
2007-10-01,2.6179282370540014
2007-11-01,3.2087670061424323
2007-12-01,2.2029778334589523
2008-01-01,2.4141930753466267
2008-02-01,1.0602796518591306
2008-03-01,0.5734255066876637
2008-04-01,-0.7427676334748168
2008-05-01,-1.4383086308347726
2008-06-01,-1.724935725071297
2008-07-01,-1.9585471027037116
2008-08-01,-3.6832804845724265
2008-09-01,-8.130031129578574
2008-10-01,-6.954317961916079
2008-11-01,-8.669827230747885
2008-12-01,-11.276192783181926
2009-01-01,-13.374567704176643
2009-02-01,-13.562730377303279
2009-03-01,-14.656035046526473
2009-04-01,-14.81395936696125
2009-05-01,-15.160361194166793
2009-06-01,-15.282480369076357
2009-07-01,-14.018720654921957
2009-08-01,-11.689299172061052
2009-09-01,-6.805879122929537
2009-10-01,-7.474512230012276
2009-11-01,-5.83001235670767
2009-12-01,-2.704223119324234
2010-01-01,0.87230439200634
2010-02-01,1.8708182344855606
2010-03-01,4.200672107537207
2010-04-01,5.4282103558062955
2010-05-01,7.942609605426321
2010-06-01,8.551328146848402
2010-07-01,7.747013804699288
2010-08-01,6.968742858593813
2010-09-01,6.346682104150392
2010-10-01,5.760258506490601
2010-11-01,5.39500875348351
2010-12-01,5.996200467756596
2011-01-01,4.632504538708293
2011-02-01,3.827364378514675
2011-03-01,4.193025357503588
2011-04-01,3.505332834432129
2011-05-01,2.248891889831528
2011-06-01,2.3688810428642126
2011-07-01,2.484132372991299
2011-08-01,2.7992943499441703
2011-09-01,2.4123837996766095
2011-10-01,3.4162150732061747
2011-11-01,3.3174195787687877
2011-12-01,2.859134467066693
2012-01-01,3.6910016324102957
2012-02-01,4.439148449901298
2012-03-01,2.8286925428470555
2012-04-01,3.9040297563633697
2012-05-01,4.0185114178595605
2012-06-01,3.7105509068513065
2012-07-01,3.418677881567289
2012-08-01,2.285596731143258
2012-09-01,2.2951570495009843
2012-10-01,1.9430024786973865
2012-11-01,2.3257536633332743
2012-12-01,2.0268355938483085
2013-01-01,1.4467904237824847
2013-02-01,1.5945538776370727
2013-03-01,2.534732272069462
2013-04-01,1.7145631127746475
2013-05-01,1.5594777439077445
2013-06-01,1.7645800035426706
2013-07-01,1.2364196654177428
2013-08-01,2.2593571227008002
2013-09-01,2.854766330187619
2013-10-01,2.4178437626957816
2013-11-01,2.281966236973343
2013-12-01,2.245344069429267
2014-01-01,1.8566277042981971
2014-02-01,2.148610089064018
2014-03-01,2.724108069090181
2014-04-01,2.9123215934373725
2014-05-01,3.226027611336124
2014-06-01,3.365841732090935
2014-07-01,3.9177888079901857
2014-08-01,3.1253041765382905
2014-09-01,2.89843352202952
2014-10-01,2.9919466037849007
2014-11-01,3.3861066751199598
2014-12-01,3.170492700276073
2015-01-01,2.7262407410550527
2015-02-01,1.30473816054415
2015-03-01,-0.0027479483621140055
2015-04-01,-0.6444572558062966
2015-05-01,-1.460487812501221
2015-06-01,-2.106390227283794
2015-07-01,-1.6903126553953207
2015-08-01,-1.6854337113987983
2015-09-01,-2.2407414414912674
2015-10-01,-2.72506606749946
2015-11-01,-4.033068306068888
2015-12-01,-4.496144811599123
2016-01-01,-3.236256019749162
2016-02-01,-3.1193297695960798
2016-03-01,-3.515311400177057
2016-04-01,-2.6579036961380753
2016-05-01,-2.448153056399993
2016-06-01,-1.678117946525337
2016-07-01,-2.196738284260069
2016-08-01,-2.164263084601936
2016-09-01,-1.9939516469206886
2016-10-01,-1.5023811304759715
2016-11-01,-1.1862778785850958
2016-12-01,-0.02049641716570516
2017-01-01,-0.8031281419274894
2017-02-01,-0.6864591168616152
2017-03-01,0.7162067590550603
2017-04-01,1.3993011097695573
2017-05-01,1.7500792534729248
2017-06-01,1.4803308546539107
2017-07-01,1.1187969195710634
2017-08-01,0.8523014668689877
2017-09-01,1.0630336308315114
2017-10-01,2.2919955326540453
2017-11-01,2.9662701539719283
2017-12-01,2.467143465957866
2018-01-01,2.7352874765469437
2018-02-01,3.3994953469032696
2018-03-01,3.224806264183644
2018-04-01,3.309758614070435
2018-05-01,2.2584201444366236
2018-06-01,2.8410387544831828
2018-07-01,3.2543243815604805
2018-08-01,4.353587280888749
2018-09-01,4.313826088176409
2018-10-01,2.930867401734427
2018-11-01,2.7666629800210174
2018-12-01,2.5912536810940523
2019-01-01,1.9116422323518512
2019-02-01,1.1096417703535089
2019-03-01,0.6545559146318158
2019-04-01,-1.0247462328067725
2019-05-01,-0.010156011968476264
2019-06-01,-0.7369328862962377
2019-07-01,-1.3774541767684445
2019-08-01,-1.3396749291328724
2019-09-01,-1.7374573008364869
2019-10-01,-2.4594751580988228
2019-11-01,-2.047601522464615
2019-12-01,-2.2991807373363926
2020-01-01,-2.290379015513233
2020-02-01,-1.4232217750208775
2020-03-01,-5.315054964389065
2020-04-01,-17.318282261376304
2020-05-01,-16.047738104539413
2020-06-01,-10.586064673581452
2020-07-01,-6.783544959427434
2020-08-01,-6.512241935326724
2020-09-01,-6.183101854793705
2020-10-01,-4.622683457542831
2020-11-01,-4.763324870606622
2020-12-01,-3.28150457766595
2021-01-01,-2.1295843569181794
2021-02-01,-5.680577271180343
2021-03-01,1.0038210492383515
2021-04-01,16.55213518144698
2021-05-01,15.673379835366053
2021-06-01,8.958396565691418
2021-07-01,5.4998863464161385
2021-08-01,4.261168528131454
2021-09-01,3.0124970172007215
2021-10-01,3.5628709708763973
2021-11-01,3.897545981936834
2021-12-01,2.2463731281071153
2022-01-01,1.3181341030033655
2022-02-01,5.429593086433182
2022-03-01,3.0544104015221674
2022-04-01,2.923435475508507
2022-05-01,1.9110298059100916
2022-06-01,1.2217594016755706
2022-07-01,0.968659945597028
2022-08-01,1.0521402147261716
2022-09-01,2.462018715752601
2022-10-01,1.0648183730078253
2022-11-01,0.08902953837490735
2022-12-01,-0.8016099812473643
2023-01-01,0.3188082918103907
2023-02-01,-0.1634816837026265
2023-03-01,-0.36512224493961964
2023-04-01,-0.1843454258675048
2023-05-01,-0.39957171123073953
2023-06-01,-0.8893464531073647
2023-07-01,-0.31247838929887584
2023-08-01,-0.25421306219911566
2023-09-01,-0.2672476942852109
2023-10-01,-0.7742988102069082
2023-11-01,-0.09043615385835313
2023-12-01,0.8386591076755323
2024-01-01,-1.2762549126908995
2024-02-01,-0.3543266402759926
2024-03-01,-0.557312624665296
2024-04-01,-0.9971062585799939
2024-05-01,-0.06499644303002983
2024-06-01,0.7734749239909133
2024-07-01,-0.9226344732312097
2024-08-01,-0.4050008280501727
2024-09-01,-1.2004422838397089
2024-10-01,-0.9947356843759692
2024-11-01,-1.5579409481489392
2024-12-01,-0.2741466217243804
2025-01-01,0.849002693950851
2025-02-01,0.8119858403550007
2025-03-01,0.5802453773984029
2025-04-01,0.8823523543694645
2025-05-01,0.10162299356553106
2025-06-01,0.5793208714095943
2025-07-01,1.9187662602012212
2025-08-01,1.1886779865559305
2025-09-01,1.8631698334008018
2025-10-01,1.7593332629600056
2025-11-01,1.7543117556713783
2025-12-01,1.1629935222018384
2026-01-01,0.9734701648033584
2026-02-01,0.8180076419915805
2026-03-01,0.5708607646050412
2026-04-01,1.2772934076550557
2026-05-01,1.5798465812579376
2026-06-01,1.1440847075981697
