observation_date,RSAFS
2001-11-01,4.159568532639013
2001-12-01,2.967898694929527
2002-01-01,1.5589212880339876
2002-02-01,2.2895751337908665
2002-03-01,3.060929508561272
2002-04-01,2.4550854560693836
2002-05-01,1.159303620058827
2002-06-01,2.1685114072735434
2002-07-01,4.050926773539176
2002-08-01,3.709293003312064
2002-09-01,4.620103330702907
2002-10-01,-1.9720613099032724
2002-11-01,1.2052150996489708
2002-12-01,3.7437296870815207
2003-01-01,4.157540548829997
2003-02-01,2.0895115627767913
2003-03-01,3.63134217254808
2003-04-01,2.8120520581759623
2003-05-01,3.8187449366589465
2003-06-01,4.723171175283314
2003-07-01,4.2391461178697964
2003-08-01,4.794951798631608
2003-09-01,6.353357242478586
2003-10-01,5.395136778115495
2003-11-01,5.65439225427653
2003-12-01,4.903609329974956
2004-01-01,4.620016143727668
2004-02-01,6.750709528760512
2004-03-01,7.389208715476947
2004-04-01,6.332748665469645
2004-05-01,7.41284238948412
2004-06-01,5.263032441065008
2004-07-01,5.224049397887298
2004-08-01,3.8719324948596867
2004-09-01,6.1972895848736
2004-10-01,6.797672741905747
2004-11-01,7.042309965835436
2004-12-01,7.971347047907895
2005-01-01,6.38392280615776
2005-02-01,7.039139233009228
2005-03-01,5.398890364525277
2005-04-01,7.081644206430293
2005-05-01,5.189849817415015
2005-06-01,9.08752713286125
2005-07-01,8.934776261626464
2005-08-01,7.844996015321737
2005-09-01,6.033782123573772
2005-10-01,5.738893982592086
2005-11-01,5.989953825034311
2005-12-01,4.688732012615815
2006-01-01,8.837371448492238
2006-02-01,6.674597612109134
2006-03-01,6.799334107959121
2006-04-01,6.3647743707538895
2006-05-01,6.617914452393259
2006-06-01,4.025870428415956
2006-07-01,3.6482892477520235
2006-08-01,5.2680979127247785
2006-09-01,4.349376114081993
2006-10-01,4.241090651011281
2006-11-01,3.6491924207948223
2006-12-01,4.846202503714392
2007-01-01,1.7525395808547728
2007-02-01,2.744502494085377
2007-03-01,3.1743297823784156
2007-04-01,2.4252153842638124
2007-05-01,4.06891590161913
2007-06-01,2.6907453070881937
2007-07-01,2.800100023869323
2007-08-01,2.9412513975968446
2007-09-01,3.968226853433543
2007-10-01,4.639708291196043
2007-11-01,5.29938997375865
2007-12-01,2.8627791013197124
2008-01-01,3.253586365067229
2008-02-01,2.126239324629431
2008-03-01,1.5995437029617587
2008-04-01,1.7441892894394906
2008-05-01,1.423909002024315
2008-06-01,2.4128760749956957
2008-07-01,1.6098626198966182
2008-08-01,0.25709697642957163
2008-09-01,-1.694242259938994
2008-10-01,-5.767419321467271
2008-11-01,-10.323753425248672
2008-12-01,-11.403582954368751
2009-01-01,-10.22979682498203
2009-02-01,-9.818030022574609
2009-03-01,-11.646821702029776
2009-04-01,-11.099568001403448
2009-05-01,-11.199847931460539
2009-06-01,-9.947523351566435
2009-07-01,-9.228659880193913
2009-08-01,-6.8634791599814555
2009-09-01,-7.797688521439261
2009-10-01,-3.334517835423545
2009-11-01,1.450535040812273
2009-12-01,4.301237502578781
2010-01-01,2.8218213574216167
2010-02-01,3.411942407484103
2010-03-01,7.544152197226572
2010-04-01,7.876715496588282
2010-05-01,6.069214797055755
2010-06-01,4.300974935811963
2010-07-01,4.178379836365265
2010-08-01,2.8275606179288815
2010-09-01,6.399132321041212
2010-10-01,6.461543059519714
2010-11-01,6.560220087098045
2010-12-01,6.861685796608574
2011-01-01,7.461374903050189
2011-02-01,8.214559161316926
2011-03-01,6.859591784975239
2011-04-01,6.55988384223809
2011-05-01,7.394092106856398
2011-06-01,8.38951159542416
2011-07-01,8.006052725452516
2011-08-01,7.63829226663002
2011-09-01,7.9116017706904795
2011-10-01,7.296716870429365
2011-11-01,6.669077757685349
2011-12-01,6.079358194812401
2012-01-01,6.349445929406072
2012-02-01,6.758282876386157
2012-03-01,6.182455667183606
2012-04-01,5.164154283568467
2012-05-01,5.065972268828611
2012-06-01,3.278601229542022
2012-07-01,3.7939282232675176
2012-08-01,4.965678710158028
2012-09-01,4.641329116255566
2012-10-01,3.9996651029416075
2012-11-01,4.247539264830924
2012-12-01,4.455382371707217
2013-01-01,4.361715578882719
2013-02-01,4.284366954704177
2013-03-01,3.181372524117476
2013-04-01,3.1009531388287437
2013-05-01,3.909539675401663
2013-06-01,5.161110695770321
2013-07-01,5.281688333684054
2013-08-01,3.844379556123334
2013-09-01,3.108773112117502
2013-10-01,3.498166010052972
2013-11-01,3.2155973860918508
2013-12-01,3.4204037467619797
2014-01-01,1.7622158374419605
2014-02-01,1.8620544683929818
2014-03-01,3.6942762965169296
2014-04-01,5.272975105818212
2014-05-01,4.813648177792196
2014-06-01,4.751900490536154
2014-07-01,4.341308608031813
2014-08-01,5.293745774254255
2014-09-01,4.912887397450039
2014-10-01,4.98396933390699
2014-11-01,4.981566362307643
2014-12-01,3.687935739563941
2015-01-01,4.039498397564389
2015-02-01,2.4881459725101696
2015-03-01,2.941385941172281
2015-04-01,2.1074102447208976
2015-05-01,2.7244383030735175
2015-06-01,2.483706017949716
2015-07-01,3.2547730675879905
2015-08-01,2.439618062075355
2015-09-01,2.232972019275259
2015-10-01,1.6010539403523483
2015-11-01,1.6739280511090637
2015-12-01,2.8004463974332205
2016-01-01,2.5843908955453854
2016-02-01,3.7702672644899904
2016-03-01,1.8896729855633954
2016-04-01,2.236751865302389
2016-05-01,1.7299813184855628
2016-06-01,2.851903781073162
2016-07-01,1.749500013574301
2016-08-01,1.8148779256986325
2016-09-01,3.0502847917779796
2016-10-01,3.4392390467118394
2016-11-01,3.034769042812413
2016-12-01,3.946579819294138
2017-01-01,5.6860298871718395
2017-02-01,4.760970018591726
2017-03-01,4.928544591162787
2017-04-01,4.733326880263289
2017-05-01,3.8878325075599296
2017-06-01,3.2934656877002366
2017-07-01,3.426830759652688
2017-08-01,3.5755006967858938
2017-09-01,4.953112243772195
2017-10-01,4.854486572227978
2017-11-01,6.037992008410353
2017-12-01,5.215565539974554
2018-01-01,3.65380804259976
2018-02-01,4.288954123223965
2018-03-01,4.499243942371378
2018-04-01,4.082018656235231
2018-05-01,6.362491059060971
2018-06-01,5.422350996580261
2018-07-01,6.067843760278779
2018-08-01,5.9541640737323265
2018-09-01,3.3818415752494335
2018-10-01,4.333063694334438
2018-11-01,3.809420875742786
2018-12-01,1.303207768789183
2019-01-01,1.9948461106839233
2019-02-01,1.673815576707427
2019-03-01,3.130786236678107
2019-04-01,3.1712827205669702
2019-05-01,2.6724799980495817
2019-06-01,3.1017314075536095
2019-07-01,3.2443421121970406
2019-08-01,3.942222591274658
2019-09-01,3.6114319645994764
2019-10-01,2.8866137165504124
2019-11-01,3.042941149382017
2019-12-01,5.388076214894322
2020-01-01,5.018042376662879
2020-02-01,4.767553338424779
2020-03-01,-6.201187316608426
2020-04-01,-19.5056534209752
2020-05-01,-4.9667956846262795
2020-06-01,2.633478418212265
2020-07-01,3.4451077663632423
2020-08-01,3.4677001375623018
2020-09-01,6.229207678855664
2020-10-01,5.591483298166766
2020-11-01,3.8647699694354776
2020-12-01,4.483868031061089
2021-01-01,8.598668650820596
2021-02-01,5.741954245831726
2021-03-01,28.796155618907804
2021-04-01,51.49481421434912
2021-05-01,26.097123200959494
2021-06-01,17.863845332737306
2021-07-01,14.247596491427839
2021-08-01,14.010798107035715
2021-09-01,12.733699036104063
2021-10-01,14.745796329353489
2021-11-01,17.106516082081935
2021-12-01,15.259296061339732
2022-01-01,13.289122014664056
2022-02-01,17.49083728596652
2022-03-01,8.133635972033538
2022-04-01,8.577965915301998
2022-05-01,9.203601782727233
2022-06-01,9.199278744374384
2022-07-01,9.590474640124658
2022-08-01,9.510768575152095
2022-09-01,8.343863340987046
2022-10-01,7.73903182136868
2022-11-01,4.861177673408101
2022-12-01,4.2736926080928495
2023-01-01,6.3909039298555514
2023-02-01,3.726036375552999
2023-03-01,0.37890337121344597
2023-04-01,-0.384878187414206
2023-05-01,0.14788492798547548
2023-06-01,-0.5251622793360333
2023-07-01,0.5518757104963967
2023-08-01,0.6987944174878136
2023-09-01,1.5163249993949135
2023-10-01,0.13359843100562152
2023-11-01,1.5248091893785842
2023-12-01,2.8779663892766427
2024-01-01,-2.0816843203694924
2024-02-01,-0.010681639014764599
2024-03-01,1.4015196612663372
2024-04-01,0.8947405161450872
2024-05-01,0.8086933020083009
2024-06-01,0.2353734371143501
2024-07-01,1.5482573625508866
2024-08-01,0.45474153425839603
2024-09-01,0.7314899805690889
2024-10-01,2.0953407755141873
2024-11-01,2.8945753347368486
2024-12-01,3.7229951286653185
2025-01-01,4.0048319563065204
2025-02-01,2.8814918577655613
2025-03-01,4.579364410351516
2025-04-01,4.603388994341651
2025-05-01,2.670375146594295
2025-06-01,3.8800972914539766
2025-07-01,3.654354854511599
2025-08-01,4.406054858737862
2025-09-01,3.7644691977130273
2025-10-01,2.7840682420857465
2025-11-01,2.8793555283655348
2025-12-01,2.0916631251499673
2026-01-01,2.1544032672641933
2026-02-01,3.5372902078470547
2026-03-01,3.5912198632601644
2026-04-01,4.091800582057448
2026-05-01,6.699898466493948
2026-06-01,5.92802540313897
2026-07-01,4.476427794008142
2026-08-01,5.361901579222472
