Date,rs_growth
2016-07-11,100.0
2016-07-12,99.7801434508708
2016-07-13,99.55239025554809
2016-07-14,99.67606957158158
2016-07-15,99.64959445418086
2016-07-18,100.04033748585313
2016-07-19,99.77730531578854
2016-07-20,100.52448956065638
2016-07-21,100.6743292290292
2016-07-22,100.64106390490292
2016-07-25,100.92404501006189
2016-07-26,100.99281892957983
2016-07-27,101.80199641835502
2016-07-28,102.03956252833186
2016-07-29,102.09658903657852
2016-08-01,102.72221891724689
2016-08-02,102.59930222282696
2016-08-03,102.63842552139353
2016-08-04,102.82271246333671
2016-08-05,102.9672362043736
2016-08-08,102.91390744807387
2016-08-09,103.09064718847128
2016-08-10,103.08128982776472
2016-08-11,103.04504033734108
2016-08-12,103.20513798925701
2016-08-15,103.34737872506106
2016-08-16,103.30949021558109
2016-08-17,103.30050973618145
2016-08-18,103.0956075038574
2016-08-19,103.22016309831675
2016-08-22,103.30412635384802
2016-08-23,103.28101747363701
2016-08-24,103.1408805084989
2016-08-25,103.04405611054108
2016-08-26,103.38898276534978
2016-08-29,103.02328636744065
2016-08-30,102.85813442361649
2016-08-31,103.04530761109258
2016-09-01,103.30601567604516
2016-09-02,103.17717731243263
2016-09-06,103.50740178253568
2016-09-07,103.57837212201886
2016-09-08,103.20793284700596
2016-09-09,103.0779181056062
2016-09-12,103.4428510581566
2016-09-13,104.01330590647366
2016-09-14,104.54869035658297
2016-09-15,105.12282188295484
2016-09-16,105.4803621466979
2016-09-19,105.00201886991147
2016-09-20,105.19491066316633
2016-09-21,105.04755951973222
2016-09-22,105.22026217013156
2016-09-23,105.12480858863617
2016-09-26,105.09679322942188
2016-09-27,105.480943479901
2016-09-28,105.13709856724924
2016-09-29,105.3283055918399
2016-09-30,105.32015649571147
2016-10-03,105.42272743857113
2016-10-04,105.80206417349542
2016-10-05,105.70966923788339
2016-10-06,105.58282029564327
2016-10-07,105.71415494730627
2016-10-10,105.83218573339681
2016-10-11,105.65750417109747
2016-10-12,105.42929524883601
2016-10-13,105.39739225960942
2016-10-14,105.46903947727695
2016-10-17,105.5474202494606
2016-10-18,105.82436044559864
2016-10-19,105.53390620150245
2016-10-20,105.6056725777067
2016-10-21,105.9508757202766
2016-10-24,106.77020100099546
2016-10-25,106.78865676043895
2016-10-26,106.27632600632784
2016-10-27,106.07440646369338
2016-10-28,105.72073860103635
2016-10-31,105.61649019833229
2016-11-01,105.58704502648052
2016-11-02,105.37553857491015
2016-11-03,104.82149962718783
2016-11-04,104.56908449151963
2016-11-07,104.74298381276145
2016-11-08,104.95448551171751
2016-11-09,104.3322967996668
2016-11-10,102.39184456464632
2016-11-11,102.67274575820721
2016-11-14,101.55563512488636
2016-11-15,102.16708242162433
2016-11-16,102.96706544018865
2016-11-17,103.1852026853706
2016-11-18,103.03022745024823
2016-11-21,103.32138355681447
2016-11-22,103.43314771704624
2016-11-23,102.95956619546345
2016-11-25,102.90759123403006
2016-11-28,103.15805659712996
2016-11-29,103.3134178713252
2016-11-30,102.30804068712078
2016-12-01,100.91137032365147
2016-12-02,101.06175120980303
2016-12-05,101.23955829809135
2016-12-06,101.16226753320736
2016-12-07,101.12050215987567
2016-12-08,101.05246188554354
2016-12-09,101.23356499626152
2016-12-12,100.89189557173661
2016-12-13,101.48678081126323
2016-12-14,102.11906810435009
2016-12-15,101.86110493214673
2016-12-16,101.68239948400786
2016-12-19,101.87712992225487
2016-12-20,101.87441221946234
2016-12-21,102.08239528280299
2016-12-22,101.970395028861
2016-12-23,101.88909189210133
2016-12-27,102.16119867425415
2016-12-28,102.21109282804761
2016-12-29,102.08888284332079
2016-12-30,101.41060435224833
2017-01-03,101.54114520544668
2017-01-04,101.48946120227997
2017-01-05,102.14480566049593
2017-01-06,102.67320770952256
2017-01-09,103.35122660819209
2017-01-10,103.57933891712977
2017-01-11,103.56548168563766
2017-01-12,103.66555145276462
2017-01-13,103.78205852687871
2017-01-17,103.83616013513017
2017-01-18,103.81812796779386
2017-01-19,104.15333813306584
2017-01-20,103.99990299345293
2017-01-23,104.3558489171234
2017-01-24,104.3887000786887
2017-01-25,104.53470598477355
2017-01-26,104.7525698104288
2017-01-27,105.11780426422878
2017-01-30,104.94973483039863
2017-01-31,104.74877746068682
2017-02-01,105.43025054772397
2017-02-02,105.26840220570615
2017-02-03,104.84809144843771
2017-02-06,105.16123318300978
2017-02-07,105.54103889459144
2017-02-08,105.57822086707407
2017-02-09,105.33717874099717
2017-02-10,105.27022176533407
2017-02-13,105.2922266074666
2017-02-14,105.225240861069
2017-02-15,105.29772485970064
2017-02-16,105.3548854515354
2017-02-17,105.64476619586638
2017-02-21,105.53717592170156
2017-02-22,105.67148441828658
2017-02-23,105.20347111812502
2017-02-24,105.27217522923893
2017-02-27,105.2370009021686
2017-02-28,105.19820981729325
2017-03-01,104.87907193231378
2017-03-02,105.01374235356427
2017-03-03,105.14029245725105
2017-03-06,105.2208947142731
2017-03-07,105.35847536457324
2017-03-08,105.7405057444868
2017-03-09,105.68732791674027
2017-03-10,105.76096917068921
2017-03-13,105.8846305316078
2017-03-14,106.03293386156673
2017-03-15,105.77185057730343
2017-03-16,105.90805572203512
2017-03-17,106.05730494737801
2017-03-20,106.27054716473691
2017-03-21,106.01931279680224
2017-03-22,106.48743462977241
2017-03-23,106.33202832960048
2017-03-24,106.62970232663463
2017-03-27,106.91087162940094
2017-03-28,106.78746344317271
2017-03-29,107.18210906488706
2017-03-30,107.019629518248
2017-03-31,107.19641612524701
2017-04-03,107.31827539336855
2017-04-04,107.42013751200324
2017-04-05,107.30140462544551
2017-04-06,107.05733870349643
2017-04-07,107.10976855782503
2017-04-10,107.08659112482646
2017-04-11,106.75125475366623
2017-04-12,106.78878644778418
2017-04-13,107.06000077633662
2017-04-17,106.9986511484077
2017-04-18,107.15569363843525
2017-04-19,107.52478835796518
2017-04-20,107.54896191322855
2017-04-21,107.86837290749078
2017-04-24,107.98279717700541
2017-04-25,108.13431474335742
2017-04-26,108.05021241803763
2017-04-27,108.60773336453633
2017-04-28,109.03738028054968
2017-05-01,109.7310637375039
2017-05-02,109.87349372428974
2017-05-03,109.65493093027877
2017-05-04,109.56631523496708
2017-05-05,109.53484839089036
2017-05-08,109.79207907731012
2017-05-09,110.27560791830871
2017-05-10,110.14157674722031
2017-05-11,110.27936064788177
2017-05-12,110.71155737440537
2017-05-15,110.45289280799122
2017-05-16,111.0153135891132
2017-05-17,110.14709591100045
2017-05-18,110.66454895708429
2017-05-19,110.41405087256723
2017-05-22,110.78070132903011
2017-05-23,110.64746324419804
2017-05-24,110.8977286265798
2017-05-25,111.30984804967335
2017-05-26,111.53029081784334
2017-05-30,111.72209244649854
2017-05-31,111.71035947095784
2017-06-01,111.26042852755988
2017-06-02,112.15793408440773
2017-06-05,112.217137604315
2017-06-06,112.12963781423144
2017-06-07,112.36130475503315
2017-06-08,112.42344711191856
2017-06-09,109.77887532675257
2017-06-12,109.21312255702121
2017-06-13,109.56374755168092
2017-06-14,109.22607764336318
2017-06-15,108.9511545506261
2017-06-16,108.45472801000327
2017-06-19,109.35773647596854
2017-06-20,109.23805190687416
2017-06-21,110.3470339909523
2017-06-22,110.36563485715487
2017-06-23,110.65706047158135
2017-06-26,110.06751932023258
2017-06-27,108.94873964545494
2017-06-28,109.53905825901735
2017-06-29,108.59240109114828
2017-06-30,108.42975376618762
2017-07-03,107.10587505885331
2017-07-05,107.91020274295138
2017-07-06,107.92416742896964
2017-07-07,108.38525796959453
2017-07-10,108.97638934352175
2017-07-11,109.36410016681224
2017-07-12,109.83644514282642
2017-07-13,109.89378495202762
2017-07-14,110.24469820831804
2017-07-17,110.31247350551867
2017-07-18,110.9906668486061
2017-07-19,111.04088881350248
2017-07-20,111.13791269757812
2017-07-21,111.19063635712712
2017-07-24,111.72699959583375
2017-07-25,111.17126075856005
2017-07-26,111.52856258873236
2017-07-27,110.93112548478665
2017-07-28,110.96881916010999
2017-07-31,110.56089502948781
2017-08-01,110.56925810403347
2017-08-02,110.81582642961325
2017-08-03,110.59929085175091
2017-08-04,110.5982865964327
2017-08-07,111.09238130103225
2017-08-08,111.17385904477925
2017-08-09,111.03193637861169
2017-08-10,110.20702755343272
2017-08-11,110.87935150613046
2017-08-14,111.20489775293963
2017-08-15,111.29571611918581
2017-08-16,111.29476264326028
2017-08-17,110.74579827707132
2017-08-18,110.84068806576812
2017-08-21,110.61292379062857
2017-08-22,111.13672158274555
2017-08-23,111.1394175966425
2017-08-24,111.07117279856374
2017-08-25,110.57867801256589
2017-08-28,110.91681077972007
2017-08-29,111.22560439195493
2017-08-30,112.00198186469102
2017-08-31,112.5251998866688
2017-09-01,112.21259186797383
2017-09-05,112.01023688372487
2017-09-06,111.96859816198696
2017-09-07,112.24452257619373
2017-09-08,111.40315864943966
2017-09-11,111.49632561225047
2017-09-12,111.38838879596025
2017-09-13,111.48724527505497
2017-09-14,110.86787748350078
2017-09-15,111.09916214511841
2017-09-18,110.71806974439178
2017-09-19,110.79728026412819
2017-09-20,110.41564988872904
2017-09-21,110.0343649173098
2017-09-22,109.90565945680486
2017-09-25,108.97093819107822
2017-09-26,109.18748318923028
2017-09-27,109.743898097324
2017-09-28,109.57446224993464
2017-09-29,109.97701781901654
2017-10-02,109.59977465962687
2017-10-03,109.59860194424982
2017-10-04,109.57376944358326
2017-10-05,109.9950715360468
2017-10-06,110.26982741428739
2017-10-09,110.32501967944988
2017-10-10,110.11678736704269
2017-10-11,110.27184180648277
2017-10-12,110.23492148474996
2017-10-13,110.52557921879543
2017-10-16,110.7578956866529
2017-10-17,110.82110637546766
2017-10-18,110.57909855463619
2017-10-19,110.14035536701469
2017-10-20,109.87044759831774
2017-10-23,109.57990981596302
2017-10-24,109.57284674720927
2017-10-25,109.7012721639356
2017-10-26,109.21039164618324
2017-10-27,111.47953013321994
2017-10-30,112.14788921524288
2017-10-31,112.39448111782619
2017-11-01,112.20924076523953
2017-11-02,111.9517793951369
2017-11-03,112.65233455770374
2017-11-06,112.85981236674687
2017-11-07,113.00451354863952
2017-11-08,113.2671273394408
2017-11-09,113.08358737465869
2017-11-10,113.11124451768133
2017-11-13,113.14585164968972
2017-11-14,112.99652571169021
2017-11-15,113.03164056985497
2017-11-16,113.51113731357827
2017-11-17,113.41107587342371
2017-11-20,113.1296029624486
2017-11-21,113.6144123130724
2017-11-22,113.85399233297986
2017-11-24,114.00744385033113
2017-11-27,114.0132853857691
2017-11-28,113.15731969824645
2017-11-29,111.25223062815992
2017-11-30,111.21135408352059
2017-12-01,110.96856203460585
2017-12-04,109.82288418777016
2017-12-05,110.29152036090244
2017-12-06,110.7684264293218
2017-12-07,110.79437250244142
2017-12-08,110.67997751932795
2017-12-11,111.2034691114859
2017-12-12,110.85804437760416
2017-12-13,111.08411118618895
2017-12-14,111.46126356108597
2017-12-15,111.79586638919399
2017-12-18,112.0228632409475
2017-12-19,111.7884327580098
2017-12-20,111.72643487291836
2017-12-21,111.51091161771822
2017-12-22,111.41267075878099
2017-12-26,110.94360722674412
2017-12-27,110.90385438841959
2017-12-28,110.81041236062559
2017-12-29,110.54146319374793
2018-01-02,111.6795620821756
2018-01-03,112.05598248629994
2018-01-04,111.78090293171546
2018-01-05,112.156136160812
2018-01-08,112.38692766561516
2018-01-09,112.14002997363892
2018-01-10,112.04928595027373
2018-01-11,111.99904490651905
2018-01-12,112.09138263764937
2018-01-16,112.15451639015266
2018-01-17,112.2944534830888
2018-01-18,112.50387736703473
2018-01-19,112.34554717161834
2018-01-22,112.6319725249644
2018-01-23,113.32266317436405
2018-01-24,112.63100020519252
2018-01-25,112.54318264159858
2018-01-26,112.96012416122281
2018-01-29,113.16183142942509
2018-01-30,113.39360182332527
2018-01-31,113.80758244448894
2018-02-01,112.9683020892068
2018-02-02,113.17907554028952
2018-02-05,113.46206763666684
2018-02-06,114.21830411045637
2018-02-07,113.35547089417469
2018-02-08,112.80364554468507
2018-02-09,113.05347582581773
2018-02-12,113.39446759044904
2018-02-13,113.69688999975365
2018-02-14,114.28334816241816
2018-02-15,114.93830327351104
2018-02-16,114.39150175993376
2018-02-20,115.34252076744968
2018-02-21,115.5895178047193
2018-02-22,115.42589308912147
2018-02-23,115.93824566108732
2018-02-26,116.12710969689229
2018-02-27,116.13935116774672
2018-02-28,116.57495338553797
2018-03-01,116.36364913185847
2018-03-02,116.82971136438691
2018-03-05,116.77507097889577
2018-03-06,116.97255579991979
2018-03-07,117.28620919712236
2018-03-08,117.3639541993788
2018-03-09,117.59754484866814
2018-03-12,118.37091060787115
2018-03-13,117.51889115999414
2018-03-14,118.10440903063515
2018-03-15,118.12997132274576
2018-03-16,117.6511937459553
2018-03-19,116.72019417947533
2018-03-20,116.90557369490149
2018-03-21,116.62030979587767
2018-03-22,116.65796638601226
2018-03-23,116.05755847262746
2018-03-26,117.16463689464372
2018-03-27,115.33519680580319
2018-03-28,114.34632213141589
2018-03-29,114.97145223232275
2018-04-02,114.11752147034377
2018-04-03,113.94134404890544
2018-04-04,114.51304380554912
2018-04-05,114.26361805600449
2018-04-06,113.94370095336545
2018-04-09,114.18116940691053
2018-04-10,114.8738010996053
2018-04-11,114.81299653166485
2018-04-12,115.24737315687894
2018-04-13,114.98781325134576
2018-04-16,114.91950066552883
2018-04-17,116.15054224651624
2018-04-18,116.30218313387036
2018-04-19,115.87594243791631
2018-04-20,115.01726526519165
2018-04-23,114.74390659614282
2018-04-24,113.8460006470812
2018-04-25,113.70142686516016
2018-04-26,114.92683101823225
2018-04-27,114.88994538372341
2018-04-30,114.9589365482323
2018-05-01,116.06697450726733
2018-05-02,116.16279795686724
2018-05-03,116.40494813805063
2018-05-04,117.09759267538091
2018-05-07,117.6725534389129
2018-05-08,117.55221310216548
2018-05-09,117.69579578009359
2018-05-10,117.8140251459016
2018-05-11,117.34488713340534
2018-05-14,117.48966228743834
2018-05-15,116.9942248451902
2018-05-16,117.27462617336502
2018-05-17,116.92233885678142
2018-05-18,116.6095209414651
2018-05-21,116.38901377039178
2018-05-22,116.56103835880774
2018-05-23,117.22269880951983
2018-05-24,117.4286574193524
2018-05-25,117.8271610800549
2018-05-29,118.67131603226184
2018-05-30,117.94715765430743
2018-05-31,118.59745515816975
2018-06-01,119.2882278719919
2018-06-04,119.7963115934759
2018-06-05,120.08002509228189
2018-06-06,119.77917632718757
2018-06-07,118.81804635205184
2018-06-08,118.47457664407104
2018-06-11,118.6360563719681
2018-06-12,119.10611200837606
2018-06-13,119.48061273468772
2018-06-14,120.38711132202826
2018-06-15,120.12010730702474
2018-06-18,120.29815555423437
2018-06-19,120.41888184054402
2018-06-20,121.06762543684266
2018-06-21,120.77282061070547
2018-06-22,120.28543527906103
2018-06-25,119.1980510208338
2018-06-26,119.42054767111121
2018-06-27,118.78051100571987
2018-06-28,119.12117674830466
2018-06-29,119.26955875206656
2018-07-02,119.8124454006488
2018-07-03,118.8453864111994
2018-07-05,119.34692161928825
2018-07-06,120.18688613836235
2018-07-09,120.18609837542967
2018-07-10,119.84298771801409
2018-07-11,120.11337374249258
2018-07-12,121.08532625201289
2018-07-13,121.09120181643695
2018-07-16,120.90936786716718
2018-07-17,121.15481326338411
2018-07-18,120.67242945089716
2018-07-19,120.52336109296127
2018-07-20,120.6342804579418
2018-07-23,120.79391712553232
2018-07-24,120.68442389837053
2018-07-25,121.33713475329881
2018-07-26,119.78123795922558
2018-07-27,118.97083275925505
2018-07-30,117.905515700325
2018-07-31,118.224987194406
2018-08-01,118.87245329029858
2018-08-02,119.83710070602065
2018-08-03,119.69140850459006
2018-08-06,119.95597075864195
2018-08-07,119.99678909277812
2018-08-08,120.19248790997956
2018-08-09,120.28421669493822
2018-08-10,120.17022830403334
2018-08-13,120.4881759628139
2018-08-14,120.47448681679789
2018-08-15,119.89582620227299
2018-08-16,119.32502926276467
2018-08-17,118.93285891433646
2018-08-20,118.57331713442223
2018-08-21,118.73042265443789
2018-08-22,119.26199000811219
2018-08-23,119.24902355187272
2018-08-24,119.63707298941955
2018-08-27,119.90987749102378
2018-08-28,120.02740489600441
2018-08-29,120.76250215778501
2018-08-30,121.03912275708004
2018-08-31,121.19080570849066
2018-09-04,120.87950845624569
2018-09-05,119.64052991608862
2018-09-06,118.92894558670515
2018-09-07,118.70178457618282
2018-09-10,118.8948658233961
2018-09-11,119.41708190404457
2018-09-12,119.03604932113419
2018-09-13,119.59998355562318
2018-09-14,119.22949866998643
2018-09-17,118.13773436416892
2018-09-18,118.47215251850322
2018-09-19,118.25537324696079
2018-09-20,118.60170817147242
2018-09-21,118.06114086783663
2018-09-24,118.78401195039304
2018-09-25,119.05601240945383
2018-09-26,119.49757951648003
2018-09-27,120.17350806419181
2018-09-28,120.1351681434645
2018-10-01,119.96412605428783
2018-10-02,119.76325505064
2018-10-03,119.82645863258168
2018-10-04,118.45173503494601
2018-10-05,117.66198341241304
2018-10-08,116.94353964467548
2018-10-09,117.49385172491664
2018-10-10,115.99943766671312
2018-10-11,117.14086930362267
2018-10-12,118.75163498496215
2018-10-15,117.97694149028317
2018-10-16,118.8112680794743
2018-10-17,118.83699911724159
2018-10-18,117.78304080763525
2018-10-19,117.73807521948126
2018-10-22,118.87731894170825
2018-10-23,119.04586073068482
2018-10-24,117.14690294030252
2018-10-25,119.06355609080417
2018-10-26,118.07768272097175
2018-10-29,116.29185880347475
2018-10-30,116.48224175536197
2018-10-31,117.96026740090748
2018-11-01,118.25773133830278
2018-11-02,117.1094255904126
2018-11-05,116.1780678267811
2018-11-06,116.3221462174557
2018-11-07,117.45626417052779
2018-11-08,116.9192182950389
2018-11-09,116.08278995132402
2018-11-12,114.71371968343766
2018-11-13,115.0255196008651
2018-11-14,114.93370287288671
2018-11-15,115.73649654120179
2018-11-16,115.03111196699865
2018-11-19,113.21004083980878
2018-11-20,113.2805737817958
2018-11-21,113.75417307825238
2018-11-23,113.69065209613996
2018-11-26,114.47046221841768
2018-11-27,114.47182624923258
2018-11-28,115.4965742003071
2018-11-29,115.37212163604266
2018-11-30,115.5051529731846
2018-12-03,115.987917842799
2018-12-04,115.2742214916767
2018-12-06,116.26440368116306
2018-12-07,115.10034814920328
2018-12-10,116.0854329237341
2018-12-11,116.44341007475131
2018-12-12,116.87976901762285
2018-12-13,116.95482864653759
2018-12-14,116.2537159922641
2018-12-17,115.89305531748354
2018-12-18,116.74989209964627
2018-12-19,115.61448488513206
2018-12-20,115.82393663828685
2018-12-21,114.58190562559906
2018-12-24,114.77314036201311
2018-12-26,116.07484300897808
2018-12-27,115.63625361584981
2018-12-28,115.72505534423638
2018-12-31,115.6876961228675
2019-01-02,116.03194996441172
2019-01-03,114.98500517911982
2019-01-04,116.01847311675387
2019-01-07,116.48133068237723
2019-01-08,116.44094551611617
2019-01-09,116.84380165542532
2019-01-10,116.76614547794959
2019-01-11,116.29406645525077
2019-01-14,115.97391515452071
2019-01-15,116.89873515120878
2019-01-16,116.59495269333043
2019-01-17,116.62944110936186
2019-01-18,116.23692284506393
2019-01-22,115.46880265254458
2019-01-23,115.37707407056834
2019-01-24,116.06253212463385
2019-01-25,116.46384465596915
2019-01-28,115.9061422850542
2019-01-29,114.96439501617628
2019-01-30,116.05162142828318
2019-01-31,116.76331622041842
2019-02-01,116.2143455877117
2019-02-04,116.83592276592884
2019-02-05,117.37765236913734
2019-02-06,117.18214448513041
2019-02-07,116.72112214477043
2019-02-08,116.80741877999479
2019-02-11,116.63182114158444
2019-02-12,116.85371411530593
2019-02-13,116.55727282877454
2019-02-14,116.9598986029752
2019-02-15,116.18557692672702
2019-02-19,116.21420685394968
2019-02-20,115.9602585126866
2019-02-21,115.94841600949246
2019-02-22,116.08675366251279
2019-02-25,116.35143539223243
2019-02-26,116.55547367158567
2019-02-27,116.53169232077695
2019-02-28,116.48015607171574
2019-03-01,116.55942297721924
2019-03-04,117.00509008067388
2019-03-05,117.25175826492631
2019-03-06,117.29718595249852
2019-03-07,116.83508220107362
2019-03-08,116.8916342607314
2019-03-11,117.61714026690437
2019-03-12,117.81911907853299
2019-03-13,117.92368626528909
2019-03-14,117.79923067460618
2019-03-15,118.3079547379738
2019-03-18,118.16130741996507
2019-03-19,118.52921570995439
2019-03-20,119.35849411362518
2019-03-21,119.87038599368694
2019-03-22,119.53820258584291
2019-03-25,119.40038540873647
2019-03-26,119.068880940344
2019-03-27,118.92602816640472
2019-03-28,118.74998540029247
2019-03-29,118.89937190626809
2019-04-01,119.06244717974697
2019-04-02,119.45524139809791
2019-04-03,119.95285743040796
2019-04-04,119.58986517375764
2019-04-05,119.6292965709671
2019-04-08,119.84242702651173
2019-04-09,120.0367254085472
2019-04-10,120.27067688708517
2019-04-11,120.01868369359201
2019-04-12,119.72755145767675
2019-04-15,119.82537994729444
2019-04-16,120.15921835293409
2019-04-17,120.87373702575034
2019-04-18,120.79097015955548
2019-04-22,121.02822566276123
2019-04-23,121.47524058236523
2019-04-24,121.361594540271
2019-04-25,121.92928589714047
2019-04-26,121.47245110821669
2019-04-29,121.51765467229329
2019-04-30,120.51462853911994
2019-05-01,121.03652464818649
2019-05-02,120.7719577623934
2019-05-03,121.50877911632536
2019-05-06,121.26388953482268
2019-05-07,120.92103612487894
2019-05-08,120.78361806908762
2019-05-09,120.49809869828982
2019-05-10,120.0450510891848
2019-05-13,118.86628827169308
2019-05-14,119.0938417060392
2019-05-15,120.07264902463066
2019-05-16,120.16645153874701
2019-05-17,119.71227626796647
2019-05-20,118.47474204124755
2019-05-21,118.64285253438156
2019-05-22,118.47824183760271
2019-05-23,118.10839169105405
2019-05-24,117.78154512302802
2019-05-28,118.44018430181373
2019-05-29,118.2595233365663
2019-05-30,118.43318517893657
2019-05-31,118.13578956228226
2019-06-03,115.82921463151605
2019-06-04,116.56038688663608
2019-06-05,116.41833049341366
2019-06-06,116.58513737035928
2019-06-07,117.65926614802527
2019-06-10,118.48681974236337
2019-06-11,118.67728381260181
2019-06-12,118.19999255057738
2019-06-13,118.41153463167038
2019-06-14,118.03834523259226
2019-06-17,118.7041202622692
2019-06-18,119.1811622011464
2019-06-19,119.3592898719656
2019-06-20,119.32914390037577
2019-06-21,119.3257031931235
2019-06-24,119.47577275986285
2019-06-25,118.58793583572233
2019-06-26,119.2583743592909
2019-06-27,119.29107433321342
2019-06-28,118.83309083896026
2019-07-01,119.35318756840361
2019-07-02,119.51487422309579
2019-07-03,119.45925306800362
2019-07-05,119.35173486761047
2019-07-08,119.16938476174633
2019-07-09,119.61705641329662
2019-07-10,120.23455846256859
2019-07-11,119.86617060030649
2019-07-12,120.02033652414785
2019-07-15,120.36482130128825
2019-07-16,120.13234948824723
2019-07-17,120.36048423400733
2019-07-18,120.05870414497282
2019-07-19,119.8446832713242
2019-07-22,120.50238419159145
2019-07-23,120.42990181046038
2019-07-24,120.70787628449612
2019-07-25,120.13746499144662
2019-07-26,120.56645254262459
2019-07-29,120.37203013970668
2019-07-30,120.14744988585386
2019-07-31,119.79639068896368
2019-08-01,120.24797324374256
2019-08-02,119.37614927755864
2019-08-05,118.72849963404124
2019-08-06,118.72573642539672
2019-08-07,119.29664032079532
2019-08-08,119.54743765796454
2019-08-09,119.23561012610328
2019-08-12,119.3199136945284
2019-08-13,120.0674913056884
2019-08-14,120.02823571367642
2019-08-15,119.57450654565382
2019-08-16,119.72711792358277
2019-08-19,120.18336463750772
2019-08-20,120.17305670115317
2019-08-21,120.2615799916318
2019-08-22,119.90958656129452
2019-08-23,119.17634573476208
2019-08-26,119.65323099677647
2019-08-27,119.87100846688156
2019-08-28,119.4588066405611
2019-08-29,119.75571322215546
2019-08-30,119.52199776741563
2019-09-03,119.05782945367098
2019-09-04,119.42102806846728
2019-09-05,120.0652430175602
2019-09-06,119.85370021078421
2019-09-09,119.54327249577237
2019-09-10,119.22740629097555
2019-09-11,119.49716328616728
2019-09-12,119.57972900385789
2019-09-13,119.23190461859812
2019-09-16,119.0670911719766
2019-09-17,119.33643562666619
2019-09-18,119.21551671705986
2019-09-19,119.42162947856487
2019-09-20,118.71919631844143
2019-09-23,118.79944982600186
2019-09-24,118.14879687749047
2019-09-25,118.77250432903448
2019-09-26,118.58219300866179
2019-09-27,117.7450030086548
2019-09-30,118.31693774593712
2019-10-01,118.76452766696397
2019-10-02,118.82138925571127
2019-10-03,119.14932289985138
2019-10-04,119.2896603073193
2019-10-07,119.44487604892787
2019-10-08,119.51083857467451
2019-10-09,119.5422323988574
2019-10-10,119.65874390886977
2019-10-11,119.9562617672533
2019-10-14,120.07743998661462
2019-10-15,120.41227444465706
2019-10-16,120.3068285319725
2019-10-17,120.2699783686602
2019-10-18,119.63783847977805
2019-10-21,119.88616023972105
2019-10-22,119.32126803230847
2019-10-23,119.20453558009916
2019-10-24,120.16785560946035
2019-10-25,120.6335189342967
2019-10-28,121.1407678233545
2019-10-29,120.23833410703169
2019-10-30,120.4515472884255
2019-10-31,120.8283872226211
2019-11-01,120.80669849125168
2019-11-04,121.06740517427804
2019-11-05,121.2681688111303
2019-11-06,120.96797434853028
2019-11-07,120.94836889999227
2019-11-08,121.13238948539124
2019-11-11,121.20134943358585
2019-11-12,121.29545159983739
2019-11-13,121.28629354901095
2019-11-14,121.01384783551656
2019-11-15,121.02718564048436
2019-11-18,121.03336965328238
2019-11-19,121.24713460772813
2019-11-20,120.96959250924438
2019-11-21,120.89485230325198
2019-11-22,120.70438543488476
2019-11-25,121.19442114232204
2019-11-26,121.15139295828882
2019-11-27,121.45670031146891
2019-11-29,121.35262247775032
2019-12-02,121.13918286717605
2019-12-03,121.00182329423212
2019-12-04,120.86881154566657
2019-12-05,120.8903310185953
2019-12-06,121.0777506173876
2019-12-09,120.90859838144068
2019-12-10,120.94276863900501
2019-12-11,121.23913650048172
2019-12-12,121.10035662713774
2019-12-13,121.42633448672693
2019-12-16,121.80856626552008
2019-12-17,121.85173673769727
2019-12-18,121.93717115234645
2019-12-19,122.19857360398352
2019-12-20,122.1556136233301
2019-12-23,122.29148489923239
2019-12-24,122.35118394495656
2019-12-26,122.77724790545888
2019-12-27,122.70425556911341
2019-12-30,122.57585332678298
2019-12-31,122.50928222552928
2020-01-02,123.40076251059912
2020-01-03,123.20343456638969
2020-01-06,123.52600098859811
2020-01-07,123.85705746990834
2020-01-08,124.12643880485415
2020-01-09,124.33520662571975
2020-01-10,124.37512848183275
2020-01-13,124.95065975782312
2020-01-14,124.64872450363448
2020-01-15,124.41853336797392
2020-01-16,124.57465875933451
2020-01-17,124.80269688164623
2020-01-21,124.9915671463066
2020-01-22,125.3067147237822
2020-01-23,125.56570212131149
2020-01-24,125.62618359801505
2020-01-27,125.03558516083184
2020-01-28,125.63956447554976
2020-01-29,125.94778789868582
2020-01-30,125.98748928285046
2020-01-31,126.28265409748374
2020-02-03,127.24542945535744
2020-02-04,128.2039584856358
2020-02-05,127.15821131342429
2020-02-06,127.82573877912611
2020-02-07,127.95791328061182
2020-02-10,128.54474972064855
2020-02-11,128.3444915747315
2020-02-12,128.765112994052
2020-02-13,128.73754368375646
2020-02-14,128.89972374911315
2020-02-18,129.28229147515196
2020-02-19,129.9004444844804
2020-02-20,129.2253948834753
2020-02-21,128.06185708087625
2020-02-24,127.34688824748316
2020-02-25,127.75537759822106
2020-02-26,128.88791024859546
2020-02-27,128.19121336020885
2020-02-28,128.832277299412
2020-03-02,129.8568320689201
2020-03-03,129.397627233409
2020-03-04,129.35907748214692
2020-03-05,129.7416853733864
2020-03-06,129.69670246920387
2020-03-09,130.91076990092415
2020-03-10,131.2475698359737
2020-03-11,131.96409697505638
2020-03-12,132.5457444968863
2020-03-13,132.4503925368092
2020-03-16,130.90901743238518
2020-03-17,133.62279137336742
2020-03-18,136.4682662943077
2020-03-19,136.99631084280185
2020-03-20,137.55726385559328
2020-03-23,141.26859597368446
2020-03-24,139.56317830232797
2020-03-25,136.4865347290692
2020-03-26,135.74764161295084
2020-03-27,135.10300989977827
2020-03-30,135.61307468572357
2020-03-31,136.48937284307905
2020-04-01,136.84882711994396
2020-04-02,136.4769911089095
2020-04-03,136.513135897138
2020-04-06,137.06688646933588
2020-04-07,136.87151085055947
2020-04-08,135.23787552418588
2020-04-09,133.4034057609113
2020-04-13,136.08714229645577
2020-04-14,137.93749416640247
2020-04-15,139.31559472924113
2020-04-16,141.17558099925765
2020-04-17,138.77701939368964
2020-04-20,139.59267750866906
2020-04-21,138.6516633146227
2020-04-22,139.66619162982894
2020-04-23,139.37829479882737
2020-04-24,139.63007602577272
2020-04-27,138.75260372566942
2020-04-28,136.7681512327656
2020-04-29,138.00535276000653
2020-04-30,139.24509252121135
2020-05-01,139.00024625702258
2020-05-04,140.23382735744653
2020-05-05,140.5253401785326
2020-05-06,142.3554964056412
2020-05-07,142.46936042568288
2020-05-08,142.0711759231792
2020-05-11,143.3117544512073
2020-05-12,143.16469231217084
2020-05-13,143.91825423589484
2020-05-14,143.83070204607236
2020-05-15,144.10199368477984
2020-05-18,142.4479721357016
2020-05-19,143.56552523611563
2020-05-20,143.98628177926523
2020-05-21,143.40823167389368
2020-05-22,143.63044027836904
2020-05-26,141.49937404220248
2020-05-27,140.1858269635602
2020-05-28,140.2619771618169
2020-05-29,141.68588626391934
2020-06-01,141.53880639264332
2020-06-02,141.31803786945264
2020-06-03,140.08943308882414
2020-06-04,139.4732722112617
2020-06-05,138.68423873997412
2020-06-08,138.09128156202362
2020-06-09,140.1366889261593
2020-06-10,142.61435071751086
2020-06-11,143.84015550737362
2020-06-12,143.26768121749964
2020-06-15,143.66956212142668
2020-06-16,143.37711297871
2020-06-17,144.43162780456862
2020-06-18,144.76711466399615
2020-06-19,145.57543729696036
2020-06-22,146.38223692481722
2020-06-23,146.9515634949054
2020-06-24,147.68943160576836
2020-06-25,147.51389977656154
2020-06-26,147.53455049703922
2020-06-29,146.98338738320527
2020-06-30,147.96902554369944
2020-07-01,148.65489341890998
2020-07-02,148.8440094477693
2020-07-06,150.1849177008774
2020-07-07,150.70455292821643
2020-07-08,151.53060169211489
2020-07-09,153.6819576890763
2020-07-10,153.16723981230157
2020-07-13,151.32686362728234
2020-07-14,150.44829677074313
2020-07-15,149.38217522524022
2020-07-16,148.85323578641982
2020-07-17,148.59481221429965
2020-07-20,151.58552436860765
2020-07-21,149.6874429563826
2020-07-22,149.3645384911355
2020-07-23,147.21973252237254
2020-07-24,146.76698029781105
2020-07-27,148.30427260069197
2020-07-28,147.351680931807
2020-07-29,147.23918915667818
2020-07-30,148.54009556552208
2020-07-31,150.005464432749
2020-08-03,150.98190751163105
2020-08-04,150.95926990126654
2020-08-05,150.3991837266534
2020-08-06,151.37938332027227
2020-08-07,149.52476255479024
2020-08-10,148.4421130314752
2020-08-11,146.8425376269375
2020-08-12,148.4659386935379
2020-08-13,149.0741226705973
2020-08-14,148.89456843642108
2020-08-17,150.1464236804031
2020-08-18,151.26482447799222
2020-08-19,150.8754643259799
2020-08-20,152.49347075268133
2020-08-21,153.00754992034499
2020-08-24,152.4183988793015
2020-08-25,153.08105201635257
2020-08-26,154.79585384964884
2020-08-27,153.97668404648954
2020-08-28,153.76639769204758
2020-08-31,155.5652091168576
2020-09-01,156.74771806243822
2020-09-02,155.97597415879986
2020-09-03,153.34528714342827
2020-09-04,152.54728180325955
2020-09-08,149.29439462140098
2020-09-09,150.7040621037566
2020-09-10,150.3094528348316
2020-09-11,149.1903231603033
2020-09-14,149.815298395778
2020-09-15,151.17490038524292
2020-09-16,149.35691606664443
2020-09-17,148.32818560727225
2020-09-18,148.14069900139233
2020-09-21,150.16720791608736
2020-09-22,151.4151665375017
2020-09-23,150.27681105862368
2020-09-24,150.57518458378544
2020-09-25,151.6245484395374
2020-09-28,152.2449652683056
2020-09-29,152.38839699278554
2020-09-30,152.27759737181617
2020-10-01,153.7077079565099
2020-10-02,150.8156219035546
2020-10-05,151.34815515366685
2020-10-06,150.79068345985016
2020-10-07,150.7747021439777
2020-10-08,150.2456413491983
2020-10-09,151.19131369455533
2020-10-12,153.39095624789877
2020-10-13,154.39341347151452
2020-10-14,154.07185877216776
2020-10-15,153.22724546148066
2020-10-16,152.47961261723526
2020-10-19,152.30587656111052
2020-10-20,152.02437704747646
2020-10-21,152.19482508152552
2020-10-22,151.3591978060829
2020-10-23,151.1442703475019
2020-10-26,151.68074165900896
2020-10-27,153.39391972490066
2020-10-28,152.63040781284295
2020-10-29,153.73681958249128
2020-10-30,151.41614540089995
2020-11-02,150.07128607320612
2020-11-03,150.01849509132984
2020-11-04,153.28923342774178
2020-11-05,154.27674442426542
2020-11-06,154.42726706543888
2020-11-09,149.39449683239175
2020-11-10,146.93371204124094
2020-11-11,149.11278584809375
2020-11-12,149.86681034861655
2020-11-13,149.11710148047013
2020-11-16,148.4278173576754
2020-11-17,148.7570928997847
2020-11-18,149.4563628541442
2020-11-19,149.99426125815316
2020-11-20,149.9953906235592
2020-11-23,149.1067881195267
2020-11-24,148.803960022719
2020-11-25,149.949775602504
2020-11-27,150.91118390014384
2020-11-30,151.89151130785092
2020-12-01,152.17377671733215
2020-12-02,152.04944634082588
2020-12-03,152.30616911548913
2020-12-04,151.62023679902902
2020-12-07,152.79276550245797
2020-12-08,152.86268184038894
2020-12-09,150.75377842837113
2020-12-10,151.4086707686024
2020-12-11,151.2507245585977
2020-12-14,153.03323823080783
2020-12-15,152.60593657106182
2020-12-16,153.20481159498337
2020-12-17,153.34887351483027
2020-12-18,153.49823681479418
2020-12-21,153.7608275826538
2020-12-22,154.43922468216044
2020-12-23,153.52355303018922
2020-12-24,153.6033984043786
2020-12-28,153.82998788361454
2020-12-29,154.26203747300374
2020-12-30,154.04718384276694
2020-12-31,153.64550940367664
2021-01-04,153.56670770432112
2021-01-05,153.7736316354328
2021-01-06,150.7423308680275
2021-01-07,152.12884763762088
2021-01-08,153.21190801652176
2021-01-11,152.0228025968289
2021-01-12,151.74902846628405
2021-01-13,152.3634691263261
2021-01-14,152.08126225980794
2021-01-15,151.9850031975434
2021-01-19,153.0010899491535
2021-01-20,154.42306163523745
2021-01-21,155.51654831980983
2021-01-22,155.6194269992907
2021-01-25,156.289413999706
2021-01-26,156.7627970253337
2021-01-27,156.2106324171604
2021-01-28,155.7950415466271
2021-01-29,155.63308795658867
2021-02-01,156.9101275101034
2021-02-02,157.24646682137964
2021-02-03,156.4995483961534
2021-02-04,156.57089662276883
2021-02-05,156.48593678418294
2021-02-08,156.40475764280424
2021-02-09,156.47625645968643
2021-02-10,156.18769612537216
2021-02-11,156.7934345730182
2021-02-12,156.89468273464556
2021-02-16,156.60596636761014
2021-02-17,155.81878825854815
2021-02-18,155.80061542601015
2021-02-19,155.39557179914524
2021-02-22,152.54103074500776
2021-02-23,151.90234093696372
2021-02-24,151.4853174240545
2021-02-25,149.81395065696026
2021-02-26,151.22054901504282
2021-03-01,152.08305240005814
2021-03-02,150.82066777680495
2021-03-03,148.40961250235023
2021-03-04,147.80976681941397
2021-03-05,147.32559735627612
2021-03-08,143.8704847592141
2021-03-09,147.43987575394294
2021-03-10,146.10952063362348
2021-03-11,147.97424499949167
2021-03-12,146.5764821772353
2021-03-15,147.26410311651904
2021-03-16,148.25947055309305
2021-03-17,148.3639665160141
2021-03-18,145.9429268114233
2021-03-19,146.728920841908
2021-03-22,148.2963761271326
2021-03-23,148.8207638198714
2021-03-24,147.0584835390631
2021-03-25,145.9825110075914
2021-03-26,145.82243724233436
2021-03-29,145.85454307362463
2021-03-30,145.506479732103
2021-03-31,147.13670515019473
2021-04-01,148.04609409766064
2021-04-05,148.86512290020795
2021-04-06,148.84961476811688
2021-04-07,149.037099061139
2021-04-08,149.88062337202632
2021-04-09,149.7003249923573
2021-04-12,149.45045746426558
2021-04-13,150.748287232225
2021-04-14,149.4484211787819
2021-04-15,150.1009366464995
2021-04-16,149.77609370700668
2021-04-19,149.13807111612795
2021-04-20,149.14299873813604
2021-04-21,149.00983702088448
2021-04-22,148.57056631464377
2021-04-23,148.8273094084705
2021-04-26,149.48427580765534
2021-04-27,148.8687698151881
2021-04-28,148.40811669625458
2021-04-29,147.99908336626103
2021-04-30,148.00144176653808
2021-05-03,146.89641952919956
2021-05-04,145.1483766399338
2021-05-05,144.61506196557485
2021-05-06,144.55077077798558
2021-05-07,144.67082870512894
2021-05-10,142.42761725312934
2021-05-11,143.51169721595704
2021-05-12,142.83166150766675
2021-05-13,142.2274254941059
2021-05-14,143.16896549912187
2021-05-17,142.66350225028657
2021-05-18,142.93179546204112
2021-05-19,143.4721154749496
2021-05-20,144.69077657054447
2021-05-21,144.0078236195073
2021-05-24,144.95225163997404
2021-05-25,145.47554927643137
2021-05-26,145.6932019537124
2021-05-27,145.07199830610494
2021-05-28,145.2697657279716
2021-06-01,144.914475347754
2021-06-02,144.96955161250264
2021-06-03,143.99549996837345
2021-06-04,145.11181770410462
2021-06-07,145.68559464291332
2021-06-08,145.723758279582
2021-06-09,145.97616924593902
2021-06-10,146.8148320626439
2021-06-11,146.9559701092829
2021-06-14,148.03272510707066
2021-06-15,147.33615927846625
2021-06-16,147.62228045756817
2021-06-17,149.54631311775796
2021-06-18,150.40177669138296
2021-06-21,149.20054646577822
2021-06-22,149.7905490743784
2021-06-23,150.04465425709768
2021-06-24,150.08447930079436
2021-06-25,149.36943926167436
2021-06-28,150.88189352796383
2021-06-29,151.346453178451
2021-06-30,150.9806551897659
2021-07-01,150.20861672382406
2021-07-02,150.78035598476282
2021-07-06,151.7083462942714
2021-07-07,151.493042627458
2021-07-08,151.81507968781312
2021-07-09,151.14946750200085
2021-07-12,151.19818433129822
2021-07-13,151.71538334664723
2021-07-14,151.76103910940896
2021-07-15,151.21157388462254
2021-07-16,151.17260089061006
2021-07-19,152.1813632310471
2021-07-20,151.77420416768547
2021-07-21,151.71765690783317
2021-07-22,152.40136696219446
2021-07-23,152.6109637251863
2021-07-26,152.35712781083953
2021-07-27,151.36833356473974
2021-07-28,152.01212247117354
2021-07-29,151.65333005104657
2021-07-30,151.59920201036869
2021-08-02,151.93043159121305
2021-08-03,151.6178330866091
2021-08-04,152.58748935552896
2021-08-05,152.58900924939036
2021-08-06,151.6696354309933
2021-08-09,152.07366598435323
2021-08-10,151.10618481636
2021-08-11,150.47275445775293
2021-08-12,150.5638840226691
2021-08-13,150.81789493267814
2021-08-16,150.52887730526055
2021-08-17,150.1875274556489
2021-08-18,150.38801600020284
2021-08-19,150.8810153768446
2021-08-20,151.24047966942493
2021-08-23,152.16392303588887
2021-08-24,152.3868391633412
2021-08-25,152.2424124438587
2021-08-26,152.17394777007152
2021-08-27,152.29151065920473
2021-08-30,153.326291559073
2021-08-31,153.42861246189358
2021-09-01,153.6013634709131
2021-09-02,153.05781492994873
2021-09-03,153.5658688605924
2021-09-07,154.3350444739382
2021-09-08,153.98538777253964
2021-09-09,154.11529503457942
2021-09-10,154.16117102763488
2021-09-13,153.66147228193233
2021-09-14,154.055941999767
2021-09-15,153.91572593549049
2021-09-16,154.26607628707035
2021-09-17,153.93880198174085
2021-09-20,153.31429245473313
2021-09-21,153.64813634025842
2021-09-22,153.58503898365123
2021-09-23,153.14150782895035
2021-09-24,153.03314889117723
2021-09-27,152.24718223033372
2021-09-28,150.98147142885242
2021-09-29,150.48060632605157
2021-09-30,151.78292954570588
2021-10-01,150.930617353091
2021-10-04,149.69305613022277
2021-10-05,150.1514521785284
2021-10-06,150.48816024366084
2021-10-07,150.5671235840802
2021-10-08,150.09005542611396
2021-10-11,150.025009935558
2021-10-12,149.87065516275052
2021-10-13,150.52930407162174
2021-10-14,150.76558234422876
2021-10-15,150.56877573143416
2021-10-18,151.63396393717886
2021-10-19,151.61180363935293
2021-10-20,150.82158237297165
2021-10-21,151.3478685072148
2021-10-22,150.2318440087776
2021-10-25,150.96032582938648
2021-10-26,151.29951015810988
2021-10-27,152.3255028824905
2021-10-28,152.54523746272835
2021-10-29,152.98521084401196
2021-11-01,153.2446166439388
2021-11-02,153.26567126472938
2021-11-03,153.95276825789702
2021-11-04,155.19486510887907
2021-11-05,154.80584362086736
2021-11-08,154.46426563910535
2021-11-09,153.9097711765745
2021-11-10,152.87763232637514
2021-11-11,153.25194902155613
2021-11-12,153.70458369767957
2021-11-15,153.61693525552624
2021-11-16,154.10091678849767
2021-11-17,154.55778328133638
2021-11-18,155.6306290020321
2021-11-19,156.77869734210148
2021-11-22,155.39612305086453
2021-11-23,154.48298654714768
2021-11-24,154.5677980735074
2021-11-26,155.0965383399781
2021-11-29,156.54226051277112
2021-11-30,157.30397680915482
2021-12-01,156.36456279185552
2021-12-02,155.11568056964165
2021-12-03,153.75630583919414
2021-12-06,153.17426934204184
2021-12-07,154.5892929069956
2021-12-08,154.8708621734588
2021-12-09,153.6293158460568
2021-12-10,153.85103638238633
2021-12-13,152.98352225192414
2021-12-14,152.44895752072637
2021-12-15,153.52557622307106
2021-12-16,150.90850392842336
2021-12-17,151.7708910850709
2021-12-20,151.91399645086867
2021-12-21,152.60384508037498
2021-12-22,152.93317162494395
2021-12-23,153.13338897957266
2021-12-27,153.4920178955261
2021-12-28,152.90557368186455
2021-12-29,152.68738426805672
2021-12-30,152.65309923671694
2021-12-31,152.08313772149492
2022-01-03,152.6633065768949
2022-01-04,150.73365259169807
2022-01-05,148.96340261834118
2022-01-06,148.99869639918575
2022-01-07,147.96957937100015
2022-01-10,148.25145883244417
2022-01-11,149.12026351515547
2022-01-12,149.30797951905743
2022-01-13,147.60666967135768
2022-01-14,148.46443797956292
2022-01-18,147.37856080924357
2022-01-19,147.28921065349252
2022-01-20,147.0031962257991
2022-01-21,145.78888994843697
2022-01-24,145.83699039746523
2022-01-25,144.21700072313186
2022-01-26,144.35350651804274
2022-01-27,143.60894942040855
2022-01-28,144.52446617113472
2022-01-31,146.5074029311169
2022-02-01,146.51417288829086
2022-02-02,146.28363097851363
2022-02-03,143.73112165285403
2022-02-04,144.86312977285664
2022-02-07,144.1604021981271
2022-02-08,144.59045262468612
2022-02-09,145.5245284097744
2022-02-10,144.83294290031452
2022-02-11,143.05953856651504
2022-02-14,143.7066101163392
2022-02-15,144.94227970919263
2022-02-16,144.74341755107332
2022-02-17,143.5036589594567
2022-02-18,142.7914547232111
2022-02-22,142.89078045057838
2022-02-23,141.74500056507097
2022-02-24,144.33615800082785
2022-02-25,143.41016684009927
2022-02-28,144.20629986776078
2022-03-01,144.19441077370305
2022-03-02,143.9655150512225
2022-03-03,142.6190170673234
2022-03-04,141.7034419787582
2022-03-07,140.62276298036622
2022-03-08,141.03838604868102
2022-03-09,142.30029492694845
2022-03-10,141.35848264613557
2022-03-11,140.20966321897384
2022-03-14,138.5293945615494
2022-03-15,139.80036516374875
2022-03-16,141.83992315831662
2022-03-17,141.7832619653897
2022-03-18,143.11765219476825
2022-03-21,142.76154560578357
2022-03-22,143.88354999828667
2022-03-23,143.66591382944551
2022-03-24,144.67822535267928
2022-03-25,143.85500711621063
2022-03-28,145.04902130261706
2022-03-29,145.7423343418267
2022-03-30,145.02806136922544
2022-03-31,145.46941366176114
2022-04-01,144.7822433014331
2022-04-04,146.50805932307085
2022-04-05,145.08761500495356
2022-04-06,143.37114283759303
2022-04-07,142.99154861513955
2022-04-08,141.37065792646862
2022-04-11,140.42638196931804
2022-04-12,140.3532248715618
2022-04-13,141.5845385422751
2022-04-14,140.09133909478862
2022-04-18,140.14135203583774
2022-04-19,140.99751993798435
2022-04-20,139.04423374350233
2022-04-21,138.23435871852035
2022-04-22,138.41248835473772
2022-04-25,139.38248564037954
2022-04-26,138.1215604970346
2022-04-27,137.5692578910415
2022-04-28,138.94547713970292
2022-04-29,137.78506509713915
2022-05-02,139.24731100286104
2022-05-03,138.75985640218133
2022-05-04,139.2122375774872
2022-05-05,137.0728813821171
2022-05-06,136.2438340945763
2022-05-09,135.24317775325844
2022-05-10,136.57068190105943
2022-05-11,134.65945085901598
2022-05-12,134.4814471433977
2022-05-13,136.2089070429942
2022-05-16,135.17847703539226
2022-05-17,135.8846175250242
2022-05-18,134.6415953628301
2022-05-19,134.74538390922254
2022-05-20,134.26801205103456
2022-05-23,133.99348549092986
2022-05-24,132.1533742100802
2022-05-25,132.82936500002734
2022-05-26,133.83541325287734
2022-05-27,134.89228067839753
2022-05-31,135.2935688628188
2022-06-01,135.38807768050947
2022-06-02,136.49638192217205
2022-06-03,135.16302548615639
2022-06-06,135.20163619237383
2022-06-07,135.0721874955211
2022-06-08,135.57412909773524
2022-06-09,135.15727667622875
2022-06-10,134.28381362096223
2022-06-13,133.09345748977591
2022-06-14,133.7380788945937
2022-06-15,135.15099934469387
2022-06-16,134.13758410364713
2022-06-17,135.47654974142728
2022-06-21,135.48390170910037
2022-06-22,135.53205293814221
2022-06-23,136.21529370247458
2022-06-24,136.5413423821684
2022-06-27,136.059936102505
2022-06-28,134.66625556957052
2022-06-29,134.89959653933008
2022-06-30,134.317655148611
2022-07-01,133.78918372874637
2022-07-05,135.82310824489448
2022-07-06,136.23392554164505
2022-07-07,137.0958784742855
2022-07-08,137.38084130740452
2022-07-11,135.99936302345645
2022-07-12,135.88434730809558
2022-07-13,136.32014180687938
2022-07-14,137.13998342116383
2022-07-15,137.01001163396157
2022-07-18,136.9816182495055
2022-07-19,137.47959247044895
2022-07-20,138.77517118184534
2022-07-21,139.3483159045239
2022-07-22,138.18684759056399
2022-07-25,137.23310518231455
2022-07-26,136.14735623065422
2022-07-27,138.30953979984156
2022-07-28,137.93192755302215
2022-07-29,138.42927816151698
2022-08-01,138.7567703673659
2022-08-02,139.26179976332728
2022-08-03,140.84868192074677
2022-08-04,141.6030366105242
2022-08-05,140.6840637007364
2022-08-08,140.3922850490418
2022-08-09,139.35663455842882
2022-08-10,140.29937415039103
2022-08-11,139.50298139247528
2022-08-12,139.85166482513284
2022-08-15,140.40327608719954
2022-08-16,139.80062553647844
2022-08-17,139.1940378826839
2022-08-18,139.12444516074729
2022-08-19,138.27000801102156
2022-08-22,137.4926716489494
2022-08-23,137.71210896287698
2022-08-24,137.6703943052954
2022-08-25,138.15426674385475
2022-08-26,137.13345736465604
2022-08-29,136.68568350087958
2022-08-30,136.66379195911819
2022-08-31,136.91105366895835
2022-09-01,136.5420962985962
2022-09-02,136.04749526100224
2022-09-06,135.5819528669338
2022-09-07,135.87981656538238
2022-09-08,135.6972962180268
2022-09-09,136.54273907698388
2022-09-12,136.69643755254327
2022-09-13,135.07381830344102
2022-09-14,135.6278865729628
2022-09-15,134.90071454949137
2022-09-16,135.10654715533985
2022-09-19,135.11089087420783
2022-09-20,135.5902906505841
2022-09-21,135.5265140114259
2022-09-22,134.99239719114254
2022-09-23,135.05732862607275
2022-09-26,135.84234399440643
2022-09-27,136.2445806767167
2022-09-28,136.2734213473881
2022-09-29,135.16853531768382
2022-09-30,134.96357113071087
2022-10-03,134.57680418151074
2022-10-04,134.63610863474312
2022-10-05,134.87862251766575
2022-10-06,135.21152486423478
2022-10-07,133.7913343910728
2022-10-10,133.47305788800364
2022-10-11,132.47836472277854
2022-10-12,132.8712585801583
2022-10-13,132.49081425991142
2022-10-14,131.50532542353997
2022-10-17,132.44440600053184
2022-10-18,131.94150482917868
2022-10-19,132.39858260811656
2022-10-20,132.83693768540573
2022-10-21,132.72628964260852
2022-10-24,132.56429026317352
2022-10-25,133.1798354363378
2022-10-26,131.22573800072595
2022-10-27,129.52830097769285
2022-10-28,130.3899084994864
2022-10-31,129.81143731444905
2022-11-01,129.0497197297336
2022-11-02,127.83439732989525
2022-11-03,126.64123685250391
2022-11-04,126.85244102311437
2022-11-07,127.03200025346743
2022-11-08,127.27101901728469
2022-11-09,126.94949209859443
2022-11-10,129.21596099510765
2022-11-11,130.3354698406968
2022-11-14,130.30329345894577
2022-11-15,130.9892806134518
2022-11-16,130.19454976274722
2022-11-17,130.3059709651875
2022-11-18,129.721562928692
2022-11-21,128.85559107072945
2022-11-22,128.975832125578
2022-11-23,129.4545921072091
2022-11-25,128.63168877761242
2022-11-28,128.79955135043744
2022-11-29,128.0445307268697
2022-11-30,129.7929690867078
2022-12-01,130.04796981145026
2022-12-02,129.67953100873575
2022-12-05,129.83873755009597
2022-12-06,129.00811101311757
2022-12-07,128.70033085454259
2022-12-08,129.21124711141397
2022-12-09,129.35361085918132
2022-12-12,129.11570527839675
2022-12-13,129.5231826490306
2022-12-14,129.39020422067807
2022-12-15,128.18128482113443
2022-12-16,128.47596808343178
2022-12-19,127.75368696494675
2022-12-20,127.47980266714718
2022-12-21,127.42370028519771
2022-12-22,126.10535063637246
2022-12-23,125.66606415260159
2022-12-27,124.37988566282141
2022-12-28,124.28228926212242
2022-12-29,125.06055334437019
2022-12-30,125.31558960016783
2023-01-03,124.99465206169558
2023-01-04,124.62797879643924
2023-01-05,124.09333890111675
2023-01-06,124.65978659720759
2023-01-09,125.53792421180765
2023-01-10,125.71890554884094
2023-01-11,126.2965001848008
2023-01-12,126.51841896174699
2023-01-13,126.89662393963972
2023-01-17,127.38743698571398
2023-01-18,127.74829831909862
2023-01-19,127.42082903424583
2023-01-20,128.51382981591198
2023-01-23,129.81132917516607
2023-01-24,129.68548389006327
2023-01-25,129.3491883103864
2023-01-26,130.43762130283991
2023-01-27,131.4340573923996
2023-01-30,130.4128882994902
2023-01-31,130.4492283440389
2023-02-01,131.8375139072611
2023-02-02,134.609677801153
2023-02-03,133.63777249680652
2023-02-06,133.3220933056539
2023-02-07,134.32753798944725
2023-02-08,133.39770292984107
2023-02-09,133.37501966427817
2023-02-10,132.1911730198261
2023-02-13,132.74998057439677
2023-02-14,133.79247518714902
2023-02-15,134.38108551462614
2023-02-16,133.70042504574408
2023-02-17,133.08955292508796
2023-02-21,132.5986845089192
2023-02-22,132.8810096859214
2023-02-23,133.3324053649296
2023-02-24,132.51540591999878
2023-02-27,133.01136970400694
2023-02-28,133.33218904904206
2023-03-01,132.7696201289029
2023-03-02,132.83530936259362
2023-03-03,133.44137503313004
2023-03-06,133.50030246050605
2023-03-07,133.91559342358195
2023-03-08,134.36508545658617
2023-03-09,134.5189299336447
2023-03-10,134.57161424083887
2023-03-13,135.7631709261234
2023-03-14,136.6245298274605
2023-03-15,138.2056606052376
2023-03-16,139.40301929466708
2023-03-17,140.38569523409822
2023-03-20,139.54207478682093
2023-03-21,139.7007760348837
2023-03-22,140.19086188117905
2023-03-23,141.47081304340836
2023-03-24,141.0657913845828
2023-03-27,139.83787970838546
2023-03-28,139.40801698543294
2023-03-29,139.91628253068836
2023-03-30,140.4184846076859
2023-03-31,140.76963851218906
2023-04-03,139.89441988319948
2023-04-04,140.20034792075035
2023-04-05,139.18070764175786
2023-04-06,139.57455557726888
2023-04-10,139.35254170041424
2023-04-11,138.42101003925785
2023-04-12,137.75976647120217
2023-04-13,138.61624269807677
2023-04-14,138.6944458309654
2023-04-17,138.3156400082704
2023-04-18,138.23417415180623
2023-04-19,138.19248512643404
2023-04-20,137.89130057877347
2023-04-21,137.92801863782935
2023-04-24,137.49708353923427
2023-04-25,137.07934597211516
2023-04-26,138.49733104781936
2023-04-27,139.486273177379
2023-04-28,139.259962101908
2023-05-01,139.24079158618304
2023-05-02,139.5953418303336
2023-05-03,139.64031197860106
2023-05-04,140.14000805465056
2023-05-05,140.51726040646767
2023-05-08,140.8278633071148
2023-05-09,140.55235023735483
2023-05-10,141.42102905239392
2023-05-11,142.12994761000027
2023-05-12,141.8059879029788
2023-05-15,142.0836483309439
2023-05-16,143.20147341907287
2023-05-17,143.19659354134672
2023-05-18,144.46455703242657
2023-05-19,144.34904766742082
2023-05-22,144.77497188245152
2023-05-23,144.5621986221347
2023-05-24,144.87020839473402
2023-05-25,147.1212235971048
2023-05-26,148.9512043049365
2023-05-30,149.5697510309628
2023-05-31,149.5485460881219
2023-06-01,149.85244088624782
2023-06-02,148.82410496545057
2023-06-05,149.2149512314016
2023-06-06,148.86556760346105
2023-06-07,146.84776159967745
2023-06-08,147.77677961884248
2023-06-09,148.07600542458172
2023-06-12,149.22432482847776
2023-06-13,149.38607071485183
2023-06-14,150.29277863488363
2023-06-15,150.2212184991311
2023-06-16,149.78610065530697
2023-06-20,150.35174269442462
2023-06-21,149.06655821282436
2023-06-22,150.2829142428601
2023-06-23,149.9265214383919
2023-06-26,148.52349264193518
2023-06-27,149.43888444964273
2023-06-28,149.6550503880091
2023-06-29,148.76902423456656
2023-06-30,149.30118220075258
2023-07-03,149.48083732643707
2023-07-05,149.6993954642264
2023-07-06,149.73183827255795
2023-07-07,149.6124225599035
2023-07-10,149.28360284470043
2023-07-11,149.07172014103713
2023-07-12,149.74969643388292
2023-07-13,151.09297951538895
2023-07-14,151.15527857376134
2023-07-17,152.0389423332534
2023-07-18,152.1521684101962
2023-07-19,151.7791139045414
2023-07-20,149.27065471964698
2023-07-21,148.8229463141218
2023-07-24,148.39776073941857
2023-07-25,148.99678128309887
2023-07-26,148.4782904166006
2023-07-27,149.11293795263148
2023-07-28,150.35700078472425
2023-07-31,150.14948773201812
2023-08-01,150.2311160569877
2023-08-02,149.0072173037301
2023-08-03,149.1959775652027
2023-08-04,149.17215101574595
2023-08-07,149.13346017942723
2023-08-08,148.51130997086685
2023-08-09,147.86698991242048
2023-08-10,148.08712516233103
2023-08-11,147.22883353204458
2023-08-14,148.06378257650002
2023-08-15,148.21915213308822
2023-08-16,147.7337490597214
2023-08-17,147.24201090592487
2023-08-18,146.98651517465146
2023-08-21,148.38920961198374
2023-08-22,148.5796134237634
2023-08-23,149.26005761627624
2023-08-24,148.1223979304843
2023-08-25,148.22556433582952
2023-08-28,148.4002347700967
2023-08-29,149.48059279880584
2023-08-30,149.69762418664683
2023-08-31,150.36649748130563
2023-09-01,149.92778542024266
2023-09-05,150.76995089106023
2023-09-06,150.45340867704212
2023-09-07,149.83746906891736
2023-09-08,149.8211938778712
2023-09-11,150.59612175229492
2023-09-12,149.7476952168238
2023-09-13,150.14302840303355
2023-09-14,150.0767655977543
2023-09-15,149.30586955728543
2023-09-18,149.37393736247196
2023-09-19,149.36532991228185
2023-09-20,148.57882765690073
2023-09-21,148.3074938441048
2023-09-22,148.66247719648084
2023-09-25,148.74308664159886
2023-09-26,148.6940631768077
2023-09-27,148.9830208137292
2023-09-28,149.36336801393958
2023-09-29,149.83546462000024
2023-10-02,151.14601136167053
2023-10-03,150.50815721668275
2023-10-04,151.4535487501563
2023-10-05,151.06420556311173
2023-10-06,151.7931529399442
2023-10-09,151.59674375649638
2023-10-10,151.64696998726262
2023-10-11,152.1059688373944
2023-10-12,152.50713319184115
2023-10-13,151.34395016953923
2023-10-16,151.4615023370619
2023-10-17,150.9723743768136
2023-10-18,151.00405023691684
2023-10-19,150.91714125764662
2023-10-20,150.51530985664766
2023-10-23,151.23164318451475
2023-10-24,151.5601362949654
2023-10-25,150.00346435190804
2023-10-26,148.92669876996777
2023-10-27,150.32309035891024
2023-10-30,150.22049328136694
2023-10-31,149.99688436114943
2023-11-01,150.990065575401
2023-11-02,150.84029385107235
2023-11-03,151.232712097844
2023-11-06,151.50117312748762
2023-11-07,152.49920566089173
2023-11-08,152.48569448180592
2023-11-09,152.5015729799045
2023-11-10,153.53428192022693
2023-11-13,153.20148561845815
2023-11-14,153.52097724457968
2023-11-15,153.3119531194902
2023-11-16,153.25569080224648
2023-11-17,153.1010033012267
2023-11-20,153.7812460937198
2023-11-21,153.22179766328188
2023-11-22,153.2572306600022
2023-11-24,152.94701452834627
2023-11-27,153.0892161349644
2023-11-28,153.33865045990328
2023-11-29,153.29712458005545
2023-11-30,152.3120019601064
2023-12-01,151.84846305107317
2023-12-04,151.23270005055426
2023-12-05,151.64229935667427
2023-12-06,151.37524108861427
2023-12-07,152.32797100810848
2023-12-08,152.3518520845733
2023-12-11,153.0579486986249
2023-12-12,153.5755227697819
2023-12-13,153.41301022826636
2023-12-14,152.78964252958716
2023-12-15,153.78144003755497
2023-12-18,153.88441407776622
2023-12-19,153.7358962737108
2023-12-20,153.5796133472049
2023-12-21,153.90723042088507
2023-12-22,153.82829936724494
2023-12-26,154.11922670638646
2023-12-27,154.15424389964917
2023-12-28,154.02115371091122
2023-12-29,153.7998164875665
2024-01-02,152.0481030905515
2024-01-03,151.6779302195956
2024-01-04,151.38493496106776
2024-01-05,151.35718493793152
2024-01-08,152.31106486184552
2024-01-09,152.8438140077898
2024-01-10,153.0143704600706
2024-01-11,153.40035210496126
2024-01-12,153.37280307475132
2024-01-16,153.9228621641991
2024-01-17,153.9102033228122
2024-01-18,154.71893371161812
2024-01-19,155.84437209154524
2024-01-22,155.71864953651266
2024-01-23,155.91014912358702
2024-01-24,156.60406855981228
2024-01-25,155.9471724025488
2024-01-26,155.2152994833142
2024-01-29,155.57275167740258
2024-01-30,154.65675020783138
2024-01-31,154.14283148158015
2024-02-01,153.94305635581662
2024-02-02,154.91400381777896
2024-02-05,155.2771632876429
2024-02-06,154.51686389598586
2024-02-07,154.8156552486227
2024-02-08,155.03387036217796
2024-02-09,155.66026795353113
2024-02-12,155.1193296849882
2024-02-13,154.83242274746016
2024-02-14,155.11008263848717
2024-02-15,154.50591090315038
2024-02-16,153.87117461956237
2024-02-20,153.55512810563005
2024-02-21,152.80222388030614
2024-02-22,154.08671695512155
2024-02-23,153.5270950897324
2024-02-26,154.01029156841324
2024-02-27,154.09448997734862
2024-02-28,153.47682865702754
2024-02-29,154.23755886709188
2024-03-01,155.10375118147581
2024-03-04,154.71623195877604
2024-03-05,153.47297714973888
2024-03-06,153.65872122038365
2024-03-07,154.45773603397953
2024-03-08,153.14740265102603
2024-03-11,152.7101239085437
2024-03-12,153.2506353265901
2024-03-13,152.31147287295275
2024-03-14,152.22839139665703
2024-03-15,151.45886895218905
2024-03-18,152.00005287960286
2024-03-19,151.53666109869513
2024-03-20,151.92812830059592
2024-03-21,152.14430521846413
2024-03-22,152.6076391544322
2024-03-25,152.4750579979669
2024-03-26,152.2626164985037
2024-03-27,151.50801220114283
2024-03-28,151.25759698064235
2024-04-01,151.84200530758696
2024-04-02,151.4947843480348
2024-04-03,151.66821691232687
2024-04-04,151.19461435224875
2024-04-05,151.39467577661304
2024-04-08,151.3546920228461
2024-04-09,151.73908238505686
2024-04-10,151.93599081795958
2024-04-11,153.20589738480928
2024-04-12,152.87366623752857
2024-04-15,152.26634477252142
2024-04-16,152.5586907638895
2024-04-17,151.59445116267537
2024-04-18,151.0401912942901
2024-04-19,149.2177355834791
2024-04-22,149.34304209867838
2024-04-23,149.79412858763718
2024-04-24,150.37294723665298
2024-04-25,150.21732538729918
2024-04-26,151.10390113886038
2024-04-29,151.18202473831883
2024-04-30,150.7188844168175
2024-05-01,150.11656667620562
2024-05-02,150.6236992907661
2024-05-03,151.76974481779405
2024-05-06,151.8639001363414
2024-05-07,151.72060313033143
2024-05-08,151.6164069756247
2024-05-09,151.07665531664333
2024-05-10,151.2380925864028
2024-05-13,151.56670271199184
2024-05-14,151.84495489047748
2024-05-15,152.33195772479615
2024-05-16,152.33596328293274
2024-05-17,152.04327194611645
2024-05-20,152.9272238217879
2024-05-21,152.85154119892783
2024-05-22,153.26266261785022
2024-05-23,153.6958021511981
2024-05-24,154.12944381783095
2024-05-28,154.60367491866486
2024-05-29,154.5965224309615
2024-05-30,153.96160042074894
2024-05-31,152.28815931021956
2024-06-03,152.98111391497767
2024-06-04,153.22845172613123
2024-06-05,154.4814213569098
2024-06-06,154.43104352351125
2024-06-07,154.4821670551796
2024-06-10,154.62838941100802
2024-06-11,155.3154998573262
2024-06-12,156.06804505827958
2024-06-13,156.59866124214764
2024-06-14,157.31429363207258
2024-06-17,157.98402093352564
2024-06-18,157.63237142282156
2024-06-20,156.84336852846133
2024-06-21,156.6331647529727
2024-06-24,155.354941593642
2024-06-25,156.52873816430062
2024-06-26,156.65647600628242
2024-06-27,156.8136433012007
2024-06-28,156.61593771689957
2024-07-01,157.2109764041832
2024-07-02,157.79964414495197
2024-07-03,158.40835941661473
2024-07-05,159.14235819647752
2024-07-08,159.33696913849934
2024-07-09,159.3198114870895
2024-07-10,159.40361545067947
2024-07-11,157.2638839162499
2024-07-12,157.19627616607494
2024-07-15,157.18650160927035
2024-07-16,156.31970126765358
2024-07-17,153.8886356553964
2024-07-18,154.34648631422405
2024-07-19,154.0010780718591
2024-07-22,154.70041276481123
2024-07-23,154.39733627332032
2024-07-24,152.31077640423035
2024-07-25,151.42009602593828
2024-07-26,151.27879792597395
2024-07-29,151.49362419794664
2024-07-30,150.17425067333173
2024-07-31,152.145440470021
2024-08-01,150.5927802570548
2024-08-02,149.80764088084894
2024-08-05,149.70078976480153
2024-08-06,149.7505859384514
2024-08-07,149.12554808720898
2024-08-08,150.21488784232895
2024-08-09,150.3364611712069
2024-08-12,150.5810549311939
2024-08-13,151.82059512180453
2024-08-14,151.3922495436229
2024-08-15,152.6012843271904
2024-08-16,152.45569105860594
2024-08-19,152.99547571739836
2024-08-20,152.9230515274202
2024-08-21,153.1101440463883
2024-08-22,151.87457282451837
2024-08-23,151.90766764021254
2024-08-26,150.7923653810049
2024-08-27,151.03545387572132
2024-08-28,150.1934745173737
2024-08-29,149.96023925360907
2024-08-30,150.3127575326597
2024-09-03,148.81148217491682
2024-09-04,148.7292352298998
2024-09-05,149.23104738953583
2024-09-06,147.71968949326256
2024-09-09,147.96270275430638
2024-09-10,148.6825382272516
2024-09-11,150.36860684938787
2024-09-12,150.5763065739276
2024-09-13,150.46503213352312
2024-09-16,149.5793726443742
2024-09-17,149.5972696587765
2024-09-18,149.39265117816683
2024-09-19,150.60002354260072
2024-09-20,150.57367137607176
2024-09-23,150.5964686168021
2024-09-24,150.89112963234265
2024-09-25,151.36489685307
2024-09-26,151.89987374605312
2024-09-27,151.2751601404893
2024-09-30,151.0799507150638
2024-10-01,150.3217265766432
2024-10-02,150.47059450194328
2024-10-03,150.63359444449864
2024-10-04,151.05314464460739
2024-10-07,150.79843899128534
2024-10-08,151.61661044133893
2024-10-09,151.75845555806094
2024-10-10,151.85184707535691
2024-10-11,151.18390300018373
2024-10-14,151.21587413600002
2024-10-15,150.36285343424407
2024-10-16,149.7304710243698
2024-10-17,149.82129728519106
2024-10-18,150.22549256219142
2024-10-21,150.76167568307878
2024-10-22,151.0062179391026
2024-10-23,150.06340598431743
2024-10-24,150.95377843115847
2024-10-25,151.92608528502586
2024-10-28,151.48234353073013
2024-10-29,152.690701189142
2024-10-30,151.99660884867453
2024-10-31,151.12224703603982
2024-11-01,151.6005446162568
2024-11-04,151.4851987427822
2024-11-05,151.58472925565206
2024-11-06,151.92456633570805
2024-11-07,153.1324477117825
2024-11-08,152.6502020923049
2024-11-11,152.41586226622837
2024-11-12,152.61405076826753
2024-11-13,152.3436739686411
2024-11-14,152.2640369394738
2024-11-15,150.5647190317103
2024-11-18,150.9921261203965
2024-11-19,151.47716602548175
2024-11-20,151.33868610809648
2024-11-21,151.07205640541065
2024-11-22,150.846859279128
2024-11-25,150.57466321011927
2024-11-26,150.5968180108781
2024-11-27,149.86518019698636
2024-11-29,150.24868143737504
2024-12-02,151.61282442163605
2024-12-03,152.00719901035157
2024-12-04,152.9367684427607
2024-12-05,152.7643981010896
2024-12-06,153.83993906602194
2024-12-09,153.43202045650057
2024-12-10,153.3860847203208
2024-12-11,154.93434953800087
2024-12-12,154.73167245412426
2024-12-13,155.94701093292915
2024-12-16,157.5201413706356
2024-12-17,157.47526832068448
2024-12-18,156.4570128533617
2024-12-19,155.80810000455426
2024-12-20,155.30337499288126
2024-12-23,155.88296043128327
2024-12-24,156.25987040863137
2024-12-26,156.14331746974412
2024-12-27,155.7067218821313
2024-12-30,155.40929984329475
2024-12-31,154.65177828729983
2025-01-02,154.729475796006
2025-01-03,155.31961760845675
2025-01-06,156.20487553644656
2025-01-07,155.17154609280072
2025-01-08,154.97223258396545
2025-01-10,154.90715984035108
2025-01-13,154.17026642328378
2025-01-14,153.8122729005908
2025-01-15,154.5398714189395
2025-01-16,153.7528368304309
2025-01-17,154.79380883430932
2025-01-21,154.28939413578223
2025-01-22,155.38858614455307
2025-01-23,154.87364970055083
2025-01-24,154.44931164789236
2025-01-27,152.10415111188232
2025-01-28,153.03730115952482
2025-01-29,153.4377243083854
2025-01-30,153.26912084728585
2025-01-31,153.86528835126882
2025-02-03,153.66797256290099
2025-02-04,154.51775639092656
2025-02-05,154.59211723913683
2025-02-06,154.86083649665144
2025-02-07,154.32009043678573
2025-02-10,155.1345915273097
2025-02-11,154.64768142458303
2025-02-12,155.23856968426918
2025-02-13,155.82667109342935
2025-02-14,156.4885816100495
2025-02-18,156.38422139381916
2025-02-19,156.06023085573008
2025-02-20,156.04702472451663
2025-02-21,155.46747263896222
2025-02-24,154.33458891732593
2025-02-25,153.1516826401724
2025-02-26,153.44420954967626
2025-02-27,151.60274669784084
2025-02-28,151.63050672598254
2025-03-03,150.9571983298296
2025-03-04,152.30445386495444
2025-03-05,152.6492320509516
2025-03-06,151.13273803775368
2025-03-07,151.39554635321144
2025-03-10,149.51028320974675
2025-03-11,150.4031784200386
2025-03-12,151.29700434759366
2025-03-13,150.58244962222582
2025-03-14,151.10095535062325
2025-03-17,150.91690900091942
2025-03-18,149.96504327992665
2025-03-19,150.33451374727753
2025-03-20,150.25945405362307
2025-03-21,150.70511376006726
2025-03-24,151.30261476564826
2025-03-25,151.80114037194429
2025-03-26,150.8083001682853
2025-03-27,150.34827155080666
2025-03-28,149.39854913693668
2025-03-31,148.39602918799696
2025-04-01,149.17093553075824
2025-04-02,149.3147295699349
2025-04-03,148.64680908619115
2025-04-04,148.08379856645138
2025-04-07,148.70602489341823
2025-04-08,148.35165733311123
2025-04-09,150.36699830613333
2025-04-10,150.5693393195129
2025-04-11,150.65517121382777
2025-04-14,150.21901422940326
2025-04-15,150.80884365464144
2025-04-16,149.58646431419083
2025-04-17,149.34643979239263
2025-04-21,149.20202360584915
2025-04-22,149.23609281526896
2025-04-23,150.29165004578368
2025-04-24,151.33497701340536
2025-04-25,151.9243463137593
2025-04-28,151.81824250820998
2025-04-29,151.86427102128275
2025-04-30,151.7848741189817
2025-05-01,152.6852227632201
2025-05-02,152.68517097319906
2025-05-05,152.65474611232978
2025-05-06,152.50949785968692
2025-05-07,152.46706941614187
2025-05-08,152.9753750945669
2025-05-09,153.07015661584467
2025-05-12,154.21001052392518
2025-05-13,155.53316033535165
2025-05-14,156.26558054715068
2025-05-15,155.6769447362996
2025-05-16,155.37037628485646
2025-05-19,155.34942369514795
2025-05-20,155.35393652615937
2025-05-21,155.8207183513314
2025-05-22,156.05071056483862
2025-05-23,155.66813659583883
2025-05-27,156.08516282112956
2025-05-28,156.29761577408908
2025-05-29,155.98913831896735
2025-05-30,155.91747480430965
2025-06-02,156.26872580162433
2025-06-03,156.597232429258
2025-06-04,157.07600273916708
2025-06-05,156.6507594893306
2025-06-06,156.5741881294891
2025-06-09,156.6634975721915
2025-06-10,156.81054929792268
2025-06-11,156.72920062960526
2025-06-12,156.47528023612358
2025-06-13,156.2577533965942
2025-06-16,156.93814710075446
2025-06-17,156.74720194623777
2025-06-18,156.74417699754477
2025-06-20,156.4716259706239
2025-06-23,156.5343657829183
2025-06-24,157.19154286535357
2025-06-25,157.50516113145784
2025-06-26,157.74371051832864
2025-06-27,157.5012669324384
2025-06-30,157.76707100267836
2025-07-01,156.4878700442327
2025-07-02,156.8667185583515
2025-07-03,157.17159756499484
2025-07-07,157.15878411622427
2025-07-08,157.33318611028403
2025-07-09,157.50246623771116
2025-07-10,156.83364097525822
2025-07-11,157.03272958773272
2025-07-14,157.3021197601242
2025-07-15,158.12201105416742
2025-07-16,157.75649543253633
2025-07-17,158.06589584254678
2025-07-18,158.02970714188325
2025-07-21,158.54840897299925
2025-07-22,157.70521795230198
2025-07-23,157.08811152453964
2025-07-24,157.3703998019502
2025-07-25,157.0856058825744
2025-07-28,157.61608706696387
2025-07-29,157.78812481648507
2025-07-30,158.1987720053981
2025-07-31,157.95297321724237
2025-08-01,157.42169999724842
2025-08-04,157.92592012858958
2025-08-05,157.6529923939179
2025-08-06,158.42329604360913
2025-08-07,159.09270654572023
2025-08-08,159.33432509099617
2025-08-11,159.17765979027854
2025-08-12,159.48048899913718
2025-08-13,159.01591210342025
2025-08-14,158.87782632081115
2025-08-15,158.55037458673144
2025-08-18,158.52169430859803
2025-08-19,157.22393773215114
2025-08-20,156.70680719689062
2025-08-21,156.6095957451306
2025-08-22,156.62048387013286
2025-08-25,156.85899535854784
2025-08-26,156.83220123268262
2025-08-27,156.71614229225767
2025-08-28,157.1406773448549
2025-08-29,156.2535563930322
2025-09-02,156.100854205694
2025-09-03,156.4809290919401
2025-09-04,156.58863896231617
2025-09-05,157.2700564877069
2025-09-08,157.64994545359684
2025-09-09,157.7319269323885
2025-09-10,157.3287466491073
2025-09-11,156.94027580041995
2025-09-12,157.68627595656122
2025-09-15,158.1933774042354
2025-09-16,158.27760679677507
2025-09-17,158.15819563663408
2025-09-18,158.84211032140803
2025-09-19,159.12923855164743
2025-09-22,159.31752518291302
2025-09-23,159.1254898099836
2025-09-24,159.07299454106914
2025-09-25,159.12128532347344
2025-09-26,158.86524901720205
2025-09-29,159.15370463214973
2025-09-30,158.9907560962911
2025-10-01,159.21093027937047
2025-10-02,159.68154065410485
2025-10-03,159.01167051429158
2025-10-06,159.63338401105946
2025-10-07,159.38374073295327
2025-10-08,160.2552632166219
2025-10-09,160.52635439949643
2025-10-10,159.2582041780076
2025-10-13,160.18006216410728
2025-10-14,159.30772934170054
2025-10-15,159.72283285212833
2025-10-16,160.22255716397348
2025-10-17,160.36441105558075
2025-10-20,160.71362090243173
2025-10-21,160.67397197681134
2025-10-22,159.95766335984482
2025-10-23,160.35147087857166
2025-10-24,160.74999449815326
2025-10-27,161.70510045555235
2025-10-28,162.5169347609622
2025-10-29,163.17036484131177
2025-10-30,162.46250376859626
2025-10-31,162.7125086203996
2025-11-03,163.18480206683748
2025-11-04,161.7902504268923
2025-11-05,162.28079170831487
2025-11-06,160.98519712450226
2025-11-07,160.3194129582481
2025-11-10,161.34860784500026
2025-11-11,160.55131119977986
2025-11-12,160.33551987548194
2025-11-13,159.7123848856577
2025-11-14,159.85927910655482
2025-11-17,159.98449002764968
2025-11-18,159.37492390797263
2025-11-19,159.7094182252414
2025-11-20,158.34230019376326
2025-11-21,157.95842388272126
2025-11-24,159.64816731935926
2025-11-25,159.13537122779113
2025-11-26,159.44073589393085
2025-11-28,159.86077176522636
2025-12-01,160.0545331236075
2025-12-02,161.008884010352
2025-12-03,160.8453941456916
2025-12-04,160.57837088774215
2025-12-05,160.9274574834671
2025-12-08,161.10268818985747
2025-12-09,161.4407417292598
2025-12-10,161.0339289844819
2025-12-11,160.1404509012422
2025-12-12,158.78608694812868
2025-12-15,158.22814488358762
2025-12-16,158.97608990011662
2025-12-17,157.76512598384372
2025-12-18,158.85164348532567
2025-12-19,159.47691201306017
2025-12-22,159.2492633061427
2025-12-23,159.2671636062201
2025-12-24,159.17319036454916
2025-12-26,159.17914085203702
2025-12-29,158.97513743537561
2025-12-30,158.8003275206843
2025-12-31,158.6632716216332
2026-01-02,158.0661860603512
2026-01-05,158.26761988890777
2026-01-06,158.71433986609495
2026-01-07,159.3808537870789
2026-01-08,158.490227252311
2026-01-09,159.01718498826983
2026-01-12,158.89958829170737
2026-01-13,158.98185258052638
2026-01-14,158.06036930360895
2026-01-15,158.19849391627307
2026-01-16,158.19874063088167
2026-01-20,158.05496804445983
2026-01-21,158.36391980958143
2026-01-22,158.68626836744096
2026-01-23,159.12958578149664
2026-01-26,159.02223579465877
2026-01-27,159.8270260501952
2026-01-28,160.3724264981223
2026-01-29,159.72951716388968
2026-01-30,158.28312189807752
2026-02-02,158.58159995625212
2026-02-03,157.4766928973665
2026-02-04,155.47883070027603
2026-02-05,155.17873996733752
2026-02-06,155.47612652141913
2026-02-09,155.91529886670074
2026-02-10,155.60230148646767
2026-02-11,156.05571269722657
2026-02-12,155.28061835428178
2026-02-13,155.50196202043858
2026-02-17,155.09155399290552
2026-02-18,155.46646995501996
2026-02-19,155.28059468080912
2026-02-20,155.52987142198594
2026-02-23,155.2244814478688
2026-02-24,155.75968898946184
2026-02-25,156.69491020408466
2026-02-26,155.66910074022263
2026-02-27,155.91957422040588
2026-03-02,156.03624217372408
2026-03-03,155.73849789769227
2026-03-04,157.00473415669913
2026-03-05,157.40937086172787
2026-03-06,157.10055418617426
2026-03-09,157.81626160937975
2026-03-10,158.07290687042857
2026-03-11,158.25070409804246
2026-03-12,157.93280400709128
2026-03-13,157.8904024531047
2026-03-16,158.05304907273737
2026-03-17,158.40768716380265
2026-03-18,158.40993067779524
2026-03-19,158.29940941279213
2026-03-20,157.63356742425202
2026-03-23,157.78628399301599
2026-03-24,157.23534075852274
2026-03-25,157.39216323476944
2026-03-26,156.4291635542231
2026-03-27,156.03373140967548
2026-03-30,155.36053855366748
2026-03-31,156.08309691298768
2026-04-01,156.82959129770853
2026-04-02,156.868162999351
2026-04-06,157.06965216373928
2026-04-07,157.0245830619701
2026-04-08,157.67726225547898
2026-04-09,157.8333591445967
2026-04-10,158.16565093299556
2026-04-13,158.2549399005276
2026-04-14,159.1886770162319
2026-04-15,160.15346785953767
2026-04-16,160.53034861282222
2026-04-17,160.68871400030324
2026-04-20,160.49950811355296
2026-04-21,160.94274543237995
2026-04-22,161.99493675726782
2026-04-23,161.7100258825031
2026-04-24,163.53584265258198
2026-04-27,163.34065647556864
2026-04-28,162.48864729396223
2026-04-29,163.50729613619393
2026-04-30,163.40637595995736
2026-05-01,164.51944549431326
2026-05-04,164.81328822676915
2026-05-05,165.62291970644955
2026-05-06,166.74596182354847
2026-05-07,167.0592611589199
2026-05-08,169.57524089003314
2026-05-11,169.6799404577672
2026-05-12,168.4960141771753
2026-05-13,169.32834837491131
2026-05-14,169.19618900830375
2026-05-15,168.6724336672352
2026-05-18,168.0649870561157
2026-05-19,168.14930691360377
2026-05-20,169.20036267483573
2026-05-21,169.18750822022105
2026-05-22,169.23960219827165
2026-05-26,171.10855530296774
2026-05-27,170.94369350542527
2026-05-28,171.43914964189656
2026-05-29,171.64311200329934
2026-06-01,172.20407988352858
2026-06-02,172.76239415435094
2026-06-03,173.52859234030805
2026-06-04,172.03908820930457
2026-06-05,168.1201166094302
2026-06-08,170.3597075028064
2026-06-09,168.89511760421155
2026-06-10,168.1725169776852
2026-06-11,170.947121031677
2026-06-12,171.02812856792048
2026-06-15,173.34402304838397
2026-06-16,171.06938771565837
2026-06-17,171.48817142041992
2026-06-18,173.97775212044226
2026-06-22,174.0889036192906
2026-06-23,170.83721274723388
2026-06-24,170.19075507145163
2026-06-25,171.3225852873218
2026-06-26,170.19531144833925
2026-06-29,171.59832285666914
2026-06-30,173.16958050478962
2026-07-01,170.75971151306965
2026-07-02,168.02057437750128
2026-07-06,168.95576122660037
2026-07-07,166.61765897221943
2026-07-08,167.6075442305171
2026-07-09,168.96658171674616
2026-07-10,168.76014776459533
