Date,rs_growth
2016-09-29,100.0
2016-09-30,99.9921965407385
2016-10-03,100.08964485921791
2016-10-04,100.44974814768833
2016-10-05,100.36203813973788
2016-10-06,100.24161124625239
2016-10-07,100.36631322996494
2016-10-10,100.47836709528272
2016-10-11,100.31250781858073
2016-10-12,100.09584451093698
2016-10-13,100.06557315907459
2016-10-14,100.13357717677609
2016-10-17,100.20800805232058
2016-10-18,100.47092523064327
2016-10-19,100.19515809627939
2016-10-20,100.26330389248474
2016-10-21,100.59106816326191
2016-10-24,101.36891995737656
2016-10-25,101.38645148869459
2016-10-26,100.90000294610324
2016-10-27,100.70834779197659
2016-10-28,100.372535196698
2016-10-31,100.27357511461909
2016-11-01,100.24560191682681
2016-11-02,100.04480000949766
2016-11-03,99.51882335292268
2016-11-04,99.27914269792372
2016-11-07,99.44426747153975
2016-11-08,99.64509000866151
2016-11-09,99.05437137578038
2016-11-10,97.21208375993605
2016-11-11,97.47876638138263
2016-11-14,96.41814267261255
2016-11-15,96.9986166377117
2016-11-16,97.75817357579733
2016-11-17,97.96529090949451
2016-11-18,97.81815532098163
2016-11-21,98.09457433214502
2016-11-22,98.20070443937222
2016-11-23,97.75103712003
2016-11-25,97.70171416904839
2016-11-28,97.93949589462227
2016-11-29,98.08695995965992
2016-11-30,97.13246730409331
2016-12-01,95.80649362924125
2016-12-02,95.94925942736307
2016-12-05,96.11806822758125
2016-12-06,96.04468142820534
2016-12-07,96.00503298304344
2016-12-08,95.94044787679093
2016-12-09,96.11239579606644
2016-12-12,95.78795660779691
2016-12-13,96.35279232047552
2016-12-14,96.95309638306429
2016-12-15,96.70814124268206
2016-12-16,96.53843217476593
2016-12-19,96.72338344961776
2016-12-20,96.72077060198217
2016-12-21,96.91825330835624
2016-12-22,96.81191607504128
2016-12-23,96.73472641136888
2016-12-27,96.99310955598902
2016-12-28,97.04045902803658
2016-12-29,96.92443068949228
2016-12-30,96.28046025343889
2017-01-03,96.40438386089059
2017-01-04,96.35535143166749
2017-01-05,96.97751777128512
2017-01-06,97.47924608529847
2017-01-09,98.12291348860632
2017-01-10,98.33947670338424
2017-01-11,98.32630196115282
2017-01-12,98.42136109425212
2017-01-13,98.53196146493141
2017-01-17,98.5833078351068
2017-01-18,98.566180958065
2017-01-19,98.88443698281459
2017-01-20,98.73875906842947
2017-01-23,99.07669065016438
2017-01-24,99.10791726301173
2017-01-25,99.2465020172642
2017-01-26,99.45334398137742
2017-01-27,99.8000884292742
2017-01-30,99.64057922062808
2017-01-31,99.44973429673513
2017-02-01,100.09672397060538
2017-02-02,99.94310969129333
2017-02-03,99.54405572627776
2017-02-06,99.84136259385468
2017-02-07,100.20194707859622
2017-02-08,100.2372388023181
2017-02-09,100.00839768548171
2017-02-10,99.94484645732129
2017-02-13,99.96572022367327
2017-02-14,99.902129638695
2017-02-15,99.97094435777356
2017-02-16,100.02519470195234
2017-02-17,100.30049285775218
2017-02-21,100.19827783615456
2017-02-22,100.32576451968332
2017-02-23,99.88141482093015
2017-02-24,99.94665754137023
2017-02-27,99.91329142515765
2017-02-28,99.8764549781734
2017-03-01,99.57345619775336
2017-03-02,99.70133500313776
2017-03-03,99.82143456019874
2017-03-06,99.89797780886013
2017-03-07,100.02864179305517
2017-03-08,100.39130514869576
2017-03-09,100.34085301073293
2017-03-10,100.41081589290448
2017-03-13,100.52816677975842
2017-03-14,100.66891969987066
2017-03-15,100.42103323738057
2017-03-16,100.55035739628488
2017-03-17,100.69213560420754
2017-03-20,100.8945544765065
2017-03-21,100.65604617099643
2017-03-22,101.10045040817958
2017-03-23,100.95290812986156
2017-03-24,101.23556412504206
2017-03-27,101.5024538610779
2017-03-28,101.38531379537486
2017-03-29,101.75997175025788
2017-03-30,101.60573434665727
2017-03-31,101.7735953864392
2017-04-03,101.88930738054398
2017-04-04,101.98603440750243
2017-04-05,101.8732696260408
2017-04-06,101.64157157817367
2017-04-07,101.69134342927481
2017-04-10,101.66931938561893
2017-04-11,101.35094864536856
2017-04-12,101.38658388563499
2017-04-13,101.64405715934215
2017-04-17,101.58586908587985
2017-04-18,101.73491579928316
2017-04-19,102.08535326452477
2017-04-20,102.10826303437612
2017-04-21,102.41158456411961
2017-04-24,102.52019327778667
2017-04-25,102.66407020234696
2017-04-26,102.58417450778579
2017-04-27,103.11348935317606
2017-04-28,103.52140143519053
2017-05-01,104.17995062704053
2017-05-02,104.31522283285943
2017-05-03,104.10773800623676
2017-05-04,104.0235791165362
2017-05-05,103.99368669254648
2017-05-08,104.23790459308044
2017-05-09,104.69704774343388
2017-05-10,104.56977098078113
2017-05-11,104.70053477411622
2017-05-12,105.11091073226137
2017-05-15,104.86531413199202
2017-05-16,105.39929573672732
2017-05-17,104.57500918110998
2017-05-18,105.06626781193533
2017-05-19,104.82843943148892
2017-05-22,105.17658304434485
2017-05-23,105.05005257299078
2017-05-24,105.28760567150593
2017-05-25,105.67890622328393
2017-05-26,105.88818226468955
2017-05-30,106.07031202967573
2017-05-31,106.05913017243542
2017-06-01,105.63201889516533
2017-06-02,106.48404671556099
2017-06-05,106.54032184416408
2017-06-06,106.4572578663132
2017-06-07,106.67719415917128
2017-06-08,106.73612998634374
2017-06-09,104.22539406951603
2017-06-12,103.6882892089592
2017-06-13,104.02119527977078
2017-06-14,103.70056776218787
2017-06-15,103.43954021490053
2017-06-16,102.96825372069054
2017-06-19,103.82564573395372
2017-06-20,103.71196674221326
2017-06-21,104.7648121950207
2017-06-22,104.78247357358643
2017-06-23,105.05920977122747
2017-06-26,104.49945219168993
2017-06-27,103.43727368760523
2017-06-28,103.99771709865438
2017-06-29,103.09895172715926
2017-06-30,102.94445587010321
2017-07-03,101.68758704701733
2017-07-05,102.45120606474416
2017-07-06,102.46446388826146
2017-07-07,102.90230285611204
2017-07-10,103.46349946816404
2017-07-11,103.83159778925763
2017-07-12,104.28008393081302
2017-07-13,104.33449032390504
2017-07-14,104.66760971149307
2017-07-17,104.73198184402477
2017-07-18,105.37590720317318
2017-07-19,105.42354078664727
2017-07-20,105.51568515816815
2017-07-21,105.56575111707558
2017-07-24,106.07501021432546
2017-07-25,105.54734264969451
2017-07-26,105.88659689601229
2017-07-27,105.31934576465277
2017-07-28,105.35513091058604
2017-07-31,104.96787827508949
2017-08-01,104.9757366199622
2017-08-02,105.20984922386836
2017-08-03,105.00428041441228
2017-08-04,105.00337050143604
2017-08-07,105.4724296314261
2017-08-08,105.54976257913857
2017-08-09,105.41507362790914
2017-08-10,104.63182783525811
2017-08-11,105.27018314832404
2017-08-14,105.57930341335
2017-08-15,105.66553006587623
2017-08-16,105.66463367615646
2017-08-17,105.14339112542413
2017-08-18,105.23348958171081
2017-08-21,105.01722366669885
2017-08-22,105.51462293347626
2017-08-23,105.51713853678177
2017-08-24,105.4523328238671
2017-08-25,104.98469005828042
2017-08-28,105.30576135499048
2017-08-29,105.59896599285288
2017-08-30,106.33603648138599
2017-08-31,106.83278701271514
2017-09-01,106.53599618001486
2017-09-05,106.34380561409047
2017-09-06,106.30433150298263
2017-09-07,106.56633650966691
2017-09-08,105.76756564650395
2017-09-11,105.85597392404202
2017-09-12,105.75348984197683
2017-09-13,105.84736136748245
2017-09-14,105.25934687485086
2017-09-15,105.4788721009332
2017-09-18,105.1170758067989
2017-09-19,105.19232695129423
2017-09-20,104.82996319444639
2017-09-21,104.4678849075165
2017-09-22,104.34573913098295
2017-09-25,103.4582854921497
2017-09-26,103.66388107282773
2017-09-27,104.19215188578444
2017-09-28,104.03129844423403
2017-09-29,104.41349460933147
2017-10-02,104.05534736217518
2017-10-03,104.05422533870848
2017-10-04,104.03069442863735
2017-10-05,104.43066341414584
2017-10-06,104.69149234603128
2017-10-09,104.74391865570398
2017-10-10,104.54620541078252
2017-10-11,104.69341657173747
2017-10-12,104.65843298474692
2017-10-13,104.93435842721229
2017-10-16,105.1548870625672
2017-10-17,105.21490449053519
2017-10-18,104.98508787760197
2017-10-19,104.56859216511312
2017-10-20,104.31233905847996
2017-10-23,104.03656550006981
2017-10-24,104.02982964364571
2017-10-25,104.1517551369027
2017-10-26,103.68565109770786
2017-10-27,105.83999797932411
2017-10-30,106.4745883378426
2017-10-31,106.70869747044962
2017-11-01,106.53278691562474
2017-11-02,106.2884109021887
2017-11-03,106.9534724452247
2017-11-06,107.15053222716722
2017-11-07,107.28784815429937
2017-11-08,107.53718158548664
2017-11-09,107.36288915454462
2017-11-10,107.38920462230683
2017-11-13,107.4220723540912
2017-11-14,107.28026765253726
2017-11-15,107.31356927627027
2017-11-16,107.76887292796653
2017-11-17,107.67382880445908
2017-11-20,107.40663700714728
2017-11-21,107.86691944880154
2017-11-22,108.09428709407737
2017-11-24,108.24003570873089
2017-11-27,108.2455897553431
2017-11-28,107.43288434730052
2017-11-29,105.62417619873239
2017-11-30,105.58538956232148
2017-12-01,105.35490975959519
2017-12-04,104.26723900446284
2017-12-05,104.7120824386993
2017-12-06,105.16491170449743
2017-12-07,105.18955309478615
2017-12-08,105.0808937720592
2017-12-11,105.5779149048791
2017-12-12,105.24994615068641
2017-12-13,105.46466047200641
2017-12-14,105.82266713326385
2017-12-15,106.14033825922408
2017-12-18,106.3558374029352
2017-12-19,106.13321060446175
2017-12-20,106.07438934063391
2017-12-21,105.869831583062
2017-12-22,105.77656542765719
2017-12-26,105.33123717833739
2017-12-27,105.29344065432721
2017-12-28,105.2047994680506
2017-12-29,104.94937890305643
2018-01-02,106.02994805776763
2018-01-03,106.3873038860942
2018-01-04,106.12618143756242
2018-01-05,106.48235418055691
2018-01-08,106.70150223956989
2018-01-09,106.46712011039325
2018-01-10,106.3809654727202
2018-01-11,106.33325021831448
2018-01-12,106.42094984693782
2018-01-16,106.48083444019196
2018-01-17,106.61370763902973
2018-01-18,106.81256757810307
2018-01-19,106.66222192710775
2018-01-22,106.93414168459444
2018-01-23,107.58989924709279
2018-01-24,106.93324030838525
2018-01-25,106.84986430892936
2018-01-26,107.24567886404786
2018-01-29,107.43723696765085
2018-01-30,107.65724929189895
2018-01-31,108.05025359612696
2018-02-01,107.25355559233618
2018-02-02,107.45353619057187
2018-02-05,107.72227641962544
2018-02-06,108.4402764355461
2018-02-07,107.62109663118436
2018-02-08,107.09715227182257
2018-02-09,107.33434047831449
2018-02-12,107.65806139755671
2018-02-13,107.94521737426138
2018-02-14,108.50198948208248
2018-02-15,109.12377921816025
2018-02-16,108.60472608935797
2018-02-20,109.50760146082659
2018-02-21,109.74206343795016
2018-02-22,109.58671391056131
2018-02-23,110.07316050924707
2018-02-26,110.25252173023267
2018-02-27,110.2640925974993
2018-02-28,110.67767302499509
2018-03-01,110.47706143465572
2018-03-02,110.91952951656714
2018-03-05,110.86765369908147
2018-03-06,111.05516205867329
2018-03-07,111.3529947859784
2018-03-08,111.42673933249657
2018-03-09,111.64857180801575
2018-03-12,112.38285707511486
2018-03-13,111.57387584116594
2018-03-14,112.12976675379984
2018-03-15,112.15397738389494
2018-03-16,111.69942793710379
2018-03-19,110.815598681094
2018-03-20,110.99157217167334
2018-03-21,110.72073244542395
2018-03-22,110.75648374584483
2018-03-23,110.18642558587256
2018-03-26,111.23750264248326
2018-03-27,109.50063255428137
2018-03-28,108.5617612237251
2018-03-29,109.15533961553948
2018-04-02,108.34460811714177
2018-04-03,108.17730699024095
2018-04-04,108.72008120550747
2018-04-05,108.48323634256734
2018-04-06,108.17950913568393
2018-04-09,108.40499026836035
2018-04-10,109.06264715915366
2018-04-11,109.00486574872264
2018-04-12,109.41727012692996
2018-04-13,109.1708410515275
2018-04-16,109.10595215376475
2018-04-17,110.27469975858604
2018-04-18,110.41865751741744
2018-04-19,110.01399468530428
2018-04-20,109.19872339484178
2018-04-23,108.93919695053643
2018-04-24,108.08678379123302
2018-04-25,107.94952024853077
2018-04-26,109.11294917081173
2018-04-27,109.07791077515685
2018-04-30,109.14338503173092
2018-05-01,110.19542226740144
2018-05-02,110.2863366198987
2018-05-03,110.5162703657099
2018-05-04,111.17389643498561
2018-05-07,111.719765053559
2018-05-08,111.60551250820443
2018-05-09,111.74182443637723
2018-05-10,111.85404244790134
2018-05-11,111.4085964800777
2018-05-14,111.54616109696533
2018-05-15,111.07569876006195
2018-05-16,111.34194065847798
2018-05-17,111.00745602281445
2018-05-18,110.71046906661562
2018-05-21,110.50118608223671
2018-05-22,110.664440711076
2018-05-23,111.2926820006467
2018-05-24,111.48819537397188
2018-05-25,111.86654658452807
2018-05-29,112.66800872121274
2018-05-30,111.9804433442543
2018-05-31,112.5978849994292
2018-06-01,113.25370150090579
2018-06-04,113.73607464070288
2018-06-05,114.005484111078
2018-06-06,113.71982871321396
2018-06-07,112.80728550797517
2018-06-08,112.48126173483166
2018-06-11,112.63447904965224
2018-06-12,113.08074352124409
2018-06-13,113.4363299863333
2018-06-14,114.29698542911832
2018-06-15,114.04348330974967
2018-06-18,114.2125015577899
2018-06-19,114.32717708727445
2018-06-20,114.94300927541134
2018-06-21,114.663227033852
2018-06-22,114.20048872108548
2018-06-25,113.16805173598352
2018-06-26,113.37926337034902
2018-06-27,112.77164890633887
2018-06-28,113.09507183269827
2018-06-29,113.23593809401389
2018-07-02,113.75138276418504
2018-07-03,112.83322358391297
2018-07-05,113.30944777392997
2018-07-06,114.10695593461804
2018-07-09,114.10615054650575
2018-07-10,113.78040925690269
2018-07-11,114.0370057827217
2018-07-12,114.95988522481152
2018-07-13,114.96545813316659
2018-07-16,114.79278868095781
2018-07-17,115.02584207914566
2018-07-18,114.56787290315538
2018-07-19,114.4263477014988
2018-07-20,114.53167801289428
2018-07-23,114.68316790012231
2018-07-24,114.57924671130036
2018-07-25,115.1989215994814
2018-07-26,113.72177210235182
2018-07-27,112.95232923423437
2018-07-30,111.94091971830795
2018-07-31,112.24420924540625
2018-08-01,112.8589610063519
2018-08-02,113.7748424506531
2018-08-03,113.6365064389458
2018-08-06,113.88765203393751
2018-08-07,113.92637507866041
2018-08-08,114.11228489825527
2018-08-09,114.1992831891163
2018-08-10,114.09111491528205
2018-08-13,114.39293299426608
2018-08-14,114.37993459425542
2018-08-15,113.83052810817
2018-08-16,113.28859815538817
2018-08-17,112.91629565967591
2018-08-20,112.574957016244
2018-08-21,112.7240499690051
2018-08-22,113.2287775829383
2018-08-23,113.21652336836318
2018-08-24,113.58489241159184
2018-08-27,113.8438195795392
2018-08-28,113.9555067790922
2018-08-29,114.65338935758452
2018-08-30,114.9160196342263
2018-08-31,115.05998160965109
2018-09-04,114.76451327525882
2018-09-05,113.58820095254536
2018-09-06,112.91265418836399
2018-09-07,112.69687285135225
2018-09-10,112.88023059152516
2018-09-11,113.37602648300154
2018-09-12,113.01429518587109
2018-09-13,113.5497408226839
2018-09-14,113.19798616647138
2018-09-17,112.16139645585888
2018-09-18,112.4788118261336
2018-09-19,112.2731174603582
2018-09-20,112.60191714828662
2018-09-21,112.08866846774607
2018-09-24,112.77501823885304
2018-09-25,113.03321152944386
2018-09-26,113.45250239870126
2018-09-27,114.09418842196708
2018-09-28,114.05779477807123
2018-10-01,113.89541423333354
2018-10-02,113.704715546517
2018-10-03,113.7647080947358
2018-10-04,112.45956120628581
2018-10-05,111.7097189560348
2018-10-08,111.02758553572755
2018-10-09,111.55006293909577
2018-10-10,110.13128980079037
2018-10-11,111.21497239436775
2018-10-12,112.74426367256865
2018-10-15,112.00876194050147
2018-10-16,112.80084601213758
2018-10-17,112.82529263722591
2018-10-18,111.8246060025453
2018-10-19,111.78196412852934
2018-10-22,112.86353210492153
2018-10-23,113.02357498040645
2018-10-24,111.22067217577796
2018-10-25,113.04039836541439
2018-10-26,112.1044139012105
2018-10-29,110.40887379632966
2018-10-30,110.589640615587
2018-10-31,111.99288897984077
2018-11-01,112.2753325213053
2018-11-02,111.18511935096285
2018-11-05,110.30082113532691
2018-11-06,110.43762797634622
2018-11-07,111.51439658398472
2018-11-08,111.00450531032311
2018-11-09,110.21040477710503
2018-11-12,108.9106349508693
2018-11-13,109.20664724627191
2018-11-14,109.11950217670936
2018-11-15,109.88159630183267
2018-11-16,109.21188179336173
2018-11-19,107.48298022910254
2018-11-20,107.54996991438053
2018-11-21,107.9995921138025
2018-11-23,107.93929234878021
2018-11-26,108.67965243802725
2018-11-27,108.68095878731872
2018-11-28,109.65384371084264
2018-11-29,109.53573237054435
2018-11-30,109.66199761168028
2018-12-03,110.12032240870798
2018-12-04,109.44270676137215
2018-12-06,110.38285511512042
2018-12-07,109.27766521794177
2018-12-10,110.2129378991369
2018-12-11,110.55278035525788
2018-12-12,110.96703787694611
2018-12-13,111.03831022474458
2018-12-14,110.37267471925054
2018-12-17,110.03030498007872
2018-12-18,110.84375415750233
2018-12-19,109.76580417072172
2018-12-20,109.96467043948392
2018-12-21,108.78545087205822
2018-12-24,108.96701983265491
2018-12-26,110.20286019876448
2018-12-27,109.7864099448471
2018-12-28,109.87078151278857
2018-12-31,109.83528861781731
2019-01-02,110.16209189055569
2019-01-03,109.16813283848346
2019-01-04,110.1493607705566
2019-01-07,110.58874530951034
2019-01-08,110.55049673639647
2019-01-09,110.93294907254851
2019-01-10,110.85915745829875
2019-01-11,110.4109696881056
2019-01-14,110.10703042063264
2019-01-15,110.98505077694458
2019-01-16,110.69669832438163
2019-01-17,110.72938432030523
2019-01-18,110.35678334068548
2019-01-22,109.62742707757782
2019-01-23,109.5403869768035
2019-01-24,110.19117440554989
2019-01-25,110.57220067850957
2019-01-28,110.0427152941707
2019-01-29,109.14854374754704
2019-01-30,110.18084753243302
2019-01-31,110.85650076034683
2019-02-01,110.33531720827379
2019-02-04,110.92544862554712
2019-02-05,111.43976279959622
2019-02-06,111.25416935280089
2019-02-07,110.81639095852414
2019-02-08,110.89836297272792
2019-02-11,110.73166292357178
2019-02-12,110.94232333332035
2019-02-13,110.66093666289967
2019-02-14,111.04313324321306
2019-02-15,110.30799740994681
2019-02-19,110.33519605608441
2019-02-20,110.09410283179481
2019-02-21,110.08289880264319
2019-02-22,110.21415867812783
2019-02-25,110.46542592386324
2019-02-26,110.65917018900389
2019-02-27,110.63660667411486
2019-02-28,110.58767721386357
2019-03-01,110.66292431142581
2019-03-04,111.08602602883894
2019-03-05,111.32026260245101
2019-03-06,111.3634245859754
2019-03-07,110.92461742868397
2019-03-08,110.97831524968369
2019-03-11,111.6671560852292
2019-03-12,111.85888183938451
2019-03-13,111.95819520646786
2019-03-14,111.84004125057572
2019-03-15,112.3230639333946
2019-03-18,112.1838128193823
2019-03-19,112.53304532875515
2019-03-20,113.32043324543875
2019-03-21,113.80639365296146
2019-03-22,113.49101291537846
2019-03-25,113.3601636387448
2019-03-26,113.04546248264198
2019-03-27,112.90981502461221
2019-03-28,112.74268450765568
2019-03-29,112.8844831655256
2019-04-01,113.03928465651344
2019-04-02,113.41220838974286
2019-04-03,113.88471621299259
2019-04-04,113.54003244949753
2019-04-05,113.57744367526321
2019-04-08,113.7797947149387
2019-04-09,113.96435921508714
2019-04-10,114.18645793790718
2019-04-11,113.94719718784994
2019-04-12,113.67079441588355
2019-04-15,113.76360326169879
2019-04-16,114.08059206698083
2019-04-17,114.75907226079576
2019-04-18,114.68035542787773
2019-04-22,114.90568453115758
2019-04-23,115.3300538862976
2019-04-24,115.22211464342995
2019-04-25,115.76112829952885
2019-04-26,115.32739863538173
2019-04-29,115.37033988561956
2019-04-30,114.41803060140177
2019-05-01,114.91356443258016
2019-05-02,114.66232351580992
2019-05-03,115.36193585791
2019-05-06,115.12938861278694
2019-05-07,114.80388345383838
2019-05-08,114.67346943360998
2019-05-09,114.40231732893895
2019-05-10,113.97227543316299
2019-05-13,112.85310117219385
2019-05-14,113.0691555481476
2019-05-15,113.99844663889263
2019-05-16,114.08744669575017
2019-05-17,113.656296828221
2019-05-20,112.4813813795934
2019-05-21,112.64100525819059
2019-05-22,112.4846751166375
2019-05-23,112.13352425536272
2019-05-24,111.82324828219521
2019-05-28,112.44849719258403
2019-05-29,112.277021876678
2019-05-30,112.44191279263198
2019-05-31,112.15950274113283
2019-06-03,109.96963484700584
2019-06-04,110.66386604164774
2019-06-05,110.5289513750793
2019-06-06,110.68733085193347
2019-06-07,111.70706916864617
2019-06-10,112.49276457078234
2019-06-11,112.67367105476407
2019-06-12,112.22052578320798
2019-06-13,112.42131124177202
2019-06-14,112.06708820564248
2019-06-17,112.69918711796365
2019-06-18,113.15205001624642
2019-06-19,113.3211326547517
2019-06-20,113.29253625382026
2019-06-21,113.28929178353701
2019-06-24,113.43173568971108
2019-06-25,112.58881462336876
2019-06-26,113.22531009794572
2019-06-27,113.25642571234302
2019-06-28,112.82161112402342
2019-07-01,113.31530312314374
2019-07-02,113.46889872788124
2019-07-03,113.41610947441319
2019-07-05,113.31398946006588
2019-07-08,113.14092423725405
2019-07-09,113.56592995083442
2019-07-10,114.15218244786112
2019-07-11,113.8024216084058
2019-07-12,113.94875987852468
2019-07-15,114.27584106126929
2019-07-16,114.05507054031312
2019-07-17,114.27171681069255
2019-07-18,113.98521763130259
2019-07-19,113.78205873817167
2019-07-22,114.40641785243326
2019-07-23,114.33762111111723
2019-07-24,114.60151230161755
2019-07-25,114.059959048879
2019-07-26,114.46722620229161
2019-07-29,114.28263787864479
2019-07-30,114.06940008173181
2019-07-31,113.73618587866684
2019-08-01,114.16490757154378
2019-08-02,113.33718490385101
2019-08-05,112.72227204455707
2019-08-06,112.7196047611186
2019-08-07,113.26162610301023
2019-08-08,113.49973153709607
2019-08-09,113.20374706313412
2019-08-12,113.28377823350218
2019-08-13,113.99357191646114
2019-08-14,113.95630412674879
2019-08-15,113.52540684613346
2019-08-16,113.67032806441885
2019-08-19,114.10358859711181
2019-08-20,114.0937420731168
2019-08-21,114.17779421423877
2019-08-22,113.84364531731832
2019-08-23,113.14744573373912
2019-08-26,113.60017404282029
2019-08-27,113.80700284943939
2019-08-28,113.41566418086799
2019-08-29,113.6975010333408
2019-08-30,113.47559831320946
2019-09-03,113.03496713451582
2019-09-04,113.37979398619986
2019-09-05,113.99136621032339
2019-09-06,113.79056157357184
2019-09-09,113.49587149700741
2019-09-10,113.19594768080701
2019-09-11,113.45205753657915
2019-09-12,113.53040911503388
2019-09-13,113.20020642718535
2019-09-16,113.04369525189148
2019-09-17,113.2994035237057
2019-09-18,113.18469482817896
2019-09-19,113.38037673723815
2019-09-20,112.71347756546399
2019-09-23,112.78966245116793
2019-09-24,112.17188244324446
2019-09-25,112.76408016567905
2019-09-26,112.58335202725276
2019-09-27,111.78853968073766
2019-09-30,112.33146360272998
2019-10-01,112.75648640934205
2019-10-02,112.81046672858068
2019-10-03,113.12181837057287
2019-10-04,113.25504418721253
2019-10-07,113.4024398087427
2019-10-08,113.4650473961687
2019-10-09,113.49485623623387
2019-10-10,113.60546021797451
2019-10-11,113.88791637993111
2019-10-14,114.00297481614072
2019-10-15,114.32085421559397
2019-10-16,114.22074271202274
2019-10-17,114.18578217425765
2019-10-18,113.58568773332279
2019-10-21,113.82133515263433
2019-10-22,113.285056449221
2019-10-23,113.17428174604561
2019-10-24,114.0888678192565
2019-10-25,114.53090018041561
2019-10-28,115.01253369714468
2019-10-29,114.15577391815921
2019-10-30,114.35817546117026
2019-10-31,114.71589309480856
2019-11-01,114.69533367092085
2019-11-04,114.94289360789651
2019-11-05,115.13344510900258
2019-11-06,114.84846699430405
2019-11-07,114.82986549113996
2019-11-08,115.00455266047891
2019-11-11,115.07003241770848
2019-11-12,115.15937597746169
2019-11-13,115.15065194385225
2019-11-14,114.8919951808121
2019-11-15,114.9046694790729
2019-11-18,114.91051208064493
2019-11-19,115.11344506623622
2019-11-20,114.85001303048841
2019-11-21,114.7790471012536
2019-11-22,114.59820130752733
2019-11-25,115.06340800118495
2019-11-26,115.02254932318607
2019-11-27,115.31244745043917
2019-11-29,115.21365914389673
2019-12-02,115.01098141101069
2019-12-03,114.88060332002803
2019-12-04,114.75432699078041
2019-12-05,114.77472991511964
2019-12-06,114.9526902194651
2019-12-09,114.79212096247637
2019-12-10,114.82451382331817
2019-12-11,115.10597448653056
2019-12-12,114.97414729730264
2019-12-13,115.28367304467379
2019-12-16,115.64654931905112
2019-12-17,115.6874747454514
2019-12-18,115.76865595355841
2019-12-19,116.01684675200046
2019-12-20,115.9760364703414
2019-12-23,116.10502107104234
2019-12-24,116.16168433726052
2019-12-26,116.5661833293434
2019-12-27,116.49692391120732
2019-12-30,116.37500717047185
2019-12-31,116.31180088636535
2020-01-02,117.15821359798485
2020-01-03,116.97081276953686
2020-01-06,117.27705963798802
2020-01-07,117.59140590814839
2020-01-08,117.84716495223687
2020-01-09,118.04533162618974
2020-01-10,118.08324952439754
2020-01-13,118.62967330775697
2020-01-14,118.34304031796302
2020-01-15,118.12445009864506
2020-01-16,118.27267549440512
2020-01-17,118.48913155916397
2020-01-21,118.66853006404621
2020-01-22,118.96771768745613
2020-01-23,119.21357070018506
2020-01-24,119.27110621646011
2020-01-27,118.71030043800064
2020-01-28,119.28367419750379
2020-01-29,119.5763812868886
2020-01-30,119.61406684834897
2020-01-31,119.89426228836312
2020-02-03,120.80838056161912
2020-02-04,121.71833977789177
2020-02-05,120.72548729966586
2020-02-06,121.35929270344639
2020-02-07,121.48481743975516
2020-02-10,122.04197710752827
2020-02-11,121.85183973936805
2020-02-12,122.25115092260894
2020-02-13,122.22499469047403
2020-02-14,122.37894675493048
2020-02-18,122.74217363068021
2020-02-19,123.3290315972198
2020-02-20,122.68819093120788
2020-02-21,121.58351331968656
2020-02-24,120.90465758105412
2020-02-25,121.29244569505428
2020-02-26,122.36774784291889
2020-02-27,121.70632503814531
2020-02-28,122.31491965224828
2020-03-02,123.2876671720762
2020-03-03,122.8517152013275
2020-03-04,122.81504749974226
2020-03-05,123.17828743639197
2020-03-06,123.13561599582353
2020-03-09,124.28829251895222
2020-03-10,124.60806673092877
2020-03-11,125.28829767528696
2020-03-12,125.84051616079539
2020-03-13,125.75005695747261
2020-03-16,124.28660994339754
2020-03-17,126.86309998124842
2020-03-18,129.56466696683387
2020-03-19,130.06588417644858
2020-03-20,130.5984888294602
2020-03-23,134.12212432281487
2020-03-24,132.50295663715386
2020-03-25,129.58192149639166
2020-03-26,128.88043530991905
2020-03-27,128.26846542371294
2020-03-30,128.7526547540975
2020-03-31,129.58467003948172
2020-04-01,129.92597607473917
2020-04-02,129.5728925743837
2020-04-03,129.60725807958232
2020-04-06,130.13294058673472
2020-04-07,129.94749794719758
2020-04-08,128.39653487518478
2020-04-09,126.654800471893
2020-04-13,129.2027092701168
2020-04-14,130.95953669804075
2020-04-15,132.26789783945685
2020-04-16,134.03385548351912
2020-04-17,131.75655021738288
2020-04-20,132.53093032148954
2020-04-21,131.6375413622912
2020-04-22,132.60078246963045
2020-04-23,132.3274533950693
2020-04-24,132.566474943912
2020-04-27,131.73344746055565
2020-04-28,129.84936044593783
2020-04-29,131.0239496804998
2020-04-30,132.20098246259008
2020-05-01,131.96855775566718
2020-05-04,133.13968929969568
2020-05-05,133.416455201208
2020-05-06,135.15397806499686
2020-05-07,135.262209464102
2020-05-08,134.88407374813988
2020-05-11,136.06190511399413
2020-05-12,135.92225859196907
2020-05-13,136.63770164023768
2020-05-14,136.55462243417378
2020-05-15,136.81216058091755
2020-05-18,135.24184576841293
2020-05-19,136.3028456129497
2020-05-20,136.70234028515608
2020-05-21,136.15345701316778
2020-05-22,136.36447560397062
2020-05-26,134.34116710426895
2020-05-27,133.09409801998157
2020-05-28,133.16643380473693
2020-05-29,134.51825742917197
2020-06-01,134.3786311342039
2020-06-02,134.16910040518067
2020-06-03,133.00261853186404
2020-06-04,132.41765979127243
2020-06-05,131.6685408067025
2020-06-08,131.1055508877498
2020-06-09,133.0474469160393
2020-06-10,135.39979590446953
2020-06-11,136.56354212201197
2020-06-12,136.02007602416168
2020-06-15,136.40166129085392
2020-06-16,136.12393975596206
2020-06-17,137.12514976177607
2020-06-18,137.44375175664064
2020-06-19,138.21107447848667
2020-06-22,138.97706672199462
2020-06-23,139.5175800600295
2020-06-24,140.21808813368628
2020-06-25,140.05151660856555
2020-06-26,140.07109924179068
2020-06-29,139.54779686149803
2020-06-30,140.4835881997498
2020-07-01,141.1347181714955
2020-07-02,141.314318331966
2020-07-06,142.58733633797075
2020-07-07,143.08077264929386
2020-07-08,143.86504933055681
2020-07-09,145.90748809049276
2020-07-10,145.4188207640964
2020-07-13,143.67157157948458
2020-07-14,142.83741808848674
2020-07-15,141.82521322096028
2020-07-16,141.32306483312837
2020-07-17,141.07768439053433
2020-07-20,143.91712957241617
2020-07-21,142.11511359672193
2020-07-22,141.80852301289008
2020-07-23,139.7721406942729
2020-07-24,139.34235186769607
2020-07-27,140.80190002372987
2020-07-28,139.8975080410013
2020-07-29,139.79068976847907
2020-07-30,141.02568731662373
2020-07-31,142.41701851381688
2020-08-03,143.34404451772414
2020-08-04,143.32259303199382
2020-08-05,142.7908335620891
2020-08-06,143.72136315827652
2020-08-07,141.9606157917522
2020-08-10,140.9327296298498
2020-08-11,139.41412731363332
2020-08-12,140.95538739237796
2020-08-13,141.5327671588615
2020-08-14,141.3622881588574
2020-08-17,142.55076854875355
2020-08-18,143.61263869100702
2020-08-19,143.2429049313789
2020-08-20,144.7791366499037
2020-08-21,145.26713375646395
2020-08-24,144.7078685742311
2020-08-25,145.33703774541144
2020-08-26,146.96500246659633
2020-08-27,146.18731125469554
2020-08-28,145.98774197434034
2020-08-31,147.6955007637544
2020-09-01,148.81822704463804
2020-09-02,148.08552820913803
2020-09-03,145.5877862516754
2020-09-04,144.83023541240271
2020-09-08,141.7418477341113
2020-09-09,143.080249907687
2020-09-10,142.70554570143906
2020-09-11,141.64307218766106
2020-09-14,142.23643727223364
2020-09-15,143.52726916541286
2020-09-16,141.80131942680953
2020-09-17,140.82463933539427
2020-09-18,140.64650332363124
2020-09-21,142.57057496017342
2020-09-22,143.75538597412248
2020-09-23,142.67466113617985
2020-09-24,142.9578847105298
2020-09-25,143.95419421929375
2020-09-28,144.5432152303296
2020-09-29,144.67938180305154
2020-09-30,144.57409408584206
2020-10-01,145.9319229758878
2020-10-02,143.18628500898387
2020-10-05,143.6917472166459
2020-10-06,143.16243208665688
2020-10-07,143.14730704945237
2020-10-08,142.645133830642
2020-10-09,143.5429654064871
2020-10-12,145.63126574532185
2020-10-13,146.58289997031022
2020-10-14,146.27768695833907
2020-10-15,145.47580888040463
2020-10-16,144.7660467687308
2020-10-19,144.60104938562125
2020-10-20,144.33369735969694
2020-10-21,144.49560328756118
2020-10-22,143.7022857790299
2020-10-23,143.49821334755046
2020-10-26,144.00755559359507
2020-10-27,145.6340682268738
2020-10-28,144.90908278813163
2020-10-29,145.959551919904
2020-10-30,143.7562786276842
2020-11-02,142.47953288030422
2020-11-03,142.42934740528256
2020-11-04,145.53461126861788
2020-11-05,146.4722374627139
2020-11-06,146.61518474647016
2020-11-09,141.83695648763344
2020-11-10,139.5005788074182
2020-11-11,141.56956869225672
2020-11-12,142.28532131389386
2020-11-13,141.57356724434123
2020-11-16,140.9191334867187
2020-11-17,141.2317741704627
2020-11-18,141.89567787311825
2020-11-19,142.4064120219731
2020-11-20,142.4074684552235
2020-11-23,141.5638098676724
2020-11-24,141.2762592037782
2020-11-25,142.36410785018194
2020-11-27,143.27692855081142
2020-11-30,144.2076344204683
2020-12-01,144.47559473133535
2020-12-02,144.35760165707975
2020-12-03,144.60132248040242
2020-12-04,143.950039679903
2020-12-07,145.06329216681354
2020-12-08,145.12966600699372
2020-12-09,143.12745949039345
2020-12-10,143.74925936678454
2020-12-11,143.59928177600455
2020-12-14,145.29162962107637
2020-12-15,144.88590341114082
2020-12-16,145.45445450034563
2020-12-17,145.5912736980497
2020-12-18,145.73314398599553
2020-12-21,145.98244066142095
2020-12-22,146.62648553981236
2020-12-23,145.75710559025887
2020-12-24,145.83285573467046
2020-12-28,146.0480786560937
2020-12-29,146.458254397377
2020-12-30,146.2542605812243
2020-12-31,145.87297801321904
2021-01-04,145.7980986907495
2021-01-05,145.99459467437075
2021-01-06,143.11658521341647
2021-01-07,144.4329238932031
2021-01-08,145.4612617299906
2021-01-11,144.3322910562521
2021-01-12,144.07230092157135
2021-01-13,144.65573608373154
2021-01-14,144.38785965157535
2021-01-15,144.2964315251877
2021-01-19,145.26109746837875
2021-01-20,146.61110576847238
2021-01-21,147.64929562716722
2021-01-22,147.74702969592423
2021-01-25,148.38306934839125
2021-01-26,148.8324643271153
2021-01-27,148.3082679633754
2021-01-28,147.91361100052677
2021-01-29,147.75994088998146
2021-02-01,148.97237096598585
2021-02-02,149.29166310680196
2021-02-03,148.58258045599467
2021-02-04,148.65026927500568
2021-02-05,148.56965222997377
2021-02-08,148.49265571795644
2021-02-09,148.56039996535856
2021-02-10,148.2864085548559
2021-02-11,148.86150690706924
2021-02-12,148.9577425270727
2021-02-16,148.6836498890176
2021-02-17,147.93625492539283
2021-02-18,147.918985914639
2021-02-19,147.53443118241884
2021-02-22,144.8243042810748
2021-02-23,144.21797430859843
2021-02-24,143.82194328872174
2021-02-25,142.2352200329695
2021-02-26,143.5706179898377
2021-03-01,144.3894670131776
2021-03-02,143.19097623796625
2021-03-03,140.90187775632683
2021-03-04,140.33244831593638
2021-03-05,139.8726818609244
2021-03-08,136.59241618662193
2021-03-09,139.981184574417
2021-03-10,138.7181284459314
2021-03-11,140.4885416022421
2021-03-12,139.16148667263184
2021-03-15,139.81426954235354
2021-03-16,140.7592619695665
2021-03-17,140.85859015298482
2021-03-18,138.5599852991151
2021-03-19,139.30616817426971
2021-03-22,140.79438939684528
2021-03-23,141.29222002003726
2021-03-24,139.61903848309575
2021-03-25,138.59759274834659
2021-03-26,138.44557083722884
2021-03-29,138.47606101136665
2021-03-30,138.14559054373018
2021-03-31,139.69342548308865
2021-04-01,140.55673908789157
2021-04-05,141.33437320229828
2021-04-06,141.31965866186246
2021-04-07,141.49763156739564
2021-04-08,142.29852815208378
2021-04-09,142.1272488461661
2021-04-12,141.89010151492784
2021-04-13,143.12220305389582
2021-04-14,141.8881966114934
2021-04-15,142.50762750879514
2021-04-16,142.19919338071995
2021-04-19,141.59350041333155
2021-04-20,141.59819300067247
2021-04-21,141.4718332324298
2021-04-22,141.0547010974623
2021-04-23,141.29845383302907
2021-04-26,141.92216809600723
2021-04-27,141.33785221852867
2021-04-28,140.90048991683202
2021-04-29,140.5120815348605
2021-04-30,140.51433152457588
2021-05-03,139.46521384944234
2021-05-04,137.8056165948706
2021-05-05,137.29934812475793
2021-05-06,137.2382738728518
2021-05-07,137.35225235589448
2021-05-10,135.22246425741207
2021-05-11,136.2517393692307
2021-05-12,135.60607368627475
2021-05-13,135.03246755117937
2021-05-14,135.92634209351115
2021-05-17,135.4464578707474
2021-05-18,135.7012131206691
2021-05-19,136.21414483206692
2021-05-20,137.37110795057964
2021-05-21,136.72276224917837
2021-05-24,137.61943717114983
2021-05-25,138.11630101000472
2021-05-26,138.32291992436302
2021-05-27,137.7331237927101
2021-05-28,137.92085143360413
2021-06-01,137.58361166275964
2021-06-02,137.6358548465481
2021-06-03,136.7110409080877
2021-06-04,137.7709461986478
2021-06-07,138.31566573391714
2021-06-08,138.35193464726785
2021-06-09,138.5915381291519
2021-06-10,139.387784006699
2021-06-11,139.52174117286341
2021-06-14,140.5440739854091
2021-06-15,139.88272979585656
2021-06-16,140.15435082398778
2021-06-17,141.98106835635102
2021-06-18,142.7932378638942
2021-06-21,141.65281664217667
2021-06-22,142.21297900548203
2021-06-23,142.45420842326928
2021-06-24,142.49202850388173
2021-06-25,141.81319536065112
2021-06-28,143.24906938881816
2021-06-29,143.6901057959417
2021-06-30,143.34281538651243
2021-07-01,142.6099119713087
2021-07-02,143.15264642471445
2021-07-06,144.03367639592324
2021-07-07,143.82929846395726
2021-07-08,144.13506070204207
2021-07-09,143.5030995699925
2021-07-12,143.54942633145396
2021-07-13,144.0404727233532
2021-07-14,144.08374695182485
2021-07-15,143.56216073903195
2021-07-16,143.52515898140584
2021-07-19,144.48286841272363
2021-07-20,144.09627640643373
2021-07-21,144.04252751399795
2021-07-22,144.69172306485476
2021-07-23,144.89070988783817
2021-07-26,144.64970917428536
2021-07-27,143.71095602241002
2021-07-28,144.32220077810075
2021-07-29,143.98148453817313
2021-07-30,143.9300491987033
2021-08-02,144.24454326530517
2021-08-03,143.9477937675297
2021-08-04,144.86839653000894
2021-08-05,144.86983319787245
2021-08-06,143.99699209091892
2021-08-09,144.38054892204195
2021-08-10,143.46205261825736
2021-08-11,142.86061754922576
2021-08-12,142.94715553820708
2021-08-13,143.18835540121566
2021-08-16,142.91396401719732
2021-08-17,142.5898431553546
2021-08-18,142.78022556466303
2021-08-19,143.24826571448398
2021-08-20,143.58952862204518
2021-08-23,144.46630137473153
2021-08-24,144.67790728990235
2021-08-25,144.5407969230397
2021-08-26,144.47582313317818
2021-08-27,144.58742925738494
2021-08-30,145.569852215896
2021-08-31,145.66699807736327
2021-09-01,145.83100296800973
2021-09-02,145.31495608250358
2021-09-03,145.7972565138706
2021-09-07,146.52752890317035
2021-09-08,146.19565102263502
2021-09-09,146.31891545048342
2021-09-10,146.3624694937809
2021-09-13,145.88805209444376
2021-09-14,146.26259464196585
2021-09-15,146.12945608519146
2021-09-16,146.4621117027479
2021-09-17,146.1513517721281
2021-09-20,145.55848992585913
2021-09-21,145.87538548203537
2021-09-22,145.81550382907227
2021-09-23,145.3944020495789
2021-09-24,145.29147878122066
2021-09-27,144.54528238808285
2021-09-28,143.3436469862036
2021-09-29,142.86818704836256
2021-09-30,144.10457096059696
2021-10-01,143.2953377655646
2021-10-04,142.12041156029645
2021-10-05,142.5556355247218
2021-10-06,142.87529461286607
2021-10-07,142.9502395066894
2021-10-08,142.4973023681308
2021-10-11,142.43554542003608
2021-10-12,142.28905920668964
2021-10-13,142.91435292218785
2021-10-14,143.1387194467344
2021-10-15,142.95184928165045
2021-10-18,143.96316567032352
2021-10-19,143.9420791280025
2021-10-20,143.1917700427581
2021-10-21,143.69149351187025
2021-10-22,142.63191970282594
2021-10-25,143.3235489059305
2021-10-26,143.64556253136143
2021-10-27,144.61969777917585
2021-10-28,144.82825787978976
2021-10-29,145.24600284195958
2021-11-01,145.49224464547976
2021-11-02,145.51229696386133
2021-11-03,146.16463598166774
2021-11-04,147.34392198581693
2021-11-05,146.97457375853892
2021-11-08,146.6502679980852
2021-11-09,146.12381283108124
2021-11-10,145.14389046086018
2021-11-11,145.49923389692293
2021-11-12,145.92898692619744
2021-11-15,145.84575048780312
2021-11-16,146.30526492851547
2021-11-17,146.73901503953965
2021-11-18,147.75760275770773
2021-11-19,148.84762572847006
2021-11-22,147.534939827238
2021-11-23,146.66802352542757
2021-11-24,146.74853932025547
2021-11-26,147.25048798789
2021-11-29,148.62310631363886
2021-11-30,149.3462597774066
2021-12-01,148.45440112056423
2021-12-02,147.26870535846714
2021-12-03,145.97811176195464
2021-12-06,145.42547339979964
2021-12-07,146.76892850785768
2021-12-08,147.03630639812832
2021-12-09,145.85751203529708
2021-12-10,146.06800624049313
2021-12-13,145.2444228704774
2021-12-14,144.73689440775763
2021-12-15,145.75903072385782
2021-12-16,143.27438822350953
2021-12-17,144.0931024840383
2021-12-20,144.2289895954643
2021-12-21,144.88394454603215
2021-12-22,145.1966198251996
2021-12-23,145.38665641283927
2021-12-27,145.72716468883996
2021-12-28,145.17036346375184
2021-12-29,144.96325986136918
2021-12-30,144.93073369270257
2021-12-31,144.3895895414551
2022-01-03,144.9403839467386
2022-01-04,143.1083616704973
2022-01-05,141.4276155032954
2022-01-06,141.46113541102653
2022-01-07,140.48409585194574
2022-01-10,140.7517157781564
2022-01-11,141.57655538881158
2022-01-12,141.7547744682998
2022-01-13,140.1395635473888
2022-01-14,140.95391048424594
2022-01-18,139.92300557265355
2022-01-19,139.83814918119512
2022-01-20,139.56661486052732
2022-01-21,138.41375014606777
2022-01-24,138.45936872363356
2022-01-25,136.92135556382837
2022-01-26,137.0509549065301
2022-01-27,136.34404549845436
2022-01-28,137.2132823056583
2022-01-31,139.09586675263643
2022-02-01,139.10230026571548
2022-02-02,138.88347272871923
2022-02-03,136.4601171222241
2022-02-04,137.5348092191706
2022-02-07,136.86767027237536
2022-02-08,137.27594538328663
2022-02-09,138.16274412866073
2022-02-10,137.50616927698843
2022-02-11,135.82245122457059
2022-02-14,136.43680747238855
2022-02-15,137.60995828952383
2022-02-16,137.42115021173433
2022-02-17,136.24407554868466
2022-02-18,135.56796560857273
2022-02-22,135.66225569463802
2022-02-23,134.5744361325004
2022-02-24,137.03445576919597
2022-02-25,136.1552967775436
2022-02-28,136.9112448113202
2022-03-01,136.8999058799818
2022-03-02,136.6826084215827
2022-03-03,135.40421452412033
2022-03-04,134.53495501815252
2022-03-07,133.50889350383005
2022-03-08,133.90356591337436
2022-03-09,135.10166224355004
2022-03-10,134.20740893236115
2022-03-11,133.11672565858834
2022-03-14,131.52146402166724
2022-03-15,132.7281580390522
2022-03-16,134.6645120525897
2022-03-17,134.61067258013824
2022-03-18,135.8776614845109
2022-03-21,135.53954200264914
2022-03-22,136.60476355947483
2022-03-23,136.39818592966003
2022-03-24,137.3592549561069
2022-03-25,136.57767668937
2022-03-28,137.7113194021913
2022-03-29,138.36955206957722
2022-03-30,137.691395985482
2022-03-31,138.1104277440966
2022-04-01,137.45798650122143
2022-04-04,139.09651087202118
2022-04-05,137.7478949058271
2022-04-06,136.11830040397575
2022-04-07,135.75789446234361
2022-04-08,134.21899727159618
2022-04-11,133.32252712132606
2022-04-12,133.25307411946616
2022-04-13,134.42211968742103
2022-04-14,133.00437701874927
2022-04-18,133.0519018860629
2022-04-19,133.86473592483117
2022-04-20,132.01028718838947
2022-04-21,131.2414017385907
2022-04-22,131.41051594743843
2022-04-25,132.33138883038148
2022-04-26,131.13430298014228
2022-04-27,130.60993119287568
2022-04-28,131.91650442845219
2022-04-29,130.81477409426245
2022-05-02,132.20309429747016
2022-05-03,131.74031212292218
2022-05-04,132.16978542316028
2022-05-05,130.13864114471895
2022-05-06,129.35158063520927
2022-05-09,128.4015535207881
2022-05-10,129.66185556937634
2022-05-11,127.84731533788334
2022-05-12,127.67831445975759
2022-05-13,129.3183590026594
2022-05-16,128.34007815265537
2022-05-17,129.01053713840432
2022-05-18,127.83035422419722
2022-05-19,127.9289112011587
2022-05-20,127.47564076015465
2022-05-23,127.21506543449799
2022-05-24,125.46796325835707
2022-05-25,126.10978605339469
2022-05-26,127.06496273941906
2022-05-27,128.0683673646044
2022-05-31,128.44932990193863
2022-06-01,128.5390667738105
2022-06-02,129.59128534268936
2022-06-03,128.32542743140624
2022-06-06,128.36203637395226
2022-06-07,128.23918590227234
2022-06-08,128.71571089498423
2022-06-09,128.31994558401115
2022-06-10,127.4907065580007
2022-06-13,126.36052416980274
2022-06-14,126.9725655756611
2022-06-15,128.31400767715863
2022-06-16,127.35184091453293
2022-06-17,128.62310468485046
2022-06-21,128.63010143630947
2022-06-22,128.67579685366147
2022-06-23,129.3243894919364
2022-06-24,129.63397666208385
2022-06-27,129.17695955636609
2022-06-28,127.85378104305254
2022-06-29,128.0752787124569
2022-06-30,127.52280725935576
2022-07-01,127.02108240560699
2022-07-05,128.9520782985635
2022-07-06,129.34215752576395
2022-07-07,130.16049803956201
2022-07-08,130.43106410139643
2022-07-11,129.11949207173768
2022-07-12,129.01025198755954
2022-07-13,129.42402174708704
2022-07-14,130.20235475837973
2022-07-15,130.07897863433138
2022-07-18,130.05195087449502
2022-07-19,130.5248358796239
2022-07-20,131.75480319485487
2022-07-21,132.29894283799138
2022-07-22,131.19626739696318
2022-07-25,130.29075367887881
2022-07-26,129.2599701069177
2022-07-27,131.3127313242022
2022-07-28,130.9542331797941
2022-07-29,131.42641992198665
2022-08-01,131.73733653262255
2022-08-02,132.21683749339357
2022-08-03,133.72343492109835
2022-08-04,134.439634887742
2022-08-05,133.56712071598244
2022-08-08,133.29014837013773
2022-08-09,132.30686472234143
2022-08-10,133.20192322589057
2022-08-11,132.4458108469548
2022-08-12,132.7768301375122
2022-08-15,133.30057606351363
2022-08-16,132.7284214784378
2022-08-17,132.15250204750754
2022-08-18,132.0864169911529
2022-08-19,131.27522182534332
2022-08-22,130.53721326493323
2022-08-23,130.74553774127887
2022-08-24,130.70594442590257
2022-08-25,131.16534795676037
2022-08-26,130.19612547206725
2022-08-29,129.77109475175445
2022-08-30,129.7502391926645
2022-08-31,129.98500687685183
2022-09-01,129.6347024390943
2022-09-02,129.16519208522863
2022-09-06,128.72313650142027
2022-09-07,129.00595252728914
2022-09-08,128.83265820113849
2022-09-09,129.6352983702877
2022-09-12,129.78127687638337
2022-09-13,128.24072622839807
2022-09-14,128.7667476554252
2022-09-15,128.07638873610617
2022-09-16,128.27179137906836
2022-09-19,128.27588351839412
2022-09-20,128.73105995434344
2022-09-21,128.67049973096061
2022-09-22,128.1633741831863
2022-09-23,128.2250942175768
2022-09-26,128.9703658931586
2022-09-27,129.352306519784
2022-09-28,129.37964381871808
2022-09-29,128.3306171428095
2022-09-30,128.13607163781842
2022-10-03,127.7688649872179
2022-10-04,127.82514135322734
2022-10-05,128.055333375451
2022-10-06,128.37141393362748
2022-10-07,127.0231248042583
2022-10-10,126.72095032244128
2022-10-11,125.77654005069923
2022-10-12,126.14956398033192
2022-10-13,125.78836469138804
2022-10-14,124.85275618228438
2022-10-17,125.74432507421677
2022-10-18,125.26687592915395
2022-10-19,125.700792943845
2022-10-20,126.11705007931715
2022-10-21,126.0119176620619
2022-10-24,125.85815155747602
2022-10-25,126.4426032807789
2022-10-26,124.58729816787542
2022-10-27,122.97577280178824
2022-10-28,123.79376000947993
2022-10-31,123.24453535965674
2022-11-01,122.52135823687027
2022-11-02,121.36756844677798
2022-11-03,120.23472579714385
2022-11-04,120.43525805682707
2022-11-07,120.60565857737149
2022-11-08,120.83261072853588
2022-11-09,120.52740624473046
2022-11-10,122.67920973054238
2022-11-11,123.74205682644603
2022-11-14,123.71155724946563
2022-11-15,124.36283425514966
2022-11-16,123.60832973705493
2022-11-17,123.71402824221414
2022-11-18,123.15923304551013
2022-11-21,122.33705183931191
2022-11-22,122.45119970579168
2022-11-23,122.90572618487403
2022-11-25,122.12454231184454
2022-11-28,122.28385552592272
2022-11-29,121.567003210907
2022-11-30,123.2270461369944
2022-12-01,123.46910934845468
2022-12-02,123.11930210759346
2022-12-05,123.27052316529692
2022-12-06,122.48184966367415
2022-12-07,122.18966582759592
2022-12-08,122.6747090306904
2022-12-09,122.80984909556815
2022-12-12,122.5839998490837
2022-12-13,122.97088183984093
2022-12-14,122.84463819610536
2022-12-15,121.69683912767889
2022-12-16,121.9766180981338
2022-12-19,121.29091902318605
2022-12-20,121.03082362972948
2022-12-21,120.97762487516685
2022-12-22,119.72590768510231
2022-12-23,119.30888890362219
2022-12-27,118.08778235914565
2022-12-28,117.99513870792741
2022-12-29,118.73404539978081
2022-12-30,118.97613338408308
2023-01-03,118.67144044868402
2023-01-04,118.3233301084651
2023-01-05,117.81575522052485
2023-01-06,118.3535493132158
2023-01-09,119.18723751541494
2023-01-10,119.35902678378838
2023-01-11,119.90740504417128
2023-01-12,120.1181016132445
2023-01-13,120.47719662665295
2023-01-17,120.94313533607351
2023-01-18,121.28579081566235
2023-01-19,120.97485483425154
2023-01-20,122.01262396630138
2023-01-23,123.24445110151565
2023-01-24,123.12498293419563
2023-01-25,122.80573106358175
2023-01-26,123.83905200123972
2023-01-27,124.78507997108304
2023-01-30,123.81556362792648
2023-01-31,123.85008261436184
2023-02-01,125.16815228067541
2023-02-02,127.80002219016984
2023-02-03,126.8772987833148
2023-02-06,126.57763253787783
2023-02-07,127.53219106178967
2023-02-08,126.64942472934317
2023-02-09,126.62788072744651
2023-02-10,125.50389951825774
2023-02-13,126.03443660062703
2023-02-14,127.02419385079719
2023-02-15,127.58302190811844
2023-02-16,126.9367869470319
2023-02-17,126.35681210433758
2023-02-21,125.89078830536641
2023-02-22,126.15889311432555
2023-02-23,126.58738032172903
2023-02-24,125.81174791169607
2023-02-27,126.28264227420578
2023-02-28,126.58717306750475
2023-03-01,126.05311524111771
2023-03-02,126.11543195594446
2023-03-03,126.69090163447588
2023-03-06,126.74681916756182
2023-03-07,127.14105320725339
2023-03-08,127.56784185047991
2023-03-09,127.7139298798495
2023-03-10,127.76393251094815
2023-03-13,128.89513516922105
2023-03-14,129.71302028011078
2023-03-15,131.21414174934435
2023-03-16,132.35090652370516
2023-03-17,133.2838639385452
2023-03-20,132.4829461061042
2023-03-21,132.63356409442056
2023-03-22,133.09890460549911
2023-03-23,134.3141228872393
2023-03-24,133.92959766595004
2023-03-27,132.7636907087761
2023-03-28,132.3556401674835
2023-03-29,132.83822426466824
2023-03-30,133.31500562928335
2023-03-31,133.64837889321265
2023-04-03,132.81750102714057
2023-04-04,133.10794984427875
2023-04-05,132.13982925746404
2023-04-06,132.51380509080911
2023-04-10,132.30300167027
2023-04-11,131.41862813179893
2023-04-12,130.790790596988
2023-04-13,131.60387546625813
2023-04-14,131.67819251504122
2023-04-17,131.31855985323682
2023-04-18,131.2412281005216
2023-04-19,131.2016138584959
2023-04-20,130.9156598319682
2023-04-21,130.95050610230996
2023-04-24,130.54136491175348
2023-04-25,130.14480201557242
2023-04-26,131.49103289075578
2023-04-27,132.42995886078452
2023-04-28,132.21506605392253
2023-05-01,132.1969032903826
2023-05-02,132.53350212445326
2023-05-03,132.57621790804052
2023-05-04,133.0506097448414
2023-05-05,133.40883865928677
2023-05-08,133.70367390879318
2023-05-09,133.44212141072072
2023-05-10,134.26682592249665
2023-05-11,134.93988648368224
2023-05-12,134.6322929567876
2023-05-15,134.895954106086
2023-05-16,135.95725976958076
2023-05-17,135.95256648925587
2023-05-18,137.15639102683033
2023-05-19,137.04672486898792
2023-05-22,137.4511186177781
2023-05-23,137.2490862185889
2023-05-24,137.54149071827035
2023-05-25,139.67869442527
2023-05-26,141.41609964215618
2023-05-30,142.00332387903322
2023-05-31,141.98320579046694
2023-06-01,142.27170622375058
2023-06-02,141.29541894976828
2023-06-05,141.66646791152135
2023-06-06,141.3347701615815
2023-06-07,139.4190541952585
2023-06-08,140.30107862244984
2023-06-09,140.58518208963542
2023-06-12,141.67536949354388
2023-06-13,141.82890069553105
2023-06-14,142.6897584910376
2023-06-15,142.6218430432685
2023-06-16,142.2087483034514
2023-06-20,142.74575217088375
2023-06-21,141.52561307163572
2023-06-22,142.68041605121869
2023-06-23,142.34205491495507
2023-06-26,141.01001970097795
2023-06-27,141.87912947828244
2023-06-28,142.08435379368316
2023-06-29,141.24309599637118
2023-06-30,141.74838744180448
2023-07-03,141.91892516574103
2023-07-05,142.1264374880269
2023-07-06,142.15720378432775
2023-07-07,142.04385048622296
2023-07-10,141.73165714679297
2023-07-11,141.53053035575127
2023-07-12,142.17418383024952
2023-07-13,143.4495744676988
2023-07-14,143.50866065011968
2023-07-17,144.34765856034727
2023-07-18,144.45511259953756
2023-07-19,144.1009285177151
2023-07-20,141.71937964787566
2023-07-21,141.29433287413315
2023-07-24,140.89060353462216
2023-07-25,141.45935825346996
2023-07-26,140.96711418694164
2023-07-27,141.56965425036674
2023-07-28,142.75070706660026
2023-07-31,142.55371769858078
2023-08-01,142.63120958037396
2023-08-02,141.46927026818145
2023-08-03,141.6484954752477
2023-08-04,141.62584730182544
2023-08-07,141.58907594632703
2023-08-08,140.998424009837
2023-08-09,140.3866950563194
2023-08-10,140.59571659145337
2023-08-11,139.7808300789965
2023-08-14,140.57351477915822
2023-08-15,140.72104910371038
2023-08-16,140.26020203607052
2023-08-17,139.79335448420363
2023-08-18,139.55076637671158
2023-08-21,140.88249194404975
2023-08-22,141.06330718282865
2023-08-23,141.70933577699634
2023-08-24,140.62917709918466
2023-08-25,140.72716705419057
2023-08-28,140.8929656058393
2023-08-29,141.91863707092884
2023-08-30,142.12469873554926
2023-08-31,142.7597698404925
2023-09-01,142.3431845298079
2023-09-05,143.14282784114093
2023-09-06,142.84226075749208
2023-09-07,142.2575088632603
2023-09-08,142.2421206162915
2023-09-11,142.977793223409
2023-09-12,142.17229072296183
2023-09-13,142.54759813338285
2023-09-14,142.4847189704924
2023-09-15,141.75279372581053
2023-09-18,141.81742547024962
2023-09-19,141.8092426465036
2023-09-20,141.06256302307304
2023-09-21,140.80493967116269
2023-09-22,141.14197470125222
2023-09-25,141.21849452677594
2023-09-26,141.17191555321605
2023-09-27,141.44628544714678
2023-09-28,141.80737762467393
2023-09-29,142.25562830174624
2023-10-02,143.4999262407313
2023-10-03,142.89429113566487
2023-10-04,143.7918229795946
2023-10-05,143.4221885639586
2023-10-06,144.11424130702596
2023-10-09,143.9277618126718
2023-10-10,143.97546584937206
2023-10-11,144.41125352179532
2023-10-12,144.79211572524062
2023-10-13,143.68778450928855
2023-10-16,143.79938128054218
2023-10-17,143.33496117852832
2023-10-18,143.36506643812456
2023-10-19,143.2825711236941
2023-10-20,142.90111267243543
2023-10-23,143.58114409268273
2023-10-24,143.89300078904824
2023-10-25,142.41508823598278
2023-10-26,141.39276895875835
2023-10-27,142.71851281516922
2023-10-30,142.62114516390577
2023-10-31,142.40882219482253
2023-11-01,143.35177914122994
2023-11-02,143.20957225175138
2023-11-03,143.58218606452436
2023-11-06,143.83702063113378
2023-11-07,144.78460861621278
2023-11-08,144.77176991977151
2023-11-09,144.786835054992
2023-11-10,145.76728912866594
2023-11-13,145.4513354471229
2023-11-14,145.75467917346177
2023-11-15,145.55624238083425
2023-11-16,145.50281527741026
2023-11-17,145.35596409484054
2023-11-20,146.00175585415641
2023-11-21,145.47061479524245
2023-11-22,145.50424194443562
2023-11-24,145.20975159430594
2023-11-27,145.34476831469462
2023-11-28,145.58154774732083
2023-11-29,145.54214965526367
2023-11-30,144.6068687566022
2023-12-01,144.1668048248856
2023-12-04,143.5821541745394
2023-12-05,143.97104300193843
2023-12-06,143.717506258575
2023-12-07,144.62202906901672
2023-12-08,144.6447038920882
2023-12-11,145.31507833615746
2023-12-12,145.80644242665034
2023-12-13,145.65215011161953
2023-12-14,145.0603250483794
2023-12-15,146.00195185786944
2023-12-18,146.09975087299688
2023-12-19,145.9587073673198
2023-12-20,145.81034128090533
2023-12-21,146.121383995245
2023-12-22,146.04648496842577
2023-12-26,146.32270126887897
2023-12-27,146.35591907065228
2023-12-28,146.2295628400991
2023-12-29,146.0194320487811
2024-01-02,144.35631649015127
2024-01-03,144.00484462050628
2024-01-04,143.7267226254545
2024-01-05,143.7003508664288
2024-01-08,144.60596165936298
2024-01-09,145.11177739741737
2024-01-10,145.2736676911416
2024-01-11,145.64015730480747
2024-01-12,145.61399304744265
2024-01-16,146.13628160957052
2024-01-17,146.12420380219305
2024-01-18,146.89203996570882
2024-01-19,147.96057210186174
2024-01-22,147.84118736054364
2024-01-23,148.02292652582162
2024-01-24,148.6818077831478
2024-01-25,148.05811567524725
2024-01-26,147.36325041691228
2024-01-29,147.7026114016529
2024-01-30,146.8330078682956
2024-01-31,146.34508595276853
2024-02-01,146.15544004348283
2024-02-02,147.077201624313
2024-02-05,147.42202712262176
2024-02-06,146.70017321551373
2024-02-07,146.98383411906107
2024-02-08,147.19102857733736
2024-02-09,147.7857497130593
2024-02-12,147.2721434031857
2024-02-13,146.99979557436086
2024-02-14,147.26341306241326
2024-02-15,146.6897997277796
2024-02-16,146.08713409527664
2024-02-20,145.78709097606603
2024-02-21,145.07230410020597
2024-02-22,146.29177251597994
2024-02-23,145.76047062881574
2024-02-26,146.21924375188442
2024-02-27,146.2991546584595
2024-02-28,145.71276433008683
2024-02-29,146.43500768286765
2024-03-01,147.25738092974672
2024-03-04,146.88947107619532
2024-03-05,145.7090825804247
2024-03-06,145.88546551884448
2024-03-07,146.64405648397693
2024-03-08,145.40001004756502
2024-03-11,144.9848239811224
2024-03-12,145.49798675694024
2024-03-13,144.6063631429416
2024-03-14,144.52747803829013
2024-03-15,143.79690150116514
2024-03-18,144.31069517433613
2024-03-19,143.87074183311606
2024-03-20,144.24243409660446
2024-03-21,144.4476659150239
2024-03-22,144.88754474791477
2024-03-25,144.76169183141735
2024-03-26,144.56000837844664
2024-03-27,143.8435326249941
2024-03-28,143.6058267118513
2024-04-01,144.16065736716013
2024-04-02,143.8310210257211
2024-04-03,143.9956471375444
2024-04-04,143.54597516251252
2024-04-05,143.73590814781932
2024-04-08,143.69796451025786
2024-04-09,144.06294252975863
2024-04-10,144.24985101204274
2024-04-11,145.45555432881955
2024-04-12,145.14011054423926
2024-04-15,144.563501786115
2024-04-16,144.841086648895
2024-04-17,143.92562029273407
2024-04-18,143.39939358355673
2024-04-19,141.66910498058792
2024-04-22,141.78809406600192
2024-04-23,142.216360094086
2024-04-24,142.76589386616283
2024-04-25,142.61814685084354
2024-04-26,143.45985970056824
2024-04-29,143.5340477785261
2024-04-30,143.09434963616178
2024-05-01,142.52248055619788
2024-05-02,143.00396269854636
2024-05-03,144.09202704217088
2024-05-06,144.1814040503654
2024-05-07,144.04536805120733
2024-05-08,143.9464169093619
2024-05-09,143.43399535165543
2024-05-10,143.58727815535462
2024-05-13,143.89926102462795
2024-05-14,144.16340388737945
2024-05-15,144.62583086279696
2024-05-16,144.62959085233277
2024-05-17,144.3517187050656
2024-05-20,145.1909505424156
2024-05-21,145.11911964511376
2024-05-22,145.50940912797623
2024-05-23,145.92067829840317
2024-05-24,146.33238582412335
2024-05-28,146.78258407130784
2024-05-29,146.7758295259752
2024-05-30,146.17301868171313
2024-05-31,144.58418019768305
2024-06-03,145.24211510534138
2024-06-04,145.47694042901352
2024-06-05,146.66655596850242
2024-06-06,146.61866591480072
2024-06-07,146.66724610151186
2024-06-10,146.8060755311702
2024-06-11,147.45845660768683
2024-06-12,148.17286437200275
2024-06-13,148.67665961158374
2024-06-14,149.3561334088532
2024-06-17,149.99192450200644
2024-06-18,149.65804885160816
2024-06-20,148.9090183861719
2024-06-21,148.7094264687098
2024-06-24,147.4958644112754
2024-06-25,148.61031731201834
2024-06-26,148.73155619506804
2024-06-27,148.880762221904
2024-06-28,148.69310229408032
2024-07-01,149.2579871062417
2024-07-02,149.81692569733866
2024-07-03,150.39480193491798
2024-07-05,151.09167581111907
2024-07-08,151.27645086695807
2024-07-09,151.26015734171781
2024-07-10,151.33973209155283
2024-07-11,149.3082737502612
2024-07-12,149.24402712458186
2024-07-15,149.23476376685
2024-07-16,148.41182380251672
2024-07-17,146.10376082229126
2024-07-18,146.53840475918662
2024-07-19,146.21048106858188
2024-07-22,146.87444561247423
2024-07-23,146.5866796565128
2024-07-24,144.60572931618057
2024-07-25,143.76008880917178
2024-07-26,143.6259202431299
2024-07-29,143.82989477720892
2024-07-30,142.57727502886857
2024-07-31,144.44871627151306
2024-08-01,142.97458512181166
2024-08-02,142.22917486075437
2024-08-05,142.12772583209875
2024-08-06,142.17500135497994
2024-08-07,141.58163350196236
2024-08-08,142.61582388918373
2024-08-09,142.73123697143797
2024-08-12,142.963503234338
2024-08-13,144.14034317647645
2024-08-14,143.73362094479182
2024-08-15,144.8814814193019
2024-08-16,144.7432306771728
2024-08-19,145.2557617359395
2024-08-20,145.18702730705056
2024-08-21,145.36463336894278
2024-08-22,144.19157214790482
2024-08-23,144.2229998163093
2024-08-26,143.16408132261813
2024-08-27,143.39489539452217
2024-08-28,142.59549880461796
2024-08-29,142.37402545015593
2024-08-30,142.70874635229092
2024-09-03,141.28344377193753
2024-09-04,141.20534299567103
2024-09-05,141.68176982661714
2024-09-06,140.24686514762928
2024-09-09,140.47758200409115
2024-09-10,141.1609851672423
2024-09-11,142.76174178055678
2024-09-12,142.9589536072533
2024-09-13,142.85333327100815
2024-09-16,142.01244560450164
2024-09-17,142.02942640361243
2024-09-18,141.8351642761878
2024-09-19,142.98150810114961
2024-09-20,142.9564631563496
2024-09-23,142.9781169998862
2024-09-24,143.25787489289783
2024-09-25,143.70764495277535
2024-09-26,144.2155482178491
2024-09-27,143.6224721501424
2024-09-30,143.43715553369645
2024-10-01,142.717258257415
2024-10-02,142.8585930963859
2024-10-03,143.01336043250294
2024-10-04,143.41171173400713
2024-10-07,143.16986224914314
2024-10-08,143.94664143663817
2024-10-09,144.08129610866177
2024-10-10,144.16997287751772
2024-10-11,143.53584939065652
2024-10-14,143.5661706711951
2024-10-15,142.75635236472715
2024-10-16,142.15589407311847
2024-10-17,142.24213647969432
2024-10-18,142.62586662855384
2024-10-21,143.1349531290232
2024-10-22,143.36712288738022
2024-10-23,142.47200595602493
2024-10-24,143.31737049627534
2024-10-25,144.24047802716947
2024-10-28,143.81914773557557
2024-10-29,144.966459233036
2024-10-30,144.30740800328485
2024-10-31,143.4772937023601
2024-11-01,143.93137017595734
2024-11-04,143.8218762622546
2024-11-05,143.91639259795608
2024-11-06,144.2390396885132
2024-11-07,145.38584117894192
2024-11-08,144.92790869844237
2024-11-11,144.70545989229964
2024-11-12,144.89366807062382
2024-11-13,144.6369559934982
2024-11-14,144.56130124458747
2024-11-15,142.9479784541383
2024-11-18,143.35373860070163
2024-11-19,143.8143122909511
2024-11-20,143.68274029896938
2024-11-21,143.42962991614655
2024-11-22,143.21581953922038
2024-11-25,142.95743113430174
2024-11-26,142.97843382314477
2024-11-27,142.28383226681999
2024-11-29,142.64791741210013
2024-12-02,143.94303863923085
2024-12-03,144.31748934530725
2024-12-04,145.20002150350038
2024-12-05,145.03632687093025
2024-12-06,146.05749321951367
2024-12-09,145.6701779451895
2024-12-10,145.62662548647637
2024-12-11,147.09653889914352
2024-12-12,146.90414244850066
2024-12-13,148.05795024916443
2024-12-16,149.55153659097738
2024-12-17,149.50890642541137
2024-12-18,148.54219858618944
2024-12-19,147.9261087513545
2024-12-20,147.44689790493993
2024-12-23,147.99716660923482
2024-12-24,148.3549966540961
2024-12-26,148.24437889770684
2024-12-27,147.8298602310306
2024-12-30,147.54748923262557
2024-12-31,146.82828580700652
2025-01-02,146.90204355268835
2025-01-03,147.46230475923093
2025-01-06,148.30278820018225
2025-01-07,147.3217767764757
2025-01-08,147.13255916998494
2025-01-10,147.07076465030343
2025-01-13,146.3711575216613
2025-01-14,146.03123966603687
2025-01-15,146.7220211661271
2025-01-16,145.97480144245597
2025-01-17,146.96310578846177
2025-01-21,146.48420122237246
2025-01-22,147.52782576627192
2025-01-23,147.0389078980677
2025-01-24,146.63603732393202
2025-01-27,144.4095236753283
2025-01-28,145.29546518914606
2025-01-29,145.67563421905118
2025-01-30,145.51554185883205
2025-01-31,146.08155996620806
2025-02-03,145.8942542768809
2025-02-04,146.7010283586055
2025-02-05,146.77164212280772
2025-02-06,147.02678005196398
2025-02-07,146.51339679353518
2025-02-10,147.28669964659733
2025-02-11,146.82437806295766
2025-02-12,147.3854062098511
2025-02-13,147.94369915481852
2025-02-14,148.57218232856988
2025-02-18,148.47307218357108
2025-02-19,148.16548712046546
2025-02-20,148.1529020604096
2025-02-21,147.60269603854718
2025-02-24,146.52711922297067
2025-02-25,145.40408951082082
2025-02-26,145.68180321623336
2025-02-27,143.93350570637915
2025-02-28,143.95982823452866
2025-03-03,143.32059346760587
2025-03-04,144.599673603261
2025-03-05,144.92703508438322
2025-03-06,143.48722734363878
2025-03-07,143.7367600378316
2025-03-10,141.94689162968896
2025-03-11,142.79460462076673
2025-03-12,143.6432196303637
2025-03-13,142.96478015164453
2025-03-14,143.45707609741964
2025-03-17,143.28233780415295
2025-03-18,142.37860863142723
2025-03-19,142.7294294989803
2025-03-20,142.6581315437925
2025-03-21,143.0812529808184
2025-03-24,143.64854219038864
2025-03-25,144.1218378024392
2025-03-26,143.17922104581643
2025-03-27,142.7424344943327
2025-03-28,141.84082318194882
2025-03-31,140.888989199346
2025-04-01,141.62467700044857
2025-04-02,141.7612294153048
2025-04-03,141.12705946273772
2025-04-04,140.5925449716791
2025-04-07,141.18330914068127
2025-04-08,140.84687426892373
2025-04-09,142.7602449325277
2025-04-10,142.95235092346482
2025-04-11,143.03387113285052
2025-04-14,142.6197252523527
2025-04-15,143.17976886884702
2025-04-16,142.01921240878966
2025-04-17,141.79131602237746
2025-04-21,141.65419834625155
2025-04-22,141.68654672030812
2025-04-23,142.68873993033918
2025-04-24,143.67927365114994
2025-04-25,144.23884220050743
2025-04-28,144.1380798327634
2025-04-29,144.18175703016928
2025-04-30,144.1063931124927
2025-05-01,144.96120509041316
2025-05-02,144.96113842832366
2025-05-05,144.93228498256587
2025-05-06,144.79439023574082
2025-05-07,144.75406007030688
2025-05-08,145.23665265218895
2025-05-09,145.32663774666415
2025-05-12,146.40883295776365
2025-05-13,147.66502354553654
2025-05-14,148.36039866052258
2025-05-15,147.80156834433535
2025-05-16,147.51052099759582
2025-05-19,147.49059973179428
2025-05-20,147.49491297821154
2025-05-21,147.9380995860646
2025-05-22,148.15643401232035
2025-05-23,147.7931829558517
2025-05-27,148.18913296644203
2025-05-28,148.39088227902687
2025-05-29,148.0979707165139
2025-05-30,148.02991915866167
2025-06-02,148.36341607777308
2025-06-03,148.67533499164094
2025-06-04,149.1298420151001
2025-06-05,148.72612586273516
2025-06-06,148.6534299327716
2025-06-09,148.73821777427042
2025-06-10,148.87783802431468
2025-06-11,148.8006086396594
2025-06-12,148.55950975119055
2025-06-13,148.35299621402498
2025-06-16,148.99895290177548
2025-06-17,148.8176975734137
2025-06-18,148.81481045602095
2025-06-20,148.55605429030263
2025-06-23,148.61562338319104
2025-06-24,149.23957018505595
2025-06-25,149.537318754355
2025-06-26,149.76382203380976
2025-06-27,149.53358806059532
2025-06-30,149.7860131752798
2025-07-01,148.5714626642592
2025-07-02,148.93116797084957
2025-07-03,149.2206194769537
2025-07-07,149.20846793384192
2025-07-08,149.37407956147453
2025-07-09,149.53474769826997
2025-07-10,148.899754360958
2025-07-11,149.0887707096273
2025-07-14,149.34452363071205
2025-07-15,150.12295162831592
2025-07-16,149.7759454309115
2025-07-17,150.06966349153709
2025-07-18,150.0352816963953
2025-07-21,150.52776815287697
2025-07-22,149.72724695906462
2025-07-23,149.1413825149785
2025-07-24,149.40933031278897
2025-07-25,149.13896571008794
2025-07-28,149.6425998893367
2025-07-29,149.80595976680448
2025-07-30,150.19581696666654
2025-07-31,149.9624458679117
2025-08-01,149.45804587669568
2025-08-04,149.93679442201665
2025-08-05,149.67764564307146
2025-08-06,150.40899266617683
2025-08-07,151.0445379431377
2025-08-08,151.27393424236476
2025-08-11,151.1251757261985
2025-08-12,151.41272330516912
2025-08-13,150.9716136719045
2025-08-14,150.84052618274296
2025-08-15,150.52964538154885
2025-08-18,150.5024280427549
2025-08-19,149.27029307891047
2025-08-20,148.77932050021832
2025-08-21,148.6870300660995
2025-08-22,148.69736641010746
2025-08-25,148.92381013590082
2025-08-26,148.8983698494838
2025-08-27,148.78818104052982
2025-08-28,149.1912399312349
2025-08-29,148.34901117033354
2025-09-02,148.20403150478475
2025-09-03,148.56491395841013
2025-09-04,148.667122959517
2025-09-05,149.3140910913323
2025-09-08,149.67473145961222
2025-09-09,149.75260607054798
2025-09-10,149.36980142816583
2025-09-11,149.00100866535524
2025-09-12,149.7092522027198
2025-09-15,150.19069525619906
2025-09-16,150.27068055212166
2025-09-17,150.15730700430788
2025-09-18,150.80661813549256
2025-09-19,151.0792181402624
2025-09-22,151.25797776094942
2025-09-23,151.07571663473507
2025-09-24,151.02583737590493
2025-09-25,151.07167145213856
2025-09-26,150.82861372911694
2025-09-29,151.10246182444308
2025-09-30,150.94777509670587
2025-10-01,151.1567756606763
2025-10-02,151.6035951354649
2025-10-03,150.96758491548357
2025-10-06,151.55786638067332
2025-10-07,151.3208507768868
2025-10-08,152.14830190999086
2025-10-09,152.40566323577403
2025-10-10,151.2016800448671
2025-10-13,152.07689068039855
2025-10-14,151.24866404192082
2025-10-15,151.6427746454387
2025-10-16,152.1172252513874
2025-10-17,152.2519031807152
2025-10-20,152.58346433124962
2025-10-21,152.5458477009643
2025-10-22,151.8657503444108
2025-10-23,152.239622706678
2025-10-24,152.61799823718712
2025-10-27,153.5247603286402
2025-10-28,154.29555202246337
2025-10-29,154.91592894070422
2025-10-30,154.24386471391654
2025-10-31,154.481201552639
2025-11-03,154.92962552568855
2025-11-04,153.60563547466649
2025-11-05,154.07135197153687
2025-11-06,152.84130443655513
2025-11-07,152.20919483577825
2025-11-10,153.18632248575543
2025-11-11,152.42937294916547
2025-11-12,152.22450405299807
2025-11-13,151.63286227551785
2025-11-14,151.7723883584357
2025-11-17,151.89121603533903
2025-11-18,151.31250241479927
2025-11-19,151.63005844188731
2025-11-20,150.33210296211817
2025-11-21,149.96763362576942
2025-11-24,151.57188168903826
2025-11-25,151.08502905752482
2025-11-26,151.3749734972156
2025-11-28,151.77373675337782
2025-12-01,151.95770018845508
2025-12-02,152.86380507239986
2025-12-03,152.70856953479355
2025-12-04,152.45504112608418
2025-12-05,152.7864786286885
2025-12-08,152.95283894770802
2025-12-09,153.27378886468082
2025-12-10,152.88758626189133
2025-12-11,152.0392659320024
2025-12-12,150.75344634130198
2025-12-15,150.22373060392556
2025-12-16,150.9338301992296
2025-12-17,149.78411279369388
2025-12-18,150.815675973227
2025-12-19,151.40931522386833
2025-12-22,151.19319799114953
2025-12-23,151.2101645531919
2025-12-24,151.12094887248298
2025-12-26,151.12658591386503
2025-12-29,150.93293077384834
2025-12-30,150.7669689238852
2025-12-31,150.63683773784481
2026-01-02,150.0699625192132
2026-01-05,150.26119493169816
2026-01-06,150.68530429838106
2026-01-07,151.31811892624643
2026-01-08,150.4725241474921
2026-01-09,150.97282539228334
2026-01-12,150.86120348579115
2026-01-13,150.9392969566908
2026-01-14,150.0644543398693
2026-01-15,150.19557869074538
2026-01-16,150.19579402244113
2026-01-20,150.0592910046981
2026-01-21,150.35261572290247
2026-01-22,150.6586671274354
2026-01-23,151.07956203436322
2026-01-26,150.97763307791485
2026-01-27,151.7417120044616
2026-01-28,152.25951294136058
2026-01-29,151.64915893477027
2026-01-30,150.27591870298184
2026-02-02,150.5593072411048
2026-02-03,149.51027671551878
2026-02-04,147.61350439092638
2026-02-05,147.32859061615525
2026-02-06,147.61091637173124
2026-02-09,148.0278861284349
2026-02-10,147.73072855959634
2026-02-11,148.16117931895383
2026-02-12,147.42530004640585
2026-02-13,147.6354397679289
2026-02-17,147.24579310394492
2026-02-18,147.601735581915
2026-02-19,147.42528705637474
2026-02-20,147.661968277509
2026-02-23,147.37200165010654
2026-02-24,147.88012987305567
2026-02-25,148.7680500358542
2026-02-26,147.7941474478135
2026-02-27,148.0319407720217
2026-03-02,148.14269103221451
2026-03-03,147.86003067362378
2026-03-04,149.0622022579976
2026-03-05,149.4463643741985
2026-03-06,149.15316549473232
2026-03-09,149.8326741964935
2026-03-10,150.07633898267275
2026-03-11,150.245170899852
2026-03-12,149.94334055934416
2026-03-13,149.90305385678238
2026-03-16,150.05748997537037
2026-03-17,150.39417097517176
2026-03-18,150.39629750085217
2026-03-19,150.29139266948917
2026-03-20,149.65922623157797
2026-03-23,149.80421682694256
2026-03-24,149.2811378383459
2026-03-25,149.4300286923274
2026-03-26,148.51574247187403
2026-03-27,148.14030272536044
2026-03-30,147.50119081258111
2026-03-31,148.18718544897595
2026-04-01,148.8959186617294
2026-04-02,148.9325315898431
2026-04-06,149.12382058164224
2026-04-07,149.08104335673008
2026-04-08,149.70071141530076
2026-04-09,149.8488961297082
2026-04-10,150.1643671995384
2026-04-13,150.24916709702353
2026-04-14,151.1356610146838
2026-04-15,152.05163290902368
2026-04-16,152.40945743074977
2026-04-17,152.5598044538275
2026-04-20,152.38017512437904
2026-04-21,152.8010034744846
2026-04-22,153.7999521590213
2026-04-23,153.5294526200781
2026-04-24,155.26290595368505
2026-04-27,155.07759611552785
2026-04-28,154.2686894018065
2026-04-29,155.23581993636182
2026-04-30,155.1399986776778
2026-05-01,156.1967690973615
2026-05-04,156.47573619200244
2026-05-05,157.24440400319122
2026-05-06,158.31063403313024
2026-05-07,158.6080832971445
2026-05-08,160.99679878049824
2026-05-11,161.09620302854756
2026-05-12,159.97214549437936
2026-05-13,160.762374866499
2026-05-14,160.63691900816872
2026-05-15,160.13963640769524
2026-05-18,159.56293428371777
2026-05-19,159.64298924563224
2026-05-20,160.64086781049684
2026-05-21,160.6286730256237
2026-05-22,160.67812376934245
2026-05-26,162.4525256754448
2026-05-27,162.29599220878504
2026-05-28,162.76641381268723
2026-05-29,162.9600455345702
2026-06-01,163.4926229794747
2026-06-02,164.02270086028165
2026-06-03,164.75014596231105
2026-06-04,163.33599666061312
2026-06-05,159.61526852794094
2026-06-08,161.74157689247522
2026-06-09,160.35108355380822
2026-06-10,159.6650170136835
2026-06-11,162.29927416341238
2026-06-12,162.37618870572962
2026-06-15,164.57490738712087
2026-06-16,162.4153446641981
2026-06-17,162.81295775402893
2026-06-18,165.1765912988485
2026-06-22,165.28210218633507
2026-06-23,162.1949249912207
2026-06-24,161.58117202515564
2026-06-25,162.65573447692736
2026-06-26,161.58549199138565
2026-06-29,162.91752867632317
2026-06-30,164.40929898167866
2026-07-01,162.12133286486556
2026-07-02,159.52076839330786
2026-07-06,160.4086528246064
2026-07-07,158.1888238285455
2026-07-08,159.12863342582258
2026-07-09,160.41891794509934
2026-07-10,160.22293408783358
2026-07-13,158.39461841335137
2026-07-14,159.5971949977824
2026-07-15,158.53638052773127
2026-07-16,156.77949145690022
2026-07-17,155.96679587456111
2026-07-20,156.38299858705312
2026-07-21,157.96582517453342
2026-07-22,157.34219515239988
2026-07-23,156.2853180854072
2026-07-24,154.38257445523448
2026-07-27,153.87316793345136
2026-07-28,152.01352829821894
2026-07-29,151.24420269337838
2026-07-30,153.6552152263257
2026-07-31,153.54776955872686
2026-08-03,154.04969754136891
2026-08-04,156.46161050044853
2026-08-05,155.35599944381264
2026-08-06,155.02976367540705
2026-08-07,155.8943008422435
2026-08-10,155.47481754954464
2026-08-11,155.4495726656577
2026-08-12,156.19430598076437
2026-08-13,156.90596330178664
2026-08-14,157.00245639895138
2026-08-17,157.48924791471964
2026-08-18,155.87530224711062
2026-08-19,155.2389806889803
2026-08-20,155.4280782319642
2026-08-21,155.34130646608315
2026-08-24,154.24426112530983
2026-08-25,154.71066783164446
2026-08-26,154.81779659519063
2026-08-27,155.91585187927137
2026-08-28,155.256315041085
2026-08-31,155.79357994531196
2026-09-01,154.87532577496816
2026-09-02,154.5398227904948
2026-09-03,154.7566157865548
2026-09-04,155.63464879221902
2026-09-08,156.36354441786784
2026-09-09,156.6453728758239
2026-09-10,155.91359330020637
2026-09-11,155.94607230752788
2026-09-14,155.39597469077324
2026-09-15,155.09061213715623
2026-09-16,155.8173709046497
2026-09-17,156.7376504825334
2026-09-18,157.525309417129
2026-09-21,159.59081941420112
2026-09-22,160.90505401305526
2026-09-23,160.7171327414119
2026-09-24,160.8252319171741
2026-09-25,160.68964366274264
2026-09-28,160.1612777773609
