Date,rs_korea
2016-07-15,100.0
2016-07-18,99.92234010864854
2016-07-19,99.81515064824221
2016-07-20,99.33087113068596
2016-07-21,99.54721107162233
2016-07-22,99.01012036287206
2016-07-25,99.37752208374968
2016-07-26,100.07311639778165
2016-07-27,100.06628507504148
2016-07-28,99.75588219538454
2016-07-29,99.35312407900523
2016-08-01,100.09743818413102
2016-08-02,100.21774265118954
2016-08-03,98.7260282776152
2016-08-04,98.88016103198368
2016-08-05,98.95626995963985
2016-08-08,99.66198608436501
2016-08-09,100.22342299061837
2016-08-10,100.51433567982806
2016-08-11,100.25360226743227
2016-08-12,100.42257506744603
2016-08-16,100.51993318446617
2016-08-17,100.13473782942393
2016-08-18,100.48348153406094
2016-08-19,100.6683319773453
2016-08-22,99.98356946168796
2016-08-23,100.1622990134315
2016-08-24,100.374225100467
2016-08-25,100.40212312163605
2016-08-26,100.32469979691088
2016-08-29,99.58073692277253
2016-08-30,100.10787648790496
2016-08-31,100.14286790925364
2016-09-01,100.04327292261065
2016-09-02,99.86820468861791
2016-09-06,100.94575378011035
2016-09-07,100.72780550035469
2016-09-08,101.04887185197957
2016-09-09,102.22949773702447
2016-09-12,98.48929569453479
2016-09-13,100.32117304324848
2016-09-19,100.55185627007648
2016-09-20,101.0424674060791
2016-09-21,100.42586454924978
2016-09-22,100.46902519820848
2016-09-23,101.23794327869963
2016-09-26,101.71902863006459
2016-09-27,101.86727040340881
2016-09-28,100.8845712858817
2016-09-29,102.58213591827055
2016-09-30,100.57904097215985
2016-10-04,101.89486340238597
2016-10-05,101.35414050310271
2016-10-06,101.89049167846001
2016-10-07,101.67183102054584
2016-10-10,101.29373125352774
2016-10-11,101.34795219566311
2016-10-12,101.30484963331314
2016-10-13,100.72366774298827
2016-10-14,101.0323397967149
2016-10-17,101.63242402943486
2016-10-18,101.63859596092324
2016-10-19,101.39354141518291
2016-10-20,101.56625102369668
2016-10-21,101.14067102741657
2016-10-24,101.44257659529106
2016-10-25,101.25824508329029
2016-10-26,100.30247084404257
2016-10-27,101.08153628998926
2016-10-28,101.1457692216406
2016-10-31,100.57855209490964
2016-11-01,101.27222555714246
2016-11-02,100.44145066359383
2016-11-03,101.15109444310598
2016-11-04,101.1717925200734
2016-11-07,99.76553374340098
2016-11-08,99.60657630117214
2016-11-09,96.34772500704031
2016-11-10,98.277976609092
2016-11-11,97.61126013580039
2016-11-14,97.041718923966
2016-11-15,95.95531743711865
2016-11-16,96.72809992784165
2016-11-17,96.27713202175872
2016-11-18,96.20218136288419
2016-11-21,95.06870379788862
2016-11-22,95.7240603457741
2016-11-23,95.8881014220994
2016-11-25,94.88490114079129
2016-11-28,95.50965855243963
2016-11-29,95.33626960875398
2016-11-30,95.81143671873014
2016-12-01,96.17796983227453
2016-12-02,95.49304589628782
2016-12-05,94.57348021065538
2016-12-06,95.54729079645968
2016-12-07,94.40982914351848
2016-12-08,96.03167894816484
2016-12-09,95.15528198502106
2016-12-12,95.384602715673
2016-12-13,95.16073132506044
2016-12-14,95.99466874968925
2016-12-15,95.59074767694497
2016-12-16,96.04095476540867
2016-12-19,95.65163891297989
2016-12-20,95.45001564789594
2016-12-21,95.52980641375805
2016-12-22,95.59038947384447
2016-12-23,95.45859857937812
2016-12-27,95.51560363198804
2016-12-28,95.47775560533202
2016-12-29,95.59195515110459
2017-01-03,96.03695564187355
2017-01-04,95.54702234147561
2017-01-05,95.45048355210125
2017-01-06,95.44417746250929
2017-01-09,95.74435926419997
2017-01-10,95.57331716968116
2017-01-11,96.70432314854477
2017-01-12,97.50687150000297
2017-01-13,96.8011503478689
2017-01-17,96.91330750426378
2017-01-18,96.63753267380574
2017-01-19,97.10223163110628
2017-01-20,96.41168140152058
2017-01-23,96.68098661883933
2017-01-24,96.05435377373746
2017-01-25,95.2844591212856
2017-01-26,96.15254069795353
2017-01-31,96.16809114758745
2017-02-01,96.73029806883454
2017-02-02,96.22659074675506
2017-02-03,95.66705237175826
2017-02-06,96.04642636588194
2017-02-07,95.92896718113734
2017-02-08,95.33576119935667
2017-02-09,94.81024192748424
2017-02-10,94.85812215270496
2017-02-13,94.5069509567945
2017-02-14,93.94611423043527
2017-02-15,93.8767480559991
2017-02-16,93.86564300064245
2017-02-17,93.66120167773491
2017-02-21,94.10688550207207
2017-02-22,94.35534125210785
2017-02-23,94.33717047051516
2017-02-24,93.61369048262492
2017-02-27,93.08377811281115
2017-02-28,93.60955646988401
2017-03-02,93.39143507718788
2017-03-03,92.27181074420653
2017-03-06,92.66359879910854
2017-03-07,93.50786762805173
2017-03-08,93.74263271485108
2017-03-09,93.42954145802355
2017-03-10,93.38334994709511
2017-03-13,94.23693703472628
2017-03-14,95.32220980147054
2017-03-15,94.46985362307626
2017-03-16,95.4140019671758
2017-03-17,96.22646848557696
2017-03-20,95.99522101101397
2017-03-21,98.20720310263687
2017-03-22,97.5232722510057
2017-03-23,97.82645199519906
2017-03-24,97.72771872083452
2017-03-27,97.22869120495594
2017-03-28,96.86884618238861
2017-03-29,96.94255545204989
2017-03-30,96.53046270728323
2017-03-31,96.55857154279434
2017-04-03,97.05277177929648
2017-04-04,96.70411669159779
2017-04-05,96.98122951910642
2017-04-06,96.34684783917864
2017-04-07,96.39946434652877
2017-04-10,95.51783173317054
2017-04-11,95.20708700214327
2017-04-12,95.85390944405687
2017-04-13,97.37335533290474
2017-04-17,96.39018452342609
2017-04-18,96.80033344902726
2017-04-19,96.524539452436
2017-04-20,96.22660086786786
2017-04-21,97.24797307036874
2017-04-24,96.57662727437226
2017-04-25,97.03873644811516
2017-04-26,97.58555693554499
2017-04-27,97.57528551664981
2017-04-28,97.61048186915063
2017-05-02,97.9563976577648
2017-05-04,98.91245890743488
2017-05-08,100.80621132472069
2017-05-10,99.72339036658146
2017-05-11,101.08300429622601
2017-05-12,100.79582774496181
2017-05-15,100.44514948021965
2017-05-16,100.74262843672824
2017-05-17,102.46196868154433
2017-05-18,101.77226664721557
2017-05-19,101.18799397978249
2017-05-22,101.36089938541413
2017-05-23,101.47553288966027
2017-05-24,101.48461478879673
2017-05-25,102.11722226939712
2017-05-26,102.67761905307329
2017-05-30,102.25988263673183
2017-05-31,102.44677252361257
2017-06-01,101.51859127378967
2017-06-02,102.35175252643623
2017-06-05,102.29339623282046
2017-06-07,102.06519677649268
2017-06-08,102.16321377832958
2017-06-09,103.10291800145947
2017-06-12,102.09273258087596
2017-06-13,102.3211151752716
2017-06-14,102.362097106015
2017-06-15,102.08441993136177
2017-06-16,102.06986255916507
2017-06-19,101.61592019588875
2017-06-20,102.23378549865852
2017-06-21,101.7540813273796
2017-06-22,102.35458596119342
2017-06-23,102.58748393239306
2017-06-26,102.9535638407163
2017-06-27,103.93267478968372
2017-06-28,102.60629648582524
2017-06-29,104.08525936818667
2017-06-30,103.72372603157439
2017-07-03,103.66460581752605
2017-07-05,103.16074221471467
2017-07-06,104.0892400255879
2017-07-07,103.0746627377545
2017-07-10,103.06056479576453
2017-07-11,103.73899949915149
2017-07-12,102.78346552718935
2017-07-13,103.37124894153777
2017-07-14,103.11084943315862
2017-07-17,103.57059436116016
2017-07-18,103.55592755725847
2017-07-19,103.1638423986998
2017-07-20,103.6229280538814
2017-07-21,104.06440557938694
2017-07-24,104.15214983419101
2017-07-25,103.40669353966004
2017-07-26,103.17406668226496
2017-07-27,103.64039150401992
2017-07-28,101.96780721121553
2017-07-31,102.09875616702826
2017-08-01,102.73027417582854
2017-08-02,102.87836385685527
2017-08-03,101.34676858908824
2017-08-04,101.5268997005358
2017-08-07,101.47812927344137
2017-08-08,101.55798031417491
2017-08-09,100.44500439098776
2017-08-10,101.4993802529604
2017-08-11,99.64185529553866
2017-08-14,99.28092943749736
2017-08-16,99.7163038501069
2017-08-17,101.87402473168297
2017-08-18,101.89097103454523
2017-08-21,101.66579079986687
2017-08-22,101.05500495917514
2017-08-23,101.46450229285458
2017-08-24,102.10725613106221
2017-08-25,101.98374928109885
2017-08-28,101.62757827102284
2017-08-29,101.27324078758362
2017-08-30,101.1175318504073
2017-08-31,100.12726670924775
2017-09-01,99.7531611567522
2017-09-05,99.15070373177134
2017-09-06,98.52460346127549
2017-09-07,99.65664225160583
2017-09-08,99.66879448186849
2017-09-11,99.2632873215309
2017-09-12,99.19777775430573
2017-09-13,98.92848122760472
2017-09-14,99.69303403759753
2017-09-15,99.91118086222662
2017-09-18,101.04203888677642
2017-09-19,100.85080048341659
2017-09-20,100.65386930201299
2017-09-21,100.68582202598813
2017-09-25,99.77782806397353
2017-09-26,99.4630437282818
2017-09-27,99.00418948024803
2017-09-28,98.90928296383392
2017-09-29,99.44875466567655
2017-10-10,99.73683332809684
2017-10-11,100.57667840316739
2017-10-12,101.40697007855812
2017-10-13,101.23704218860252
2017-10-16,101.36501935051704
2017-10-17,101.47006972386849
2017-10-18,101.31124940267982
2017-10-19,100.8817328606665
2017-10-20,101.03261221341968
2017-10-23,101.44789546933741
2017-10-24,101.28783535121353
2017-10-25,101.87387583187977
2017-10-26,101.25781231695443
2017-10-27,101.08446522897474
2017-10-30,101.67778928980415
2017-10-31,102.39203537095582
2017-11-01,103.59571415771936
2017-11-02,103.1459756044718
2017-11-03,103.27144407426371
2017-11-06,102.76682847029555
2017-11-07,102.67816126561857
2017-11-08,102.78412025259114
2017-11-09,103.08438095321044
2017-11-10,102.80824593946454
2017-11-13,102.20385127416702
2017-11-14,102.29156797924908
2017-11-15,102.46475603142231
2017-11-16,102.26836669070009
2017-11-17,102.53740708304397
2017-11-20,102.10744493262438
2017-11-21,101.56533651996588
2017-11-22,102.04929285039941
2017-11-24,101.96722813973527
2017-11-27,100.55384020313846
2017-11-28,99.79725424316459
2017-11-29,99.80677917876447
2017-11-30,97.50229405280312
2017-12-01,97.66717309617542
2017-12-04,98.8228350475048
2017-12-05,99.51453531527396
2017-12-06,98.07857624046086
2017-12-07,97.28075429192124
2017-12-08,96.83250305326118
2017-12-11,96.83513403222229
2017-12-12,96.2542240503539
2017-12-13,97.02977193001692
2017-12-14,96.99308481916138
2017-12-15,96.68245880314872
2017-12-18,96.06587539274129
2017-12-19,96.30607246301966
2017-12-21,94.26911582940384
2017-12-22,94.70941810788251
2017-12-26,94.30998012962532
2017-12-27,94.62641242832596
2017-12-28,95.62655893065998
2018-01-02,95.77601248839713
2018-01-03,95.43120789827515
2018-01-04,94.27044538615667
2018-01-05,94.82564581379708
2018-01-08,95.24986960191755
2018-01-09,94.91941664939563
2018-01-10,94.6679723148187
2018-01-11,93.53710895018281
2018-01-12,93.24917325015353
2018-01-16,94.51806417652814
2018-01-17,93.39136670155122
2018-01-18,93.56276151618347
2018-01-19,93.30370895247579
2018-01-22,91.8847046291557
2018-01-23,92.95397118107822
2018-01-24,93.04138808318675
2018-01-25,93.88987434073294
2018-01-26,93.26915954844549
2018-01-29,94.74602268203883
2018-01-30,94.60605516008046
2018-01-31,94.51189092978332
2018-02-01,94.69603279715443
2018-02-02,95.17718874815235
2018-02-05,98.00831824679888
2018-02-06,94.63190209785853
2018-02-07,92.94706642839805
2018-02-08,97.01496282198252
2018-02-09,93.83842592095519
2018-02-12,93.32586195895139
2018-02-13,93.47715694686995
2018-02-14,93.2581967035268
2018-02-20,92.37959957832108
2018-02-21,93.39998420664622
2018-02-22,92.68901529993234
2018-02-23,92.64205409574787
2018-02-26,91.80761054738934
2018-02-27,92.91135198138826
2018-02-28,92.76235290279017
2018-03-02,92.67607519028996
2018-03-05,90.583620053243
2018-03-06,91.73740648622936
2018-03-07,91.40606795958018
2018-03-08,92.14985414177815
2018-03-09,91.5552727467475
2018-03-12,92.58986575669542
2018-03-13,93.58115846082534
2018-03-14,93.74672603654336
2018-03-15,94.08680971058305
2018-03-16,94.0448726147134
2018-03-19,94.61077018235194
2018-03-20,94.85043788946972
2018-03-21,95.01180557994246
2018-03-22,97.88103687804993
2018-03-23,96.83692621785097
2018-03-26,95.0506359536904
2018-03-27,97.28998014249571
2018-03-28,96.27418897089187
2018-03-29,95.73069885888742
2018-04-02,98.15542335548511
2018-04-03,96.84469861904815
2018-04-04,94.47112455763981
2018-04-05,94.8781003985764
2018-04-06,96.72464859171266
2018-04-09,96.82471524636576
2018-04-10,95.56898198177872
2018-04-11,95.8170117529141
2018-04-12,94.97643878176557
2018-04-13,95.73783757639782
2018-04-16,95.05071521974642
2018-04-17,93.90222695144266
2018-04-18,94.83504513818815
2018-04-19,95.59940865425357
2018-04-20,96.03805453728069
2018-04-23,95.96635928327073
2018-04-24,96.88439577708995
2018-04-25,96.0443037872156
2018-04-26,96.1194671521021
2018-04-27,96.67942339421987
2018-04-30,98.32700267303377
2018-05-02,98.43259933019706
2018-05-03,97.92714375199807
2018-05-04,95.66997583179231
2018-05-08,94.89919474502474
2018-05-09,93.76704263302948
2018-05-10,93.66543304156448
2018-05-11,93.89397821986911
2018-05-14,93.7886855384236
2018-05-15,93.76893043588264
2018-05-16,93.42490167006817
2018-05-17,93.0716918615665
2018-05-18,93.7698761928003
2018-05-21,93.25622451335921
2018-05-23,93.49945309409517
2018-05-24,93.46773565758113
2018-05-25,93.4930603776596
2018-05-29,94.44437943720692
2018-05-30,91.37171105416937
2018-05-31,92.46839544937934
2018-06-01,92.1721785618781
2018-06-04,92.0672758605294
2018-06-05,92.2258782706028
2018-06-07,92.09811771475584
2018-06-08,91.12044885034089
2018-06-11,91.6887100791977
2018-06-12,91.52143731764333
2018-06-14,89.90154121620529
2018-06-15,89.29428806568541
2018-06-18,88.44358322146213
2018-06-19,87.43394928093015
2018-06-20,88.17277128470712
2018-06-21,87.75009953167529
2018-06-22,88.31690873269659
2018-06-25,89.56079472780412
2018-06-26,89.09917678477018
2018-06-27,89.50369836840008
2018-06-28,87.93888506547003
2018-06-29,88.26362441256792
2018-07-02,86.00837444542566
2018-07-03,86.35947721819504
2018-07-05,85.08740000167744
2018-07-06,84.94630081108102
2018-07-09,84.6672170106167
2018-07-10,84.67219078762015
2018-07-11,84.79264163213601
2018-07-12,84.19443840465529
2018-07-13,85.07951023260946
2018-07-16,84.82733222873861
2018-07-17,84.33621322587632
2018-07-18,83.87313874215258
2018-07-19,83.9031582277874
2018-07-20,84.2531287664251
2018-07-23,83.36641530605834
2018-07-24,83.34708479633844
2018-07-25,82.38288853577636
2018-07-26,83.16005989518564
2018-07-27,83.9443368884409
2018-07-30,84.33070307476146
2018-07-31,83.98108570747915
2018-08-01,84.55444021178828
2018-08-02,82.75233695943038
2018-08-03,83.03374345791902
2018-08-06,82.68762493607606
2018-08-07,82.9078813510938
2018-08-08,82.98926245098056
2018-08-09,83.18438811401722
2018-08-10,82.98499611331938
2018-08-13,82.04376015235442
2018-08-14,81.90288238092353
2018-08-16,81.20047215712518
2018-08-17,81.14131219387582
2018-08-20,80.99791451760015
2018-08-21,81.60575881692478
2018-08-22,81.7718641860991
2018-08-23,82.21446291864196
2018-08-24,82.10250920934506
2018-08-27,81.67569748385041
2018-08-28,81.77186536662563
2018-08-29,81.54292835472411
2018-08-30,81.81480113893724
2018-08-31,82.36263532450813
2018-09-04,82.25045408475088
2018-09-05,81.61945564178689
2018-09-06,81.71727359573696
2018-09-07,81.6605596781894
2018-09-10,81.77181808862478
2018-09-11,81.3086013743467
2018-09-12,81.27895855478525
2018-09-13,80.91820776457278
2018-09-14,82.03740783646786
2018-09-17,81.9318747101249
2018-09-18,81.70093125009792
2018-09-19,81.59560734902217
2018-09-20,81.4652334329556
2018-09-21,82.09142348571669
2018-09-27,83.0317267306632
2018-09-28,82.58749668558659
2018-10-01,82.15439571342084
2018-10-02,81.17217083811421
2018-10-04,80.52476002585844
2018-10-05,80.7298518552296
2018-10-08,80.24245287655958
2018-10-10,82.05872535651719
2018-10-11,80.18184125232858
2018-10-12,80.27847904735475
2018-10-15,80.10718638975592
2018-10-16,78.39308542156692
2018-10-17,79.19717100065688
2018-10-18,79.64581051516609
2018-10-19,79.98395117908248
2018-10-22,80.54766089258236
2018-10-23,78.87711108349399
2018-10-24,81.01259665902863
2018-10-25,78.28420146110096
2018-10-26,78.28951056188089
2018-10-29,77.51788663341131
2018-10-30,77.09928272536004
2018-10-31,76.85245126175013
2018-11-01,75.84727321099119
2018-11-02,78.99545382414972
2018-11-05,77.84685126148226
2018-11-06,77.83039151440111
2018-11-07,75.80047092280664
2018-11-08,76.44753987131311
2018-11-09,76.96039533791038
2018-11-12,78.21340338841154
2018-11-13,78.0131108212325
2018-11-14,78.42954237842443
2018-11-15,78.37049828294528
2018-11-16,78.3296582246322
2018-11-19,79.98808831391722
2018-11-20,80.79870120409204
2018-11-21,80.29115689649437
2018-11-23,80.0887146604138
2018-11-26,79.79462311794032
2018-11-27,80.15318864394348
2018-11-28,78.6775779041922
2018-11-29,79.06980525849646
2018-11-30,77.94988357523042
2018-12-03,78.21786731889574
2018-12-04,80.1706353767802
2018-12-06,78.55850074503853
2018-12-07,80.70214943982162
2018-12-10,79.69683378126828
2018-12-11,79.64688965674598
2018-12-12,80.39046265528528
2018-12-13,80.91893501001522
2018-12-14,81.41165088793007
2018-12-17,83.10937895794973
2018-12-18,82.83986440649016
2018-12-19,84.78162470863838
2018-12-20,85.40844050758636
2018-12-21,87.25299639829883
2018-12-24,89.33935094794323
2018-12-26,83.92524663021801
2018-12-27,83.30347095641277
2018-12-28,83.92921290430832
2019-01-02,81.85001421847873
2019-01-03,83.17093374190472
2019-01-04,81.1433977724676
2019-01-07,81.58391791717575
2019-01-08,80.35519226878402
2019-01-09,81.5389636493119
2019-01-10,81.19604239042984
2019-01-11,81.64817200876408
2019-01-14,81.7119911945792
2019-01-15,82.06412166082558
2019-01-16,82.21423646301612
2019-01-17,81.63238643902808
2019-01-18,81.21850947862679
2019-01-22,82.07855125104544
2019-01-23,82.29428217126511
2019-01-24,82.91739589306779
2019-01-25,83.47510845016906
2019-01-28,84.09778433981518
2019-01-29,84.44390411025434
2019-01-30,83.99752273448196
2019-01-31,83.21530206979978
2019-02-01,83.12280070138598
2019-02-07,83.09668067051894
2019-02-08,82.00202107747012
2019-02-11,82.09512346131253
2019-02-12,81.41483184514243
2019-02-13,81.55925332611726
2019-02-14,82.64538965405073
2019-02-15,80.66142625357358
2019-02-19,80.87186693502815
2019-02-20,81.59218384243067
2019-02-21,81.84293997370553
2019-02-22,81.4058223088886
2019-02-25,81.37025283279222
2019-02-26,81.21110048634031
2019-02-27,81.54485988914395
2019-02-28,80.25852361213295
2019-03-04,79.87740145652764
2019-03-05,79.56882746353251
2019-03-06,79.92036291722556
2019-03-07,80.23115914312933
2019-03-08,79.33962523252117
2019-03-11,78.22971509332687
2019-03-12,78.63129448418165
2019-03-13,77.79666837476263
2019-03-14,78.10990941494002
2019-03-15,78.46248623127097
2019-03-18,78.3004627745972
2019-03-19,78.21394516147946
2019-03-20,78.43129391597768
2019-03-21,77.83245664467323
2019-03-22,79.43506294367859
2019-03-25,77.96486536235342
2019-03-26,77.5301641895808
2019-03-27,77.8223765325816
2019-03-28,76.89546736063164
2019-03-29,76.8649770418134
2019-04-01,76.94389494290937
2019-04-02,77.22188536618692
2019-04-03,78.02446414988002
2019-04-04,77.93314233982727
2019-04-05,77.66598777831105
2019-04-08,77.64162374688931
2019-04-09,78.14604059794007
2019-04-10,78.26143192756467
2019-04-11,78.28492212713402
2019-04-12,78.07379376063815
2019-04-15,78.45476729586842
2019-04-16,78.60443240404672
2019-04-17,78.70117865124536
2019-04-18,77.4232067720595
2019-04-22,77.45716356278348
2019-04-23,76.90055539313056
2019-04-24,76.39549332728262
2019-04-25,76.07687822748501
2019-04-26,75.33740402797707
2019-04-29,76.50067636130348
2019-04-30,76.01871582980475
2019-05-02,77.07919730167568
2019-05-03,75.76534398104327
2019-05-07,76.68951687654223
2019-05-08,76.47941371505993
2019-05-09,74.37624709398102
2019-05-10,74.21676069278055
2019-05-13,75.08156384138736
2019-05-14,74.50992286212856
2019-05-15,74.46527720508749
2019-05-16,72.89738452845619
2019-05-17,72.94986577361702
2019-05-20,73.43218572080903
2019-05-21,72.97218284432601
2019-05-22,73.32522298911299
2019-05-23,74.04276517685628
2019-05-24,73.3629958709723
2019-05-28,74.17915230907917
2019-05-29,73.75044727198886
2019-05-30,74.11228290986463
2019-05-31,75.23295311923863
2019-06-03,76.38930030252934
2019-06-04,74.7345129842505
2019-06-05,74.16945826697142
2019-06-07,73.07369908192054
2019-06-10,73.69319831492277
2019-06-11,74.14360849103203
2019-06-12,74.16712930849609
2019-06-13,73.66617565958975
2019-06-14,73.4762765205412
2019-06-17,73.28429328126617
2019-06-18,72.80170284741882
2019-06-19,73.54006727201383
2019-06-20,73.06726020263112
2019-06-21,72.97894983867131
2019-06-24,73.09281854998191
2019-06-25,73.65400789497383
2019-06-26,73.73485673624846
2019-06-27,73.90610908659629
2019-06-28,73.4002680027633
2019-07-01,72.70988056919103
2019-07-02,72.25812675324961
2019-07-03,70.8066650792373
2019-07-05,71.38010039243838
2019-07-08,70.19588210321652
2019-07-09,69.69616157893542
2019-07-10,69.59291657301662
2019-07-11,70.1653273239237
2019-07-12,70.05672270730459
2019-07-15,69.89314457530926
2019-07-16,70.43546351974287
2019-07-17,70.27562934260547
2019-07-18,69.80412187153979
2019-07-19,71.13866287189282
2019-07-22,70.9297823981958
2019-07-23,70.69907923057902
2019-07-24,69.72712748097656
2019-07-25,69.79869529543721
2019-07-26,69.05943805112182
2019-07-29,67.95391110607298
2019-07-30,68.4299329114101
2019-07-31,68.7073215757611
2019-08-01,69.06403321829616
2019-08-02,68.92538434150023
2019-08-05,69.24330686357054
2019-08-06,67.25180424369131
2019-08-07,66.93904373863568
2019-08-08,66.02568326216416
2019-08-09,67.07179141309949
2019-08-12,68.05742594691985
2019-08-13,66.44727808529318
2019-08-14,68.91767873730082
2019-08-16,67.34524392055417
2019-08-19,66.98311296445756
2019-08-20,68.20842915423428
2019-08-21,67.80986073815144
2019-08-22,67.35980759841816
2019-08-23,69.03973368280295
2019-08-26,67.1634133812921
2019-08-27,67.719666002099
2019-08-28,67.82231288856848
2019-08-29,66.70197164889431
2019-08-30,67.91823828803582
2019-09-03,68.24480779865773
2019-09-04,68.26296527822728
2019-09-05,67.94626078113211
2019-09-06,68.04217677469619
2019-09-09,68.36066997947164
2019-09-10,68.80095867142589
2019-09-11,68.89071692618465
2019-09-16,69.34921020262198
2019-09-17,69.17775829464654
2019-09-18,69.41798494020938
2019-09-19,69.74513488112272
2019-09-20,70.45248622899653
2019-09-23,70.4750816153113
2019-09-24,71.3496446152002
2019-09-25,69.99663397773371
2019-09-26,70.18099521809606
2019-09-27,69.7247416598249
2019-09-30,69.84704714182413
2019-10-01,71.0089191123277
2019-10-02,70.87284812613083
2019-10-04,68.9753708701102
2019-10-07,69.3099032444108
2019-10-08,71.25676697343629
2019-10-10,69.49206553707803
2019-10-11,69.33724321340075
2019-10-14,70.18826470025175
2019-10-15,69.52609233116235
2019-10-16,70.1315661616062
2019-10-17,69.76116972787626
2019-10-18,69.48618130665342
2019-10-21,69.15729625212057
2019-10-22,70.1910841606169
2019-10-23,69.71138735617541
2019-10-24,69.76624937474699
2019-10-25,69.55601262392516
2019-10-28,69.35532408544776
2019-10-29,69.34574253087764
2019-10-30,68.72338689545364
2019-10-31,69.01324318327488
2019-11-01,68.92853548485104
2019-11-04,69.63467089971546
2019-11-05,70.1175630616967
2019-11-06,70.15098087594569
2019-11-07,69.90971962646432
2019-11-08,69.50810723461363
2019-11-11,69.21295748865583
2019-11-12,69.6145809208311
2019-11-13,68.99168966973623
2019-11-14,69.43606444494452
2019-11-15,69.67677721763901
2019-11-18,69.57743018282589
2019-11-19,69.3575361604256
2019-11-20,68.71375906994541
2019-11-21,67.89443238004117
2019-11-22,67.91695966401247
2019-11-25,68.08528828850177
2019-11-26,67.86260068112637
2019-11-27,67.7684516241922
2019-11-29,66.74557142854974
2019-12-02,67.44506852438029
2019-12-03,67.64565983815942
2019-12-04,66.74111885892638
2019-12-05,66.35889307753816
2019-12-06,66.43186660898398
2019-12-09,66.85907577580068
2019-12-10,67.23337136895236
2019-12-11,67.2865377395089
2019-12-12,67.71684441607921
2019-12-13,68.71800903749866
2019-12-16,68.18311457661443
2019-12-17,69.0337401382905
2019-12-18,69.0004948158509
2019-12-19,68.77518750905331
2019-12-20,68.71252175825462
2019-12-23,68.59306009877581
2019-12-24,68.16669675259742
2019-12-26,68.04878477513773
2019-12-27,68.260151474024
2019-12-30,68.43489322779422
2020-01-02,66.94404205505991
2020-01-03,67.49483379595104
2020-01-06,66.57751439282058
2020-01-07,67.39943801772735
2020-01-08,66.29544293654435
2020-01-09,66.92452285696618
2020-01-10,67.72976174104377
2020-01-13,67.96439622250989
2020-01-14,68.36190515057197
2020-01-15,67.96709049555281
2020-01-16,67.92213533115147
2020-01-17,67.78728940539496
2020-01-21,67.59193544615734
2020-01-22,68.4154194727798
2020-01-23,67.70045334550883
2020-01-28,66.5777935217852
2020-01-29,66.89485630573677
2020-01-30,65.54096389482872
2020-01-31,65.85213531870039
2020-02-03,65.36253393389194
2020-02-04,65.56690338713298
2020-02-05,65.05056162741853
2020-02-06,66.69780924653183
2020-02-07,66.57391875479442
2020-02-10,65.75554776716598
2020-02-11,66.29940736938454
2020-02-12,66.32715336330986
2020-02-13,66.23722312191097
2020-02-14,66.44608382713119
2020-02-18,65.58713477302643
2020-02-19,65.31821042272932
2020-02-20,65.14728999646086
2020-02-21,64.84597476220098
2020-02-24,64.47172783368174
2020-02-25,67.27215579355364
2020-02-26,66.65899977143565
2020-02-27,69.0582147552793
2020-02-28,67.05875738842894
2020-03-02,64.77661515410081
2020-03-03,67.07358963107988
2020-03-04,65.81187811886717
2020-03-05,68.93196675321177
2020-03-06,68.57674324987146
2020-03-09,71.27038597107521
2020-03-10,68.04680677672702
2020-03-11,69.5420327185909
2020-03-12,73.91994731314678
2020-03-13,65.76370573366283
2020-03-16,71.48539187305285
2020-03-17,66.14573770417002
2020-03-18,66.28908324284491
2020-03-19,60.59622673971291
2020-03-20,68.0392497645405
2020-03-23,66.093324318829
2020-03-24,65.81512149950618
2020-03-25,68.66222792229692
2020-03-26,64.16944619005508
2020-03-27,67.37458982116735
2020-03-30,65.2322100394438
2020-03-31,67.66614181644618
2020-04-01,68.06137991705701
2020-04-02,68.08140058239583
2020-04-03,69.10312403575745
2020-04-06,67.24727505138472
2020-04-07,68.3679953639468
2020-04-08,65.55047551289282
2020-04-09,65.6065732150132
2020-04-13,65.83427020416129
2020-04-14,65.04526128443466
2020-04-16,66.1379083110384
2020-04-17,66.39073054634925
2020-04-20,67.01060190781838
2020-04-21,68.41800134016843
2020-04-22,67.52971082713876
2020-04-23,68.1963236406965
2020-04-24,66.35535787252708
2020-04-27,66.58126008216615
2020-04-28,67.28263256131703
2020-04-29,66.02284651311835
2020-05-04,66.43788950080345
2020-05-06,67.44656495237328
2020-05-07,66.63721762367524
2020-05-08,66.13753944310902
2020-05-11,65.76986694523447
2020-05-12,66.64868491705393
2020-05-13,68.49285984379655
2020-05-14,67.1436150474373
2020-05-15,66.91691728314582
2020-05-18,65.27010248414177
2020-05-19,67.42842260583937
2020-05-20,66.60436298012374
2020-05-21,67.35963401348856
2020-05-22,66.2838452362373
2020-05-26,67.45958600970081
2020-05-27,66.51709506666911
2020-05-28,66.55274833526789
2020-05-29,66.29216037809007
2020-06-01,67.17949825434091
2020-06-02,67.34115660364488
2020-06-03,68.36110934224699
2020-06-04,68.67459870288968
2020-06-05,67.91374357527049
2020-06-08,67.1770620432188
2020-06-09,67.82521208072933
2020-06-10,68.41676883203681
2020-06-11,71.9769147748562
2020-06-12,69.67179632195021
2020-06-15,65.74223836530084
2020-06-16,67.90647598777537
2020-06-17,68.28541156415787
2020-06-18,68.0177892497489
2020-06-19,68.66012102995552
2020-06-22,67.75761367441511
2020-06-23,67.59015548252847
2020-06-24,70.34451610238222
2020-06-25,68.01613544871121
2020-06-26,70.4057541253579
2020-06-29,68.04774186131135
2020-06-30,67.66370622285419
2020-07-01,67.14108898175671
2020-07-02,67.68208841515909
2020-07-06,68.2937272900753
2020-07-07,68.25606584677081
2020-07-08,67.57236687595186
2020-07-09,68.24322749692261
2020-07-10,67.00346620029154
2020-07-13,68.71434178964117
2020-07-14,67.75923013084379
2020-07-15,67.7041354489989
2020-07-16,67.36885539920247
2020-07-17,67.71027742552708
2020-07-20,67.07622204188146
2020-07-21,67.86647839314284
2020-07-22,67.47721158799447
2020-07-23,67.90995081602021
2020-07-24,67.86439657443988
2020-07-27,67.9064670467205
2020-07-28,69.54562844579546
2020-07-29,68.88849487934151
2020-07-30,69.25277790621487
2020-07-31,68.1751916718526
2020-08-03,67.75475760681793
2020-08-04,68.36146668442863
2020-08-05,68.88977650974707
2020-08-06,69.34254064831862
2020-08-07,69.56079794673079
2020-08-10,70.37711973720812
2020-08-11,71.92310225263407
2020-08-12,71.33533987179331
2020-08-13,71.61670740273756
2020-08-14,70.73199695646014
2020-08-18,68.62452378554067
2020-08-19,69.272416128955
2020-08-20,66.53210176939712
2020-08-21,67.18227588034472
2020-08-24,67.2367218248653
2020-08-25,68.06346525502832
2020-08-26,67.46161057597789
2020-08-27,66.60782704098195
2020-08-28,66.44427634640766
2020-08-31,65.90307492280023
2020-09-01,65.94433285023624
2020-09-02,65.41413728753764
2020-09-03,68.64896077591615
2020-09-04,68.41533404490265
2020-09-08,71.33684079299128
2020-09-09,69.19524358082053
2020-09-10,71.03060862586219
2020-09-11,71.00068889591886
2020-09-14,70.99052527531751
2020-09-15,71.08953048970335
2020-09-16,71.14905953878818
2020-09-17,70.90372743602906
2020-09-18,71.91523902515145
2020-09-21,72.03097729915862
2020-09-22,69.6097316024334
2020-09-23,71.28226853543595
2020-09-24,69.24811892642971
2020-09-25,68.3290244199456
2020-09-28,68.07654557445846
2020-09-29,69.03683503392986
2020-10-05,68.40876140111372
2020-10-06,69.62777766201165
2020-10-07,69.04513285760757
2020-10-08,68.58252660747891
2020-10-12,67.2284255879578
2020-10-13,67.65370632984326
2020-10-14,67.43926551704719
2020-10-15,66.97610646851174
2020-10-16,66.45806619602423
2020-10-19,67.63419756885533
2020-10-20,67.6993471357533
2020-10-21,68.18578702359237
2020-10-22,67.36159386028072
2020-10-23,67.29786735912997
2020-10-26,68.07412190162118
2020-10-27,67.92871108961282
2020-10-28,70.76770925622054
2020-10-29,69.50039267207289
2020-10-30,68.43591009446179
2020-11-02,68.66273209092361
2020-11-03,68.73721362755984
2020-11-04,67.63655715899378
2020-11-05,67.93193009641931
2020-11-06,68.02372983931193
2020-11-09,68.03304330284979
2020-11-10,68.28968771893568
2020-11-11,68.69925807221179
2020-11-12,69.08618640785265
2020-11-13,68.64511409994513
2020-11-16,69.13528262649531
2020-11-17,69.40307954755666
2020-11-18,70.42805933557005
2020-11-19,70.18182162562272
2020-11-20,70.8343845779707
2020-11-23,71.76596853631098
2020-11-24,71.03955706259032
2020-11-25,70.70839317124958
2020-11-27,71.37691834794046
2020-11-30,70.54789842841342
2020-12-01,70.94018575191625
2020-12-02,71.9105356055555
2020-12-03,72.4763728972672
2020-12-04,72.79604767840112
2020-12-07,73.3195529580723
2020-12-08,71.92041165588344
2020-12-09,74.03675531217844
2020-12-10,73.81880092307395
2020-12-11,74.54052127562898
2020-12-14,74.66328972398729
2020-12-15,73.52386613732918
2020-12-16,73.80727589329287
2020-12-17,73.36083926695727
2020-12-18,73.70146560556529
2020-12-21,74.1385526135061
2020-12-22,73.06182375346067
2020-12-23,73.69422970657229
2020-12-24,74.65987966410013
2020-12-28,74.06983618872776
2020-12-29,74.52610760221937
2020-12-30,75.8172882286017
2021-01-04,78.364221784718
2021-01-05,79.04725188356221
2021-01-06,77.98997394581937
2021-01-07,78.49145510478202
2021-01-08,81.14888190090643
2021-01-11,81.6029348720193
2021-01-12,81.00266546883257
2021-01-13,81.36246035094757
2021-01-14,81.69092278915427
2021-01-15,80.61826674385019
2021-01-19,80.1654248373188
2021-01-20,79.63085123554498
2021-01-21,80.74076154325469
2021-01-22,80.50947014204324
2021-01-25,81.93871209627224
2021-01-26,80.31040326469883
2021-01-27,81.85706571087887
2021-01-28,79.76829363084848
2021-01-29,78.93553943406482
2021-02-01,79.73850710080325
2021-02-02,79.6628648167601
2021-02-03,80.44516321171645
2021-02-04,78.47037830003715
2021-02-05,79.00017123377138
2021-02-08,77.6950676324725
2021-02-09,77.58158364455645
2021-02-10,78.0157431747738
2021-02-16,79.14218462618547
2021-02-17,78.38562848428545
2021-02-18,77.53825244315131
2021-02-19,78.20287113096822
2021-02-22,78.1022609921746
2021-02-23,77.762868969156
2021-02-24,75.03356971028116
2021-02-25,79.57428548807043
2021-02-26,77.74812869870216
2021-03-02,77.29022281004868
2021-03-03,79.33438932904212
2021-03-04,79.29924531978607
2021-03-05,77.42594684428704
2021-03-08,77.03812779493148
2021-03-09,75.44694624344643
2021-03-10,74.52671495785411
2021-03-11,75.16488108265015
2021-03-12,76.07729100247698
2021-03-15,75.41136999263519
2021-03-16,76.03862337522213
2021-03-17,75.29423865100254
2021-03-18,76.86999661698125
2021-03-19,76.34735469144199
2021-03-22,75.64114128081678
2021-03-23,75.46962771925178
2021-03-24,75.64343076112145
2021-03-25,75.52100336698848
2021-03-26,75.1306838853283
2021-03-29,75.04580528501972
2021-03-30,76.08710665799478
2021-03-31,75.568147726419
2021-04-01,75.39522478124255
2021-04-05,75.13321737608277
2021-04-06,75.32816034432481
2021-04-07,75.48965173252911
2021-04-08,75.27309585772541
2021-04-09,74.4592562437543
2021-04-12,74.52027000478574
2021-04-13,75.09363737888178
2021-04-14,75.66720566274294
2021-04-15,75.14410580683547
2021-04-16,74.99437278530722
2021-04-19,75.36982522755245
2021-04-20,76.44456679273503
2021-04-21,74.57493297878597
2021-04-22,75.40139619792276
2021-04-23,74.67620334993656
2021-04-26,75.37449030788058
2021-04-27,75.34131704921373
2021-04-28,74.56726371305983
2021-04-29,73.9227165447925
2021-04-30,73.79719272079862
2021-05-03,73.15506041272303
2021-05-04,74.08394788710712
2021-05-06,73.77892138709646
2021-05-07,74.0980305662529
2021-05-10,76.0586542666333
2021-05-11,75.80190115101516
2021-05-12,76.29454422685569
2021-05-13,74.44586691236921
2021-05-14,74.05296438232519
2021-05-17,73.79922463851865
2021-05-18,75.35562189890368
2021-05-20,74.49584525607055
2021-05-21,74.41873588618087
2021-05-24,73.38487960143117
2021-05-25,74.1800798644402
2021-05-26,73.9656780575063
2021-05-27,73.85873268868595
2021-05-28,74.26766677929888
2021-06-01,75.10568892719142
2021-06-02,75.04268462353015
2021-06-03,75.86422794018499
2021-06-04,75.00651111905235
2021-06-07,75.35836379243499
2021-06-08,75.24290521652665
2021-06-09,74.6209808555273
2021-06-10,74.47110745663512
2021-06-11,74.91727893425518
2021-06-14,74.81454570225779
2021-06-15,75.10183011823067
2021-06-16,75.98820808647542
2021-06-17,75.69532947938156
2021-06-18,76.8002444866397
2021-06-21,75.08746174991855
2021-06-22,75.22032519051108
2021-06-23,75.5951209644015
2021-06-24,75.37789442773342
2021-06-25,75.4937169529316
2021-06-28,75.32014546901115
2021-06-29,74.93287565790818
2021-06-30,75.09766242462914
2021-07-01,74.3529705585664
2021-07-02,73.78265884917577
2021-07-06,74.4450232542312
2021-07-07,73.73688040271965
2021-07-08,73.60356868089836
2021-07-09,72.04857971972929
2021-07-12,72.427703530097
2021-07-13,73.23307692867314
2021-07-14,72.97711667927675
2021-07-15,73.70743228068326
2021-07-16,74.07967297746629
2021-07-19,74.4358534445417
2021-07-20,73.12769519313447
2021-07-21,72.16362745831408
2021-07-22,72.78090273154586
2021-07-23,72.13305801038646
2021-07-26,71.30482213987747
2021-07-27,71.79965452326324
2021-07-28,71.92531919958093
2021-07-29,71.7563776152769
2021-07-30,71.20975633855066
2021-08-02,71.82117645653973
2021-08-03,71.5532722492251
2021-08-04,72.86746766377713
2021-08-05,72.31509614978721
2021-08-06,72.06864042492815
2021-08-09,71.9081009866613
2021-08-10,71.43922889141926
2021-08-11,70.76621590579306
2021-08-12,70.28662344111646
2021-08-13,69.34789144554495
2021-08-17,69.0222303408285
2021-08-18,70.13772121170302
2021-08-19,68.67478754407885
2021-08-20,67.31185515505338
2021-08-23,67.37241879600326
2021-08-24,68.31242376244312
2021-08-25,68.35425456105509
2021-08-26,68.360702148158
2021-08-27,67.8712261296417
2021-08-30,67.7959393888061
2021-08-31,69.08593413853606
2021-09-01,69.21651806360626
2021-09-02,68.33352552477562
2021-09-03,68.89268596340584
2021-09-07,68.84529288459272
2021-09-08,68.40094370138743
2021-09-09,67.64620746849495
2021-09-10,68.42593087655314
2021-09-13,68.29710656963569
2021-09-14,69.12804402365207
2021-09-15,68.65491383241756
2021-09-16,68.25562398557389
2021-09-17,69.15650644937126
2021-09-23,68.59514500242103
2021-09-24,68.43110560172641
2021-09-27,68.81189077014838
2021-09-28,69.42660532713153
2021-09-29,68.46758777663746
2021-09-30,69.50844562312642
2021-10-01,67.58095847648971
2021-10-05,66.47937772974555
2021-10-06,65.0004612971427
2021-10-07,65.57670068889773
2021-10-08,65.62636611577523
2021-10-12,65.37322873267745
2021-10-13,65.76495708674923
2021-10-14,65.64859369734741
2021-10-15,65.7283706614745
2021-10-18,65.35221206499241
2021-10-19,65.3341770393459
2021-10-20,64.73673543198063
2021-10-21,64.44404754582276
2021-10-22,64.4857847003754
2021-10-25,64.44863218568608
2021-10-26,64.99907994706369
2021-10-27,64.78320534685658
2021-10-28,63.82603714046681
2021-10-29,62.87411145272951
2021-11-01,62.94065906643621
2021-11-02,63.414249606281246
2021-11-03,62.239251589397995
2021-11-04,62.10366807333521
2021-11-05,61.59953160857861
2021-11-08,61.35898958258611
2021-11-09,61.60946450037851
2021-11-10,61.43215988814772
2021-11-11,61.302260441545286
2021-11-12,61.75585788560575
2021-11-15,62.373529238809276
2021-11-16,62.07979506154979
2021-11-17,61.50861916226209
2021-11-18,60.98919132131435
2021-11-19,61.58851724799666
2021-11-22,62.640277597913965
2021-11-23,62.22681652789874
2021-11-24,61.99817303218539
2021-11-26,62.18734195600598
2021-11-29,60.866365017474855
2021-11-30,60.5740352029735
2021-12-01,62.5642774297556
2021-12-02,62.588440828430095
2021-12-03,63.63216047281702
2021-12-06,62.99159629721356
2021-12-07,62.09840143717877
2021-12-08,62.14308081509281
2021-12-09,63.1443002881799
2021-12-10,62.15609646919298
2021-12-13,62.53307979352958
2021-12-14,62.678703339537
2021-12-15,61.74413715386882
2021-12-16,62.64814471537284
2021-12-17,63.560497544101004
2021-12-20,63.07849818626846
2021-12-21,62.229471493417485
2021-12-22,61.80913308106516
2021-12-23,61.70868662336214
2021-12-27,60.875574153468634
2021-12-28,61.345606050587506
2021-12-29,60.7205339220709
2021-12-30,60.57072488188108
2022-01-04,60.6295013438715
2022-01-05,61.087137264245584
2022-01-06,60.452399239873436
2022-01-07,61.40639560384057
2022-01-10,60.896757240267675
2022-01-11,60.36070051422106
2022-01-12,61.12539894279079
2022-01-13,61.762731549201256
2022-01-14,60.900236304790475
2022-01-18,60.774334088636714
2022-01-19,60.94116458071108
2022-01-20,62.06550668147472
2022-01-21,62.68045182676028
2022-01-24,61.4840814208985
2022-01-25,60.64755851618162
2022-01-26,60.55091018335305
2022-01-27,58.72324200055403
2022-01-28,58.37077247758003
2022-02-03,58.72771876782008
2022-02-04,59.36899663207637
2022-02-07,59.44753390841883
2022-02-08,58.992678012572256
2022-02-09,58.615486866639124
2022-02-10,59.754219895220864
2022-02-11,60.42358249125953
2022-02-14,59.668000746538254
2022-02-15,58.114361883694976
2022-02-16,59.2018196573456
2022-02-17,60.81340648323766
2022-02-18,61.21933172145457
2022-02-22,61.03271010544993
2022-02-23,62.427334558589855
2022-02-24,59.902250743933315
2022-02-25,59.22775173277688
2022-02-28,59.87704116208874
2022-03-02,59.80073814623926
2022-03-03,61.068306413202244
2022-03-04,60.81434505276457
2022-03-07,61.22701165113663
2022-03-08,61.02203377247907
2022-03-10,61.01681052737613
2022-03-11,61.363608716827
2022-03-14,61.452320974456356
2022-03-15,59.58184684487523
2022-03-16,59.12758530903187
2022-03-17,59.17173345241324
2022-03-18,58.80240400589073
2022-03-21,58.36396049558436
2022-03-22,58.20329470001139
2022-03-23,59.50767653729338
2022-03-24,58.50842019023473
2022-03-25,58.23089420153842
2022-03-28,57.810729865250835
2022-03-29,57.34510552110004
2022-03-30,57.82075330337333
2022-03-31,58.95785629170127
2022-04-01,58.41174950073482
2022-04-04,58.297156804519076
2022-04-05,59.07077479602301
2022-04-06,59.1447394409234
2022-04-07,58.005400696803086
2022-04-08,58.25864626514716
2022-04-11,59.111735386015695
2022-04-12,58.75126867994624
2022-04-13,59.16918328898213
2022-04-14,59.920079674189196
2022-04-18,59.37733877574936
2022-04-19,58.99123763390982
2022-04-20,59.03067446735829
2022-04-21,60.13663900650563
2022-04-22,61.30067261390841
2022-04-25,59.87517474658883
2022-04-26,61.92036989560634
2022-04-27,61.06986977395914
2022-04-28,60.20697257128105
2022-04-29,63.16326151818667
2022-05-02,62.608274428161295
2022-05-03,62.16048880152795
2022-05-04,60.25841889371407
2022-05-06,62.07821516630256
2022-05-10,62.82355158625541
2022-05-11,63.73221144865071
2022-05-12,62.76046622185031
2022-05-13,62.59683980408276
2022-05-16,62.66701534197242
2022-05-17,61.96814177959823
2022-05-18,64.70762591878547
2022-05-19,64.27233505248503
2022-05-20,65.40781575980861
2022-05-23,64.40330520337201
2022-05-24,63.881152858342226
2022-05-25,63.597504882653745
2022-05-26,62.23798876960457
2022-05-27,61.341983593571115
2022-05-31,62.807047703709074
2022-06-02,61.51337979085068
2022-06-03,62.81399118134231
2022-06-07,60.99919183876128
2022-06-08,61.665215919149965
2022-06-09,63.15043990259244
2022-06-10,64.3037314087246
2022-06-13,64.48912646447917
2022-06-14,64.38597706066031
2022-06-15,62.32008025983844
2022-06-16,64.55936750222884
2022-06-17,64.14507609037119
2022-06-21,61.749688212060704
2022-06-22,60.16387194109133
2022-06-23,58.85530910089526
2022-06-24,58.33029285642778
2022-06-27,59.427826708282716
2022-06-28,61.17688753948756
2022-06-29,60.1119617542726
2022-06-30,59.448559946470695
2022-07-01,58.13993553388208
2022-07-05,58.945576980079785
2022-07-06,57.49860277914907
2022-07-07,57.69466499646574
2022-07-08,58.14636311039704
2022-07-11,58.55952932562896
2022-07-12,58.5140503202183
2022-07-13,59.09834808950263
2022-07-14,59.08220208993507
2022-07-15,58.19076723860756
2022-07-18,59.78962088580403
2022-07-19,58.111752713871944
2022-07-20,58.130478350058425
2022-07-21,58.08236537906885
2022-07-22,58.2364692083989
2022-07-25,58.42221689439457
2022-07-26,59.34969252880803
2022-07-27,57.909220226674464
2022-07-28,57.65926648993764
2022-07-29,57.20950740319481
2022-08-01,57.396971670688245
2022-08-02,57.480581582325655
2022-08-03,57.10075101681294
2022-08-04,57.4100240253111
2022-08-05,57.91856720401108
2022-08-08,58.039435453570476
2022-08-09,58.5129628323196
2022-08-10,56.79233838698896
2022-08-11,57.77440916472849
2022-08-12,56.90627172711302
2022-08-16,56.686798429087816
2022-08-17,56.70782194714017
2022-08-18,56.35429214246951
2022-08-19,56.77206879012554
2022-08-22,57.277114552926065
2022-08-23,56.782765502879414
2022-08-24,56.8830249456875
2022-08-25,56.77435227539781
2022-08-26,58.852864977851105
2022-08-29,57.951800328933764
2022-08-30,59.175464114786244
2022-08-31,60.143025735456966
2022-09-01,58.58606009111757
2022-09-02,59.05841656652912
2022-09-06,59.29709697094211
2022-09-07,57.43947779938841
2022-09-08,57.25426382894738
2022-09-13,59.910706786036236
2022-09-14,58.75417708947778
2022-09-15,59.192549054847085
2022-09-16,59.174498542891065
2022-09-19,58.05080599087452
2022-09-20,59.028776318005384
2022-09-21,59.55306923330799
2022-09-22,59.676293978575856
2022-09-23,59.592173232455735
2022-09-26,58.37250191523474
2022-09-27,58.59884257083054
2022-09-28,56.05790417848522
2022-09-29,57.297151913689945
2022-09-30,57.78319532980626
2022-10-04,55.970048771962624
2022-10-05,56.24895402517074
2022-10-06,57.41613250719506
2022-10-07,58.93114091349878
2022-10-11,58.671814842772655
2022-10-12,59.14526813628627
2022-10-13,56.588410238821915
2022-10-14,59.23818743128179
2022-10-17,57.940973618225854
2022-10-18,58.048283890036124
2022-10-19,58.137516972979775
2022-10-20,58.12210511601541
2022-10-21,56.61601847030764
2022-10-24,56.513893341601985
2022-10-25,55.59852073962883
2022-10-26,56.383767901246294
2022-10-27,57.67477353815952
2022-10-28,55.83290958117074
2022-10-31,56.864157413911656
2022-11-01,58.1502315032324
2022-11-02,59.68929337402161
2022-11-03,60.11158211681234
2022-11-04,59.748672829372694
2022-11-07,59.77126146066224
2022-11-08,60.13353622804157
2022-11-09,62.0477600145118
2022-11-10,58.27752854714971
2022-11-11,59.66341342052023
2022-11-14,59.96907130291924
2022-11-15,59.59840771598024
2022-11-16,59.986827351962
2022-11-17,59.33181240147787
2022-11-18,59.101835569627305
2022-11-21,58.71135659080879
2022-11-22,57.591057877351005
2022-11-23,57.533545198777716
2022-11-25,58.018833925223525
2022-11-28,58.244012868917615
2022-11-29,58.952799132540875
2022-11-30,58.07174046730427
2022-12-01,58.286313540498426
2022-12-02,57.28272759391707
2022-12-05,57.97241904088055
2022-12-06,58.18426268601288
2022-12-07,58.03135650816094
2022-12-08,57.2968129998719
2022-12-09,58.1653230685292
2022-12-12,56.954180202401005
2022-12-13,56.51150220511422
2022-12-14,57.51882591622499
2022-12-15,58.02039159561411
2022-12-16,58.689956824637775
2022-12-19,58.99499123581321
2022-12-20,58.44148381193172
2022-12-21,57.47341300731998
2022-12-22,59.00068552214882
2022-12-23,57.59188876856679
2022-12-27,58.29722024623868
2022-12-28,57.70639371505626
2022-12-29,55.59106055891752
2023-01-03,55.530020962472804
2023-01-04,56.03101092560514
2023-01-05,56.89570505509452
2023-01-06,56.24209532446681
2023-01-09,57.753834779412195
2023-01-10,57.37897433614483
2023-01-11,56.86040953838876
2023-01-12,56.7878834251796
2023-01-13,57.07046828683481
2023-01-17,57.01464038099995
2023-01-18,57.65973126204976
2023-01-19,58.3773497098545
2023-01-20,57.66893641231978
2023-01-25,57.81808230158744
2023-01-26,58.13337705313689
2023-01-27,58.36122503982997
2023-01-30,58.30450533431456
2023-01-31,56.86431344972868
2023-02-01,56.83987008588494
2023-02-02,56.46065629696765
2023-02-03,57.33351628758076
2023-02-06,56.70439048630348
2023-02-07,56.28272242526287
2023-02-08,57.646066435706715
2023-02-09,58.10055346981521
2023-02-10,57.68987189432776
2023-02-13,56.62732675875347
2023-02-14,56.95229196310942
2023-02-15,55.899030223019366
2023-02-16,57.7902018093588
2023-02-17,57.36693204969065
2023-02-21,58.72641201724744
2023-02-22,57.82022200506588
2023-02-23,58.02361283961617
2023-02-24,58.27789149023622
2023-02-27,57.577551883883395
2023-02-28,58.03673266340622
2023-03-02,58.17000344242522
2023-03-03,57.35131156752929
2023-03-06,58.03151981331095
2023-03-07,58.95239063262665
2023-03-08,58.10513932629624
2023-03-09,58.885258759848156
2023-03-10,59.14228242784908
2023-03-13,59.622668182852934
2023-03-14,57.153585328202674
2023-03-15,58.2661840117742
2023-03-16,57.2179744959597
2023-03-17,58.327820878732496
2023-03-20,57.37463799148229
2023-03-21,56.84883176657696
2023-03-22,58.5275183670622
2023-03-23,58.5513299476737
2023-03-24,57.9412111799202
2023-03-27,57.695612230993795
2023-03-28,58.44273566868154
2023-03-29,57.81788929535997
2023-03-30,57.6986471761225
2023-03-31,57.44638834709597
2023-04-03,57.123880512788006
2023-04-04,57.63239890763033
2023-04-05,58.1261392106633
2023-04-06,57.06537423927065
2023-04-10,58.23197113244801
2023-04-11,59.0455221135184
2023-04-12,59.35186466151463
2023-04-13,58.82690910769448
2023-04-14,59.197252703587274
2023-04-17,59.08698304299297
2023-04-18,58.93798558314285
2023-04-19,59.03941505091647
2023-04-20,59.08743563127388
2023-04-21,58.61057090928894
2023-04-24,58.06855520485647
2023-04-25,58.19897757776336
2023-04-26,58.348147130816066
2023-04-27,57.46201812024408
2023-04-28,57.10629953563699
2023-05-02,58.34211892560411
2023-05-03,58.21036121187232
2023-05-04,58.61481745840042
2023-05-08,57.8163646388282
2023-05-09,57.99824343729233
2023-05-10,57.416878870534795
2023-05-11,57.39024515107589
2023-05-12,57.10611503170947
2023-05-15,57.00011381374112
2023-05-16,57.40419305688073
2023-05-17,57.04546094767845
2023-05-18,56.97091538840664
2023-05-19,57.56178751086861
2023-05-22,57.97577680539171
2023-05-23,58.87388226657031
2023-05-24,59.30121966486048
2023-05-25,58.49988720108891
2023-05-26,57.845110261841135
2023-05-30,58.42666698864828
2023-05-31,58.56157950514101
2023-06-01,57.831467385046395
2023-06-02,57.721345157515294
2023-06-05,58.1445120948278
2023-06-07,58.223724587488135
2023-06-08,57.76856389026842
2023-06-09,58.33454612405487
2023-06-12,57.55160109066059
2023-06-13,57.361657074097415
2023-06-14,56.883595210728664
2023-06-15,55.96088522473772
2023-06-16,56.52349008026486
2023-06-20,56.366456204790126
2023-06-21,56.172165858854505
2023-06-22,56.21002959294229
2023-06-23,56.12287633364576
2023-06-26,56.61842308810898
2023-06-27,55.98685610451126
2023-06-28,55.58577186408484
2023-06-29,55.06159134624622
2023-06-30,54.72372015237313
2023-07-03,55.474898423774164
2023-07-05,55.05648098996235
2023-07-06,55.002380781777894
2023-07-07,54.50352845237686
2023-07-10,54.236607126870176
2023-07-11,54.78686549895663
2023-07-12,54.60896437730055
2023-07-13,54.52637178568931
2023-07-14,55.34088790778259
2023-07-17,54.9542628815893
2023-07-18,54.31190330439123
2023-07-19,54.20427543606133
2023-07-20,54.3987237061206
2023-07-21,54.59809892851476
2023-07-24,54.746215354964356
2023-07-25,54.761877788956184
2023-07-26,53.837601087340936
2023-07-27,54.43630668178287
2023-07-28,54.001894321679956
2023-07-31,54.40059132944272
2023-08-01,55.27146872060265
2023-08-02,54.987765601775706
2023-08-03,54.912281873326066
2023-08-04,55.10692796140798
2023-08-07,54.16644534206555
2023-08-08,54.261153087478085
2023-08-09,55.28720772678937
2023-08-10,55.1918433873829
2023-08-11,55.00540966681474
2023-08-14,54.272998703622534
2023-08-16,54.34536408932161
2023-08-17,54.63711023690582
2023-08-18,54.27815086847567
2023-08-21,54.019880735463246
2023-08-22,54.31643190955948
2023-08-23,53.49948073450891
2023-08-24,54.948147156799465
2023-08-25,54.16485012776744
2023-08-28,54.342084140494904
2023-08-29,53.75206583423802
2023-08-30,53.72160343840332
2023-08-31,53.696359090482936
2023-09-01,53.752387089717445
2023-09-05,54.374635233016235
2023-09-06,54.34323554700746
2023-09-07,54.189914804076444
2023-09-08,54.096107459450494
2023-09-11,53.936723944430064
2023-09-12,53.803648480860346
2023-09-13,53.70115896022391
2023-09-14,54.04427068226345
2023-09-15,55.30697324028074
2023-09-18,54.71018031376654
2023-09-19,54.49363046556779
2023-09-20,55.01064387853177
2023-09-21,54.95685084080616
2023-09-22,54.93089016278261
2023-09-25,54.43108578258878
2023-09-26,54.5168832246721
2023-09-27,54.54158680943164
2023-10-04,53.40198805023141
2023-10-05,53.37570457928299
2023-10-06,52.86199897686627
2023-10-10,52.12033376358779
2023-10-11,52.933939428047026
2023-10-12,53.90510549559393
2023-10-13,53.65783025881733
2023-10-16,52.66872598982818
2023-10-17,53.188508786495916
2023-10-18,53.96005991587434
2023-10-19,53.403811477912676
2023-10-20,53.15506722445477
2023-10-23,52.84424307601711
2023-10-24,53.03827464999383
2023-10-25,53.351376754201276
2023-10-26,52.533533138863895
2023-10-27,52.85835556298923
2023-10-30,52.409429719729225
2023-10-31,51.3483926078388
2023-11-01,51.33224514546881
2023-11-02,51.27648519353588
2023-11-03,51.35982003406713
2023-11-06,54.14184230443916
2023-11-07,52.72800834749771
2023-11-08,52.20779629550327
2023-11-09,52.73677391511236
2023-11-10,51.55377443884145
2023-11-13,51.476611067045475
2023-11-14,51.116452861493315
2023-11-15,52.1283143884448
2023-11-16,52.09624671212089
2023-11-17,51.64822472657653
2023-11-20,51.69674323654733
2023-11-21,52.20937026241438
2023-11-22,52.03509590485756
2023-11-24,51.691077402085696
2023-11-27,51.7642241350506
2023-11-28,52.253845718567604
2023-11-29,52.25020217858337
2023-11-30,52.36500081554601
2023-12-01,51.43529595271718
2023-12-04,51.91189956512186
2023-12-05,51.49539604453105
2023-12-06,51.72654555440944
2023-12-07,51.26675304220103
2023-12-08,51.575366920390564
2023-12-11,51.52878188665253
2023-12-12,51.49578970358103
2023-12-13,50.30224403530568
2023-12-14,50.81076297939682
2023-12-15,51.28224496272775
2023-12-18,51.06103393898213
2023-12-19,50.785835189016225
2023-12-20,52.4167618597458
2023-12-21,51.64079869642865
2023-12-22,51.52711344942428
2023-12-26,51.37124941437236
2023-12-27,51.49348938470414
2023-12-28,52.29691985084196
2024-01-02,53.032555054878
2024-01-03,52.21751171769278
2024-01-04,51.9785899231319
2024-01-05,51.72811064460512
2024-01-08,50.79706624158584
2024-01-09,50.743889673229894
2024-01-10,50.079085296812764
2024-01-11,50.06745443890046
2024-01-12,49.733025549788465
2024-01-16,49.373443127067986
2024-01-17,48.423090797349545
2024-01-18,48.07784831159254
2024-01-19,48.122259473461014
2024-01-22,47.85778986253492
2024-01-23,47.99474737480969
2024-01-24,47.76980233628085
2024-01-25,47.52389969203095
2024-01-26,47.74268605761789
2024-01-29,47.7897249636492
2024-01-30,47.79152410597462
2024-01-31,48.55084839224041
2024-02-01,48.7943474850246
2024-02-02,49.66957820024951
2024-02-05,49.39362565194296
2024-02-06,48.96345155842659
2024-02-07,49.18763689486535
2024-02-08,49.36825889325603
2024-02-13,50.349066826039625
2024-02-14,49.34538466328506
2024-02-15,48.88344876194102
2024-02-16,49.785194829697055
2024-02-20,50.23146989999506
2024-02-21,50.10141037940943
2024-02-22,49.28832643775111
2024-02-23,49.317763864738424
2024-02-26,49.11645722477753
2024-02-27,48.617366100649264
2024-02-28,49.186873030599884
2024-02-29,48.82719271599817
2024-03-04,49.00977562978393
2024-03-05,49.04415222809879
2024-03-06,48.65120057550863
2024-03-07,48.28480898709838
2024-03-08,49.17687751775513
2024-03-11,48.84257749830446
2024-03-12,48.721887135165076
2024-03-13,49.012365889227766
2024-03-14,49.568718172498244
2024-03-15,48.95828496584038
2024-03-18,49.01577863207453
2024-03-19,48.20641960492876
2024-03-20,48.37548803430809
2024-03-21,49.376151461448636
2024-03-22,49.35680219236417
2024-03-25,49.29564993541759
2024-03-26,49.73901209449667
2024-03-27,49.28908261699896
2024-03-28,49.132263561461706
2024-04-01,49.254469296145956
2024-04-02,49.66524192590381
2024-04-03,48.778414250612926
2024-04-04,50.02019709849219
2024-04-05,49.00133480943292
2024-04-08,49.03600576571602
2024-04-09,48.75424368059914
2024-04-11,48.91101376980622
2024-04-12,49.134982367303735
2024-04-15,49.547028338543726
2024-04-16,48.50741136409875
2024-04-17,48.32032865575129
2024-04-18,49.36656298723256
2024-04-19,48.99147766526575
2024-04-22,49.24827969594528
2024-04-23,48.551892685864495
2024-04-24,49.551440155296405
2024-04-25,48.86428290463553
2024-04-26,48.91597393370834
2024-04-29,49.31420622053938
2024-04-30,50.19412752253448
2024-05-02,49.73512790098145
2024-05-03,48.99768276665511
2024-05-07,49.48825764761005
2024-05-08,49.676926316762135
2024-05-09,48.80017413164248
2024-05-10,49.01574863393008
2024-05-13,49.00162721388816
2024-05-14,48.833813788660976
2024-05-16,48.737098962187524
2024-05-17,48.16544805758105
2024-05-20,48.419361242116175
2024-05-21,47.984558232920975
2024-05-22,48.110411061413416
2024-05-23,48.435048453219665
2024-05-24,47.51189651737426
2024-05-28,48.10144734372596
2024-05-29,47.63029328903814
2024-05-30,47.19869745627115
2024-05-31,46.791861747714854
2024-06-03,47.569458770542674
2024-06-04,47.1546304869298
2024-06-05,47.08042004488754
2024-06-07,47.71997203864033
2024-06-10,47.197320239211656
2024-06-11,47.15626711962259
2024-06-12,47.167166853641426
2024-06-13,47.533417837375474
2024-06-14,47.56538207480915
2024-06-17,46.9448402491805
2024-06-18,47.164067442233666
2024-06-20,48.04045289438169
2024-06-21,47.70453704420615
2024-06-24,47.52440036568571
2024-06-25,47.50749904482624
2024-06-26,47.75031531479806
2024-06-27,47.53872558251229
2024-06-28,47.962417458897896
2024-07-01,47.97494036475188
2024-07-02,47.25574792632015
2024-07-03,47.26826066542648
2024-07-05,48.14476060292312
2024-07-08,48.014164907363224
2024-07-09,48.12899647578017
2024-07-10,47.667542657697595
2024-07-11,48.473790184939766
2024-07-12,47.59766810480943
2024-07-15,47.532257297674306
2024-07-16,47.33743966880809
2024-07-17,47.62867299899345
2024-07-18,47.67780277883581
2024-07-19,47.505576384532375
2024-07-22,46.483382094927364
2024-07-23,46.738026097379404
2024-07-24,47.55322227523889
2024-07-25,46.969513404912796
2024-07-26,46.813438878407574
2024-07-29,47.361874994282196
2024-07-30,47.13245370521124
2024-07-31,46.92906215198362
2024-08-01,47.7232593173033
2024-08-02,46.85187293543308
2024-08-05,44.02625048437323
2024-08-06,45.06415774902839
2024-08-07,46.199506996886086
2024-08-08,44.95028127869756
2024-08-09,45.307815019740715
2024-08-12,45.80659381025471
2024-08-13,45.12054129207441
2024-08-14,45.37326831065406
2024-08-16,45.39636408283385
2024-08-19,44.58514941521591
2024-08-20,45.02963215848674
2024-08-21,44.95029541282612
2024-08-22,45.41558503513557
2024-08-23,44.8388579944474
2024-08-26,44.884775368214825
2024-08-27,44.67769599393949
2024-08-28,44.94826612449847
2024-08-29,44.4839148381805
2024-08-30,44.262391993355465
2024-09-03,45.02882532335781
2024-09-04,43.701658626468344
2024-09-05,43.718236605173566
2024-09-06,43.92758850696793
2024-09-09,43.29865454087037
2024-09-10,42.89837182700615
2024-09-11,42.29346282663167
2024-09-12,42.920045988914666
2024-09-13,42.75216284961508
2024-09-19,42.16859924179827
2024-09-20,42.44736528267525
2024-09-23,42.48261997274257
2024-09-24,42.84444211790007
2024-09-25,42.36220720817706
2024-09-26,43.41787606503452
2024-09-27,43.12628922069055
2024-09-30,42.038105357745245
2024-10-02,41.883874506626675
2024-10-04,41.712895950037606
2024-10-07,42.759630169809014
2024-10-08,42.099066955884915
2024-10-10,41.960262242843044
2024-10-11,41.67437829131963
2024-10-14,41.75622124997794
2024-10-15,42.24617765898108
2024-10-16,41.69454537368962
2024-10-17,41.67404257999375
2024-10-18,41.26806239214882
2024-10-21,41.5128428379924
2024-10-22,40.9892706586299
2024-10-23,41.83264124173841
2024-10-24,41.44385785112144
2024-10-25,41.49415788138456
2024-10-28,41.83321881935945
2024-10-29,41.8514841823823
2024-10-30,41.59346299328096
2024-10-31,41.80946401695424
2024-11-01,41.4091368498967
2024-11-04,42.25933446310846
2024-11-05,41.55946062611556
2024-11-06,40.340732971974305
2024-11-07,40.04870109367932
2024-11-08,39.821857491043495
2024-11-11,39.32586550967161
2024-11-12,38.68348601469072
2024-11-13,37.64473226470324
2024-11-14,37.91625674594855
2024-11-15,38.376456424415764
2024-11-18,39.04549431645639
2024-11-19,38.94866051652905
2024-11-20,39.09833804822169
2024-11-21,38.86355579325257
2024-11-22,39.065371436983156
2024-11-25,39.4485326242407
2024-11-26,39.02714206944417
2024-11-27,38.87705607082395
2024-11-29,37.90923484853933
2024-12-02,37.81938173110384
2024-12-03,38.50444257755116
2024-12-04,37.714275901121844
2024-12-05,37.436854349928886
2024-12-06,37.15652410990432
2024-12-09,36.30937977376513
2024-12-10,37.306111826832584
2024-12-11,37.39764925660711
2024-12-12,38.20096547567748
2024-12-13,38.39850400638814
2024-12-16,38.15109038978697
2024-12-17,37.8139342937966
2024-12-18,39.413709892563865
2024-12-19,38.656161203941465
2024-12-20,37.69903526121654
2024-12-23,38.06477290151039
2024-12-24,37.62336427301954
2024-12-26,37.45360756366538
2024-12-27,37.464134725054635
2024-12-30,37.813391341267135
2025-01-02,38.036215754457515
2025-01-03,38.23955702115385
2025-01-06,38.74796226432126
2025-01-07,39.24547000978915
2025-01-08,39.64345287860362
2025-01-10,40.17393889537981
2025-01-13,39.69368950460152
2025-01-14,39.76397517394555
2025-01-15,39.04436954853889
2025-01-16,39.60028854112447
2025-01-17,39.14553676925919
2025-01-21,38.705626609159175
2025-01-22,38.93299123576413
2025-01-23,38.2417104720104
2025-01-24,38.67858554113431
2025-01-31,38.77456421337
2025-02-03,38.053800767381105
2025-02-04,38.22752493167924
2025-02-05,38.49627558035704
2025-02-06,38.78307151416004
2025-02-07,38.91252838009064
2025-02-10,38.640091034541996
2025-02-11,38.883009333771504
2025-02-12,39.15216378529123
2025-02-13,39.271901403838335
2025-02-14,39.39363211758705
2025-02-18,39.82041315251402
2025-02-19,40.40303169156193
2025-02-20,40.30666777446975
2025-02-21,41.01610067076697
2025-02-24,41.05909435410845
2025-02-25,41.03063239445447
2025-02-26,41.17831867181975
2025-02-27,41.53983458056636
2025-02-28,39.51353400616633
2025-03-04,40.637885613502746
2025-03-05,40.670156290634054
2025-03-06,41.69696988318644
2025-03-07,41.26048041298937
2025-03-10,42.50380500592838
2025-03-11,42.31334591384733
2025-03-12,42.70734622373794
2025-03-13,43.26450600211771
2025-03-14,42.2690232561828
2025-03-17,42.67011522130318
2025-03-18,43.16361457899854
2025-03-19,42.96469191164831
2025-03-20,43.22829535483703
2025-03-21,43.312849206095414
2025-03-24,42.372780115837884
2025-03-25,42.010031259085665
2025-03-26,42.974841960693226
2025-03-27,42.48969470304859
2025-03-28,42.54514188564255
2025-03-31,40.991620028890424
2025-04-01,41.53960294050931
2025-04-02,41.024138564311734
2025-04-03,42.8207009504928
2025-04-04,45.0942032860955
2025-04-07,42.66034301678697
2025-04-08,43.451404444855775
2025-04-09,38.63909411361854
2025-04-10,43.076432778406144
2025-04-11,42.10770989052774
2025-04-14,42.100319240510245
2025-04-15,42.58851462749693
2025-04-16,43.02959174884929
2025-04-17,43.37174114582541
2025-04-21,44.75318065796745
2025-04-22,43.58712815513313
2025-04-23,43.59383888222709
2025-04-24,42.640543872666214
2025-04-25,42.73697835652849
2025-04-28,42.763636839050115
2025-04-29,42.772027543143416
2025-04-30,42.608237463282435
2025-05-02,41.741411699654705
2025-05-07,42.38944877603149
2025-05-08,42.18902718148552
2025-05-09,42.206662496666524
2025-05-12,41.33299630188606
2025-05-13,41.078988858642
2025-05-14,41.53222736787343
2025-05-15,41.02968267497909
2025-05-16,40.85713478554352
2025-05-19,40.44815819708646
2025-05-20,40.55935775576179
2025-05-21,41.631588229770166
2025-05-22,41.10939420123223
2025-05-23,41.366712666140955
2025-05-27,41.229738092366524
2025-05-28,41.987474170038325
2025-05-29,42.61320860262646
2025-05-30,42.300740617806994
2025-06-02,42.08406974579769
2025-06-04,42.97127265527308
2025-06-05,43.82215465245575
2025-06-09,44.011447109174505
2025-06-10,44.00973645671424
2025-06-11,44.676426190365994
2025-06-12,44.698412583303856
2025-06-13,44.81043780939495
2025-06-16,45.18613766167451
2025-06-17,45.63188569446412
2025-06-18,45.97738305035025
2025-06-20,46.85546480103683
2025-06-23,46.28402650857792
2025-06-24,47.132451329039576
2025-06-25,47.176029361833265
2025-06-26,46.377722618655596
2025-06-27,45.7944853799129
2025-06-30,45.81162646373373
2025-07-01,46.09425050787294
2025-07-02,45.66955353019931
2025-07-03,45.91967139639719
2025-07-07,45.421178358659965
2025-07-08,46.27018316869125
2025-07-09,46.271818549611034
2025-07-10,46.87039020062345
2025-07-11,46.92550624774646
2025-07-14,47.223415895845896
2025-07-15,47.622326693884105
2025-07-16,47.03702633362566
2025-07-17,46.83763746791888
2025-07-18,46.810006768358065
2025-07-21,47.05467259484137
2025-07-22,46.44907109380516
2025-07-23,46.25818253908847
2025-07-24,46.339893369001786
2025-07-25,46.225962742277346
2025-07-28,46.43243846165166
2025-07-29,46.8605739070962
2025-07-30,47.266772281276
2025-07-31,47.31310714163743
2025-08-01,46.233587092793286
2025-08-04,45.955115994574264
2025-08-05,46.926648173946234
2025-08-06,46.5719708627209
2025-08-07,47.04154269303367
2025-08-08,46.4220356084631
2025-08-11,46.467068691373846
2025-08-12,45.73585756891247
2025-08-13,46.07222509630883
2025-08-14,46.086363588749066
2025-08-18,45.51157664054764
2025-08-19,45.38940847668903
2025-08-20,45.20029442984294
2025-08-21,45.551268721667434
2025-08-22,45.24772775027038
2025-08-25,46.03766049388201
2025-08-26,45.4100769915822
2025-08-27,45.417997066750644
2025-08-28,45.38779051988547
2025-08-29,45.512818207082
2025-09-02,45.656006051778036
2025-09-03,45.58267580910593
2025-09-04,45.437823789567744
2025-09-05,45.630892540558285
2025-09-08,45.724560668673575
2025-09-09,46.19238964008125
2025-09-10,46.828951034738
2025-09-11,46.85873824534977
2025-09-12,47.594039031680666
2025-09-15,47.506089938778466
2025-09-16,48.16230777679886
2025-09-17,47.715895153344086
2025-09-18,48.16046576699022
2025-09-19,47.70075086053049
2025-09-22,47.79873246588668
2025-09-23,48.30337593924826
2025-09-24,48.26225788827859
2025-09-25,48.471566016548984
2025-09-26,47.01441166998754
2025-09-29,47.50793105423601
2025-09-30,47.23847252695364
2025-10-01,47.50736987747093
2025-10-02,48.73493550523395
2025-10-10,50.80781138144038
2025-10-13,49.67895926574508
2025-10-14,49.42418029273416
2025-10-15,50.52462483479958
2025-10-16,52.13809404603552
2025-10-17,51.851002097840926
2025-10-20,52.21799120233981
2025-10-21,52.34403140983998
2025-10-22,53.441001369802635
2025-10-23,52.60451374588765
2025-10-24,53.481059047955256
2025-10-27,54.215111727188
2025-10-28,53.63788811324278
2025-10-29,54.557808684960186
2025-10-30,55.24210034274299
2025-10-31,55.339160459862605
2025-11-03,56.77348692973775
2025-11-04,56.09188073922711
2025-11-05,54.30709869846567
2025-11-06,55.198105873846124
2025-11-07,54.14829590937759
2025-11-10,54.927511921467854
2025-11-11,55.24806798605076
2025-11-12,55.80899984403944
2025-11-13,57.02747103807102
2025-11-14,54.861525392539725
2025-11-17,56.4497784471084
2025-11-18,55.03967833690127
2025-11-19,54.493515348374046
2025-11-20,56.397949389495686
2025-11-21,53.72799822374515
2025-11-24,52.849740961104615
2025-11-25,52.51681875142042
2025-11-26,53.55051667293088
2025-11-28,52.7988554682135
2025-12-01,52.95699226802243
2025-12-02,53.8643865178495
2025-12-03,54.23438746048886
2025-12-04,54.090172751793595
2025-12-05,54.94635659841352
2025-12-08,55.8485372490503
2025-12-09,55.744760645626336
2025-12-10,55.263213209440686
2025-12-11,54.80984278978408
2025-12-12,56.167650457379025
2025-12-15,55.21901545228284
2025-12-16,54.132295884864156
2025-12-17,55.51854292322299
2025-12-18,54.26159886485653
2025-12-19,54.12476772645732
2025-12-22,54.93193745890812
2025-12-23,54.83370386422962
2025-12-24,54.52603792757096
2025-12-26,54.81108710892592
2025-12-29,56.21762845524515
2025-12-30,56.20114076947525
2026-01-02,57.79727635240973
2026-01-05,59.38514741100701
2026-01-06,59.93409855387485
2026-01-07,60.46778603491053
2026-01-08,60.49133368749563
2026-01-09,60.5420653494935
2026-01-12,60.954169920656476
2026-01-13,61.972340064261346
2026-01-14,62.68269874321454
2026-01-15,63.4978413707814
2026-01-16,64.12321631664956
2026-01-20,66.06429916479641
2026-01-21,65.63377293534933
2026-01-22,65.85922594713341
2026-01-23,66.33437524970157
2026-01-26,65.46382903049826
2026-01-27,66.98590739141288
2026-01-28,68.12516945690624
2026-01-29,68.92648936721119
2026-01-30,69.17385918102401
2026-02-02,65.21259111866733
2026-02-03,70.2653186276605
2026-02-04,71.71582740203672
2026-02-05,69.81681043691992
2026-02-06,67.5151796903499
2026-02-09,69.94927194630782
2026-02-10,70.18254269860323
2026-02-11,70.89788681124908
2026-02-12,74.26676703366127
2026-02-13,74.00939852081233
2026-02-19,75.99297817056144
2026-02-20,77.19197943250911
2026-02-23,78.4926479048921
2026-02-24,79.57312322647681
2026-02-25,80.41704680186939
2026-02-26,83.83576500189807
2026-02-27,83.39697834843047
2026-03-03,78.00066733660479
2026-03-04,68.11502518702878
2026-03-05,75.09119270085841
2026-03-06,76.10171493438442
2026-03-09,70.94266633283148
2026-03-10,74.8549498670803
2026-03-11,75.99700804121858
2026-03-12,76.80153389586499
2026-03-13,75.91051581130758
2026-03-16,76.0031868793142
2026-03-17,77.0416687216702
2026-03-18,82.0734755009159
2026-03-19,80.02930562520315
2026-03-20,81.4465803743914
2026-03-23,75.36583044152809
2026-03-24,77.6923832702288
2026-03-25,78.4900497534853
2026-03-26,77.34293121529461
2026-03-27,78.3735462231005
2026-03-30,76.30043718820868
2026-03-31,70.9862317832601
2026-04-01,76.39920782356438
2026-04-02,72.92195141097854
2026-04-06,75.57797114630723
2026-04-07,76.16083010416772
2026-04-08,79.3724438840137
2026-04-09,77.64948678709803
2026-04-10,78.78829260387505
2026-04-13,77.35658285455585
2026-04-14,78.5190577836599
2026-04-15,79.51834267259602
2026-04-16,81.07698517008754
2026-04-17,79.66967566369088
2026-04-20,80.17960129876809
2026-04-21,82.90611478786273
2026-04-22,82.45344791554085
2026-04-23,83.52117554231383
2026-04-24,82.87661522155598
2026-04-27,84.51508598550265
2026-04-28,85.26202734331534
2026-04-29,85.91569469751708
2026-04-30,83.89920348356695
2026-05-04,88.27796476520665
2026-05-06,91.94770223667557
2026-05-07,93.54801735164928
2026-05-08,92.8804821491642
2026-05-11,96.6767776622164
2026-05-12,94.60668573020085
2026-05-13,96.55272639279256
2026-05-14,97.47450753508244
2026-05-15,92.62613657776024
2026-05-18,92.97412446896716
2026-05-19,90.55428516368362
2026-05-20,88.8626030846805
2026-05-21,96.14979764725878
2026-05-22,96.16686449179436
2026-05-26,97.96488370802214
2026-05-27,100.1879289356939
2026-05-28,99.11262918858151
2026-05-29,102.3794801515625
2026-06-01,105.86247949464828
2026-06-02,105.87662920357906
2026-06-04,104.26733757072853
2026-06-05,101.09782082793595
2026-06-08,92.51147752119554
2026-06-09,100.37721842973954
2026-06-10,97.37371907101429
2026-06-11,96.1566534115024
2026-06-12,100.06996823179767
2026-06-15,103.44856141067218
2026-06-16,106.26847102907146
2026-06-17,109.30963920019363
2026-06-18,110.62088316838785
2026-06-22,111.59095434630572
2026-06-23,101.92107345149182
2026-06-24,105.28920543520653
2026-06-25,110.83752675207738
2026-06-26,105.15531219732132
2026-06-29,103.24730256674795
2026-06-30,103.4482146344079
2026-07-01,101.47328214434617
2026-07-02,93.58780605107437
2026-07-06,97.66975433594135
2026-07-07,93.32126543918193
2026-07-08,88.60344013942519
2026-07-09,88.40671976493543
2026-07-10,90.24889964197193
2026-07-13,82.80665390097627
2026-07-14,83.11856452535694
