Date,rs_korea
2016-10-05,100.0
2016-10-06,100.52919485290974
2016-10-07,100.31345429090854
2016-10-10,99.94041715506506
2016-10-11,99.99390885518388
2016-10-12,99.95133279708799
2016-10-13,99.37797646751939
2016-10-14,99.68252221827225
2016-10-17,100.27461305254297
2016-10-18,100.28061999687661
2016-10-19,100.03887122047492
2016-10-20,100.20928663443758
2016-10-21,99.78941002179361
2016-10-24,100.08726147635998
2016-10-25,99.90540160139237
2016-10-26,98.96236171401617
2016-10-27,99.73105346509827
2016-10-28,99.79440776310096
2016-10-31,99.23479071581916
2016-11-01,99.9192051366081
2016-11-02,99.09954232923349
2016-11-03,99.79971739475604
2016-11-04,99.82011303996224
2016-11-07,98.43262309641509
2016-11-08,98.27581876909603
2016-11-09,95.06051789707473
2016-11-10,96.96499680812745
2016-11-11,96.30718357351641
2016-11-14,95.7452149201294
2016-11-15,94.67332893461614
2016-11-16,95.43577108338374
2016-11-17,94.99085423442969
2016-11-18,94.91689022967181
2016-11-21,93.79859196654448
2016-11-22,94.44515645605738
2016-11-23,94.6070083573017
2016-11-25,93.61720390682108
2016-11-28,94.2336183848845
2016-11-29,94.06255537843522
2016-11-30,94.53134094678876
2016-12-01,94.8930198883478
2016-12-02,94.2172596924253
2016-12-05,93.3099230556549
2016-12-06,94.27077397248488
2016-12-07,93.14848605191605
2016-12-08,94.74867167392156
2016-12-09,93.88394652798665
2016-12-12,94.11024148151343
2016-12-13,93.88933997711347
2016-12-14,94.71218247526231
2016-12-15,94.31361866878306
2016-12-16,94.75782315865227
2016-12-19,94.37370494907158
2016-12-20,94.17475603508987
2016-12-21,94.25347384515125
2016-12-22,94.31325872033052
2016-12-23,94.18322762774312
2016-12-27,94.2394763714819
2016-12-28,94.20214455873914
2016-12-29,94.31482574145299
2017-01-03,94.75385533256154
2017-01-04,94.27044333466526
2017-01-05,94.17521768786258
2017-01-06,94.16899417135521
2017-01-09,94.46519379227668
2017-01-10,94.29643685735614
2017-01-11,95.41233626732915
2017-01-12,96.20414501730441
2017-01-13,95.50786980542158
2017-01-17,95.6185123688284
2017-01-18,95.3464003471956
2017-01-19,95.80492386881033
2017-01-20,95.12358441955851
2017-01-23,95.38927272794436
2017-01-24,94.77102917295697
2017-01-25,94.01145407939563
2017-01-26,94.86792742928067
2017-01-31,94.88326018517692
2017-02-01,95.4379440789045
2017-02-02,94.94098152726654
2017-02-03,94.38890048735993
2017-02-06,94.7632008811424
2017-02-07,94.64733008516646
2017-02-08,94.06206447545755
2017-02-09,93.54352202995634
2017-02-10,93.5907897757627
2017-02-13,93.2443163923247
2017-02-14,92.69096541745795
2017-02-15,92.62251513076949
2017-02-16,92.61157212748316
2017-02-17,92.4098571563147
2017-02-21,92.84958146553842
2017-02-22,93.09474119628382
2017-02-23,93.0767827113755
2017-02-24,92.36296916840166
2017-02-27,91.84009734324935
2017-02-28,92.35891630679117
2017-03-02,92.1436909066369
2017-03-03,91.03900503957615
2017-03-06,91.42557387807479
2017-03-07,92.25854394773664
2017-03-08,92.49021065848993
2017-03-09,92.18128893530661
2017-03-10,92.13572123248063
2017-03-13,92.97792651213759
2017-03-14,94.04865231034763
2017-03-15,93.20768708979897
2017-03-16,94.13924005878363
2017-03-17,94.94084859283888
2017-03-20,94.7126871219639
2017-03-21,96.89512232433111
2017-03-22,96.22036366785781
2017-03-23,96.51947182051299
2017-03-24,96.4220275812076
2017-03-27,95.92966512844956
2017-03-28,95.57462299470774
2017-03-29,95.64733394100732
2017-03-30,95.24080906522806
2017-03-31,95.26852260374464
2017-04-03,95.75612427701337
2017-04-04,95.41213401515655
2017-04-05,95.6855538943283
2017-04-06,95.05959278042828
2017-04-07,95.11153986596595
2017-04-10,94.24166022609352
2017-04-11,93.93507645623815
2017-04-12,94.57328281644816
2017-04-13,96.07240256133007
2017-04-17,95.10239445343261
2017-04-18,95.50705135091331
2017-04-19,95.2349375277165
2017-04-20,94.94095980983492
2017-04-21,95.94870970556602
2017-04-24,95.28631735696862
2017-04-25,95.74226848117291
2017-04-26,96.28178373934075
2017-04-27,96.27163467105035
2017-04-28,96.30636083485126
2017-05-02,96.64765594388939
2017-05-04,97.59096118277633
2017-05-08,99.45940987025654
2017-05-10,98.39104488518441
2017-05-11,99.73249230550967
2017-05-12,99.44919051319386
2017-05-15,99.10318739689113
2017-05-16,99.39669124743517
2017-05-17,101.09303938787473
2017-05-18,100.41254915747182
2017-05-19,99.8360809834893
2017-05-22,100.00670666764668
2017-05-23,100.11982027592201
2017-05-24,100.12874672950393
2017-05-25,100.75288420444144
2017-05-26,101.3057939643489
2017-05-30,100.89367181810364
2017-05-31,101.07806056398645
2017-06-01,100.16226118063354
2017-06-02,100.98427114254218
2017-06-05,100.92670383709536
2017-06-07,100.701570253502
2017-06-08,100.79827880193658
2017-06-09,101.72543528893905
2017-06-12,100.72873172394392
2017-06-13,100.9540551923337
2017-06-14,100.99452263255495
2017-06-15,100.72051873696314
2017-06-16,100.70621069971253
2017-06-19,100.25826791193828
2017-06-20,100.86792022671405
2017-06-21,100.39458483666839
2017-06-22,100.98711398879303
2017-06-23,101.21687176749556
2017-06-26,101.57810781582835
2017-06-27,102.54411229227998
2017-06-28,101.23547829261739
2017-06-29,102.69466715275996
2017-06-30,102.33794534719244
2017-07-03,102.27963099782349
2017-07-05,101.78244739021147
2017-07-06,102.6985562015276
2017-07-07,101.69754090920262
2017-07-10,101.68364842589071
2017-07-11,102.35299974449563
2017-07-12,101.41023381415594
2017-07-13,101.9901873097051
2017-07-14,101.73326061319518
2017-07-17,102.18687222284677
2017-07-18,102.17238426895472
2017-07-19,101.78556174929368
2017-07-20,102.2385029166444
2017-07-21,102.67409714670683
2017-07-24,102.76065788334814
2017-07-25,102.02513450931208
2017-07-26,101.79564157683268
2017-07-27,102.25570312962904
2017-07-28,100.60545763609461
2017-07-31,100.73466964532625
2017-08-01,101.35773876418645
2017-08-02,101.50387207246989
2017-08-03,99.99275880863755
2017-08-04,100.17048687721379
2017-08-07,100.12234034614049
2017-08-08,100.20113208689222
2017-08-09,99.1030217767074
2017-08-10,100.14331361782484
2017-08-11,98.31057901138158
2017-08-14,97.95449351186846
2017-08-16,98.38405509842303
2017-08-17,100.51295656425665
2017-08-18,100.52968096975465
2017-08-21,100.30749608388345
2017-08-22,99.70487513441296
2017-08-23,100.10890979058529
2017-08-24,100.74305755201026
2017-08-25,100.6212195021645
2017-08-28,100.26976799726972
2017-08-29,99.92017545610102
2017-08-30,99.76654937660885
2017-08-31,98.78953013251791
2017-09-01,98.42044805420126
2017-09-05,97.82603365364531
2017-09-06,97.20828770849782
2017-09-07,98.32518971383767
2017-09-08,98.33720000917738
2017-09-11,97.93708920000714
2017-09-12,97.87247885429974
2017-09-13,97.60675322639871
2017-09-14,98.36110707422621
2017-09-15,98.57630132058752
2017-09-18,99.69210524474481
2017-09-19,99.50344649084181
2017-09-20,99.30909929106168
2017-09-21,99.34060423486534
2017-09-25,98.4447845626407
2017-09-26,98.13420390402442
2017-09-27,97.68146944760736
2017-09-28,97.58783401265187
2017-09-29,98.12008615149888
2017-10-10,98.40433173573395
2017-10-11,99.23294460809954
2017-10-12,100.05214937665188
2017-10-13,99.88448526463787
2017-10-16,100.01074431905326
2017-10-17,100.1143670688617
2017-10-18,99.95767924588444
2017-10-19,99.53390860889543
2017-10-20,99.68279825444166
2017-10-23,100.09251138181719
2017-10-24,99.93459102959999
2017-10-25,100.51280228519124
2017-10-26,99.90499154610822
2017-10-27,99.73390379552941
2017-10-30,100.31932174329785
2017-10-31,101.02406154123848
2017-11-01,102.21164361297106
2017-11-02,101.76790554895578
2017-11-03,101.89173950195591
2017-11-06,101.39383320684688
2017-11-07,101.30636783130413
2017-11-08,101.41090175264466
2017-11-09,101.70715284361248
2017-11-10,101.43471625913803
2017-11-13,100.83836207108703
2017-11-14,100.92491416393572
2017-11-15,101.09578769816518
2017-11-16,100.9020283649129
2017-11-17,101.16747263784514
2017-11-20,100.74325913298121
2017-11-21,100.2083689771031
2017-11-22,100.68589738921875
2017-11-24,100.60492180193292
2017-11-27,99.21040658034627
2017-11-28,98.46390713658094
2017-11-29,98.47333552107406
2017-11-30,96.19959362245282
2017-12-01,96.36229508304925
2017-12-04,97.50251925361516
2017-12-05,98.18499567433358
2017-12-06,96.76823366348101
2017-12-07,95.9810281559311
2017-12-08,95.53882144842856
2017-12-11,95.54133919673444
2017-12-12,94.96823028923697
2017-12-13,95.73341185333148
2017-12-14,95.69722463774531
2017-12-15,95.39078186564025
2017-12-18,94.78242440345589
2017-12-19,95.01940501070516
2017-12-21,93.0096417044543
2017-12-22,93.44405516867211
2017-12-26,93.04995144334865
2017-12-27,93.36220147852572
2017-12-28,94.34896522038136
2018-01-02,94.49645713745032
2018-01-03,94.15620258810858
2018-01-04,93.01094566877762
2018-01-05,93.5587644299914
2018-01-08,93.97729512699229
2018-01-09,93.65127281660541
2018-01-10,93.40316920893432
2018-01-11,92.28742613482368
2018-01-12,92.00334580403728
2018-01-16,93.25527474020018
2018-01-17,92.1436345909033
2018-01-18,92.3127279399238
2018-01-19,92.05715352187691
2018-01-22,90.65707979041439
2018-01-23,91.71209702728217
2018-01-24,91.79832159494674
2018-01-25,92.63549402500905
2018-01-26,92.02306929932203
2018-01-29,93.48021725435365
2018-01-30,93.34209787830746
2018-01-31,93.24924374328165
2018-02-01,93.43085984296305
2018-02-02,93.90560285433752
2018-02-05,96.69886876244918
2018-02-06,93.36760586752965
2018-02-07,91.70529819498634
2018-02-08,95.71880941009853
2018-02-09,92.58472736858795
2018-02-12,92.0790035415074
2018-02-13,92.22828284626927
2018-02-14,92.01224403008936
2018-02-20,91.14537373442548
2018-02-21,92.15210424799984
2018-02-22,91.4506232799399
2018-02-23,91.40435239517228
2018-02-26,90.58107592423869
2018-02-27,91.67004031398744
2018-02-28,91.52300968157667
2018-03-02,91.43790386946563
2018-03-05,89.37339156772163
2018-03-06,90.51176679679104
2018-03-07,90.18486800447069
2018-03-08,90.91867018115524
2018-03-09,90.33208520398281
2018-03-12,91.35280961398429
2018-03-13,92.33088999928245
2018-03-14,92.49426532649422
2018-03-15,92.82977463918567
2018-03-16,92.7884008307058
2018-03-19,93.34674286494918
2018-03-20,93.58320956906823
2018-03-21,93.74242983712008
2018-03-22,96.57333599325781
2018-03-23,95.54315052453565
2018-03-26,93.78073078182989
2018-03-27,95.99010764738917
2018-03-28,94.9879589280158
2018-03-29,94.45172311665544
2018-04-02,96.84403852022807
2018-04-03,95.550798814089
2018-04-04,93.2089911713855
2018-04-05,93.61050742862601
2018-04-06,95.43236690249829
2018-04-09,95.53110839873054
2018-04-10,94.29213475119279
2018-04-11,94.53684369916054
2018-04-12,93.70751674730793
2018-04-13,94.45873435444432
2018-04-16,93.78081108627711
2018-04-17,92.64764173017383
2018-04-18,93.56801127902563
2018-04-19,94.32217853286033
2018-04-20,94.75495321528707
2018-04-23,94.68423879277944
2018-04-24,95.5900084614693
2018-04-25,94.76110276642603
2018-04-26,94.83524682411026
2018-04-27,95.38776035994941
2018-04-30,97.01329784187116
2018-05-02,97.11749280768093
2018-05-03,96.61877754613495
2018-05-04,94.3918009414116
2018-05-08,93.6313554978169
2018-05-09,92.51427381854027
2018-05-10,92.41401844120234
2018-05-11,92.6395469151595
2018-05-14,92.5356515716937
2018-05-15,92.51618412850715
2018-05-16,92.17672723403805
2018-05-17,91.82824757736448
2018-05-18,92.51707048377257
2018-05-21,92.01028793098406
2018-05-23,92.25024016504534
2018-05-24,92.21897644269201
2018-05-25,92.24394527767075
2018-05-29,93.18257720462736
2018-05-30,90.1509507759195
2018-05-31,91.23300024763844
2018-06-01,90.9407257142894
2018-06-04,90.83725312442496
2018-06-05,90.99370439185127
2018-06-07,90.86767466114479
2018-06-08,89.9030656623755
2018-06-11,90.46375769744478
2018-06-12,90.29866056857952
2018-06-14,88.70038615914592
2018-06-15,88.10128955334977
2018-06-18,87.26193356140539
2018-06-19,86.26582855229962
2018-06-20,86.99477683253296
2018-06-21,86.57773934953002
2018-06-22,87.13693830799365
2018-06-25,88.36423036588107
2018-06-26,87.9087505577583
2018-06-27,88.30789765524007
2018-06-28,86.76396126972612
2018-06-29,87.08438937132081
2018-07-02,84.85925230136961
2018-07-03,85.20570187534719
2018-07-05,83.95062160020416
2018-07-06,83.8114492896881
2018-07-09,83.53600813170341
2018-07-10,83.54091179616361
2018-07-11,83.65982718165859
2018-07-12,83.06958592972816
2018-07-13,83.94283496737732
2018-07-16,83.69401542200407
2018-07-17,83.20941481832665
2018-07-18,82.75255897329039
2018-07-19,82.78219445081749
2018-07-20,83.12743798930514
2018-07-23,82.25260855459399
2018-07-24,82.2335784797096
2018-07-25,81.28223398593984
2018-07-26,82.04900866738912
2018-07-27,82.82278685951225
2018-07-30,83.2040025164564
2018-07-31,82.85908509857789
2018-08-01,83.42476177268031
2018-08-02,81.64675073568536
2018-08-03,81.92437307830434
2018-08-06,81.58293580774391
2018-08-07,81.80017984976607
2018-08-08,81.88047984417459
2018-08-09,82.07300369595951
2018-08-10,81.87627817209747
2018-08-13,80.94762913608015
2018-08-14,80.80859572472096
2018-08-16,80.11561895466369
2018-08-17,80.05725066802233
2018-08-20,79.91577993331336
2018-08-21,80.51549710069791
2018-08-22,80.67935132310451
2018-08-23,81.11606420280042
2018-08-24,81.00559542484461
2018-08-27,80.5844511292279
2018-08-28,80.67936716853711
2018-08-29,80.45348778594203
2018-08-30,80.72178395603397
2018-08-31,81.26225365337191
2018-09-04,81.15151255627268
2018-09-05,80.52897889751851
2018-09-06,80.62550461504495
2018-09-07,80.56955075903878
2018-09-10,80.67930408347944
2018-09-11,80.22228796107136
2018-09-12,80.19303612905956
2018-09-13,79.83709199208067
2018-09-14,80.94136201585407
2018-09-17,80.83724051220905
2018-09-18,80.60939850472519
2018-09-19,80.50546002741598
2018-09-20,80.37683168319492
2018-09-21,80.99465829674313
2018-09-27,81.92239733513692
2018-09-28,81.484100725716
2018-10-01,81.05677743109099
2018-10-02,80.08769696132087
2018-10-04,79.44891727431774
2018-10-05,79.65125895942181
2018-10-08,79.17037188513088
2018-10-10,80.96240490010335
2018-10-11,79.11057185408838
2018-10-12,79.20591003767017
2018-10-15,79.03693946174897
2018-10-16,77.34570452344242
2018-10-17,78.13910340590314
2018-10-18,78.58168476392208
2018-10-19,78.91531574676979
2018-10-22,79.47150392377941
2018-10-23,77.82328872415528
2018-10-24,79.93023277716298
2018-10-25,77.23826456385984
2018-10-26,77.24353612209175
2018-10-29,76.48221256560187
2018-10-30,76.06919897120198
2018-10-31,75.82568020749207
2018-11-01,74.83393719610477
2018-11-02,77.94001262269667
2018-11-05,76.80684065386461
2018-11-06,76.79052481108288
2018-11-07,74.7877469361063
2018-11-08,75.4261875822973
2018-11-09,75.93219413901669
2018-11-12,77.16842969388891
2018-11-13,76.97083561978044
2018-11-14,77.38168164914023
2018-11-15,77.32343076951135
2018-11-16,77.28314841464882
2018-11-19,78.91941868706328
2018-11-20,79.71922228483463
2018-11-21,79.21844878002733
2018-11-23,79.01868319983394
2018-11-26,78.72854336456835
2018-11-27,79.08230851601239
2018-11-28,77.62644544398192
2018-11-29,78.01340639849764
2018-11-30,76.9084371118424
2018-12-03,77.17287393037783
2018-12-04,79.0995016110367
2018-12-06,77.50893180433795
2018-12-07,79.62396261381687
2018-12-10,78.63203101505601
2018-12-11,78.58278655038829
2018-12-12,79.31643536305394
2018-12-13,79.83783685963827
2018-12-14,80.32396190086105
2018-12-17,81.99903951081178
2018-12-18,81.73310601412088
2018-12-19,83.64891574000644
2018-12-20,84.26734837940238
2018-12-21,86.08727348076862
2018-12-24,88.14572577773346
2018-12-26,82.80395552310355
2018-12-27,82.19050725436658
2018-12-28,82.80788037620725
2019-01-02,80.75645591799983
2019-01-03,82.05975547038423
2019-01-04,80.05929693899205
2019-01-07,80.49394781836823
2019-01-08,79.28161113776032
2019-01-09,80.44955478259124
2019-01-10,80.11125139448151
2019-01-11,80.55731648513765
2019-01-14,80.62029606630449
2019-01-15,80.96770380108178
2019-01-16,81.11582106763278
2019-01-17,80.54174725815143
2019-01-18,80.13338818043448
2019-01-22,80.9819486792885
2019-01-23,81.19480848244326
2019-01-24,81.80957960385933
2019-01-25,82.35986295160589
2019-01-28,82.97421092503866
2019-01-29,83.31571089559819
2019-01-30,82.8752901866989
2019-01-31,82.10352400525159
2019-02-01,82.01224871365255
2019-02-07,81.98646408730191
2019-02-08,80.90644035539916
2019-02-11,80.99830001723456
2019-02-12,80.32710554230225
2019-02-13,80.46956630204026
2019-02-14,81.54122440459723
2019-02-15,79.58377113593748
2019-02-19,79.79140170814244
2019-02-20,80.5020785875733
2019-02-21,80.74949326382877
2019-02-22,80.31820690032697
2019-02-25,80.283092145732
2019-02-26,80.12608590931535
2019-02-27,80.45537842349732
2019-02-28,79.18623079984177
2019-03-04,78.81017864162597
2019-03-05,78.50577632035451
2019-03-06,78.85259792278893
2019-03-07,79.15924627217687
2019-03-08,78.27961319183639
2019-03-11,77.18451319208489
2019-03-12,77.58074399823371
2019-03-13,76.75726586539169
2019-03-14,77.06630845955911
2019-03-15,77.4142414903259
2019-03-18,77.2543369856961
2019-03-19,77.1689418676332
2019-03-20,77.38341910524365
2019-03-21,76.79264299379462
2019-03-22,78.37375574949556
2019-03-25,76.92326020992435
2019-03-26,76.49435530688147
2019-03-27,76.78263769578155
2019-03-28,75.86808664352412
2019-03-29,75.83805790888874
2019-04-01,75.91589123401943
2019-04-02,76.19018380078052
2019-04-03,76.98205983659683
2019-04-04,76.89190858340935
2019-04-05,76.6283742767944
2019-04-08,76.60429926913508
2019-04-09,77.10200363749665
2019-04-10,77.21585809314767
2019-04-11,77.23902384816331
2019-04-12,77.0306780402247
2019-04-15,77.40659647333739
2019-04-16,77.55422701264204
2019-04-17,77.64974242688888
2019-04-18,76.3887672482091
2019-04-22,76.42229520335923
2019-04-23,75.87313822138412
2019-04-24,75.3748099957354
2019-04-25,75.06044414381378
2019-04-26,74.33086548109274
2019-04-29,75.47859997223962
2019-04-30,75.00307047558948
2019-05-02,76.04941100873658
2019-05-03,74.7530861451183
2019-05-07,75.66492828147618
2019-05-08,75.45763367247858
2019-05-09,73.38251748874583
2019-05-10,73.22521382225867
2019-05-13,74.07842778555863
2019-05-14,73.51442671714969
2019-05-15,73.47041215518912
2019-05-16,71.92346620242539
2019-05-17,71.9752092045934
2019-05-20,72.45110951283546
2019-05-21,71.99727203131636
2019-05-22,72.34556271695669
2019-05-23,73.0535359137552
2019-05-24,72.38281647876923
2019-05-28,73.18809323530799
2019-05-29,72.76512569528059
2019-05-30,73.1221500495514
2019-05-31,74.22781399821025
2019-06-03,75.36869843134963
2019-06-04,73.7360634281271
2019-06-05,73.17849846253854
2019-06-07,72.09740514974862
2019-06-10,72.70865953558285
2019-06-11,73.1530531809326
2019-06-12,73.17620972546122
2019-06-13,72.68199371954928
2019-06-14,72.49460044119085
2019-06-17,72.30519898500378
2019-06-18,71.82905614987827
2019-06-19,72.55753789772793
2019-06-20,72.09104609649285
2019-06-21,72.00393518578426
2019-06-24,72.11628576339535
2019-06-25,72.66996128475243
2019-06-26,72.74974909036939
2019-06-27,72.91870082234499
2019-06-28,72.41965197469679
2019-07-01,71.73844714637292
2019-07-02,71.2927580334984
2019-07-03,69.86068223449521
2019-07-05,70.42643181191201
2019-07-08,69.25802871428839
2019-07-09,68.76499950060418
2019-07-10,68.66311781520567
2019-07-11,69.22790984562872
2019-07-12,69.1207545575192
2019-07-15,68.95935153858129
2019-07-16,69.49442560867999
2019-07-17,69.33673088575686
2019-07-18,68.87152373567402
2019-07-19,70.18824025016588
2019-07-22,69.98213054192938
2019-07-23,69.75451683234822
2019-07-24,68.79557127547147
2019-07-25,68.8661793861936
2019-07-26,68.13677333013146
2019-07-29,67.04601147547851
2019-07-30,67.51569031427456
2019-07-31,67.7893892978545
2019-08-01,68.14132611056932
2019-08-02,68.00449586919497
2019-08-05,68.31820597899214
2019-08-06,66.35330078281692
2019-08-07,66.04472304630319
2019-08-08,65.14357217816853
2019-08-09,66.17567797410942
2019-08-12,67.14812927678936
2019-08-13,65.55951487317148
2019-08-14,67.99690507339619
2019-08-16,66.44550801205008
2019-08-19,66.08819171475359
2019-08-20,67.29715412250032
2019-08-21,66.90390312236651
2019-08-22,66.45987510878916
2019-08-23,68.11729599860654
2019-08-26,66.26606237554886
2019-08-27,66.81489726924492
2019-08-28,66.91618037085053
2019-08-29,65.81083459053951
2019-08-30,67.01083271961349
2019-09-03,67.33304959043491
2019-09-04,67.35094226100756
2019-09-05,67.03849944068547
2019-09-06,67.13313511409069
2019-09-09,67.44735032575058
2019-09-10,67.88174993197022
2019-09-11,67.97029854299895
2019-09-16,68.42267840017138
2019-09-17,68.25350412570863
2019-09-18,68.49053512677598
2019-09-19,68.81330238575741
2019-09-20,69.51119718724725
2019-09-23,69.53351547082345
2019-09-24,70.39638031331886
2019-09-25,69.06149472268463
2019-09-26,69.24338240049394
2019-09-27,68.79319152701454
2019-09-30,68.91387965983272
2019-10-01,70.06022815679252
2019-10-02,69.92597837175273
2019-10-04,68.05383499928746
2019-10-07,68.38392542457103
2019-10-08,70.30475482784325
2019-10-10,68.56363999729201
2019-10-11,68.41087188374598
2019-10-14,69.25052571193743
2019-10-15,68.59717918804797
2019-10-16,69.19455832304321
2019-10-17,68.82915112561767
2019-10-18,68.55781679125585
2019-10-21,68.23333564350595
2019-10-22,69.25332084756899
2019-10-23,68.78001699504512
2019-10-24,68.83417637333831
2019-10-25,68.62672095351039
2019-10-28,68.42871248219885
2019-10-29,68.41926368638009
2019-10-30,67.80522685188494
2019-10-31,68.09123060032877
2019-11-01,68.00760277062707
2019-11-04,68.70432223687703
2019-11-05,69.18076298046148
2019-11-06,69.21371794070706
2019-11-07,68.97567632239108
2019-11-08,68.57947503134234
2019-11-11,68.2882494353743
2019-11-12,68.68455304748274
2019-11-13,68.0699733072198
2019-11-14,68.50838046927555
2019-11-15,68.74587782110056
2019-11-18,68.64787340300335
2019-11-19,68.43089221378038
2019-11-20,67.79571187102175
2019-11-21,66.98733761862195
2019-11-22,67.00958718080376
2019-11-25,67.17563475307998
2019-11-26,66.95593480604114
2019-11-27,66.86305020130315
2019-11-29,65.85382284159603
2019-12-02,66.54397841156049
2019-12-03,66.74189613615452
2019-12-04,65.84943557926262
2019-12-05,65.47233606041839
2019-12-06,65.5443286340396
2019-12-09,65.96582951218875
2019-12-10,66.33511574717245
2019-12-11,66.38759646222712
2019-12-12,66.81213613705056
2019-12-13,67.79993947286049
2019-12-16,67.27215199547292
2019-12-17,68.11143320491189
2019-12-18,68.07864301233037
2019-12-19,67.85633545863777
2019-12-20,67.79448859966512
2019-12-23,67.67663533465004
2019-12-24,67.25597017623542
2019-12-26,67.13962992522056
2019-12-27,67.34815118249297
2019-12-30,67.52057711651481
2020-01-02,66.04966199644718
2020-01-03,66.59309525025283
2020-01-06,65.68802445742064
2020-01-07,66.49892785752841
2020-01-08,65.40969496115727
2020-01-09,66.03037844766868
2020-01-10,66.82486955778406
2020-01-13,67.05638482797139
2020-01-14,67.44858296548487
2020-01-15,67.05902418007173
2020-01-16,67.0146833856429
2020-01-17,66.8816240904118
2020-01-21,66.68888074987393
2020-01-22,67.50135616069254
2020-01-23,66.79595505043918
2020-01-28,65.68827651541473
2020-01-29,66.00111652555572
2020-01-30,64.66530983302165
2020-01-31,64.97232523235176
2020-02-03,64.48927295927443
2020-02-04,64.69089551685153
2020-02-05,64.18146446385508
2020-02-06,65.8066787979541
2020-02-07,65.68446792110035
2020-02-10,64.87704696449619
2020-02-11,65.41360841656244
2020-02-12,65.44099804444753
2020-02-13,65.35226693089173
2020-02-14,65.55835049398604
2020-02-18,64.7108666903426
2020-02-19,64.44551540355849
2020-02-20,64.27690943571714
2020-02-21,63.979605329603764
2020-02-24,63.610353585650884
2020-02-25,66.37337214733792
2020-02-26,65.76840868299513
2020-02-27,68.13560017620702
2020-02-28,66.16282925048083
2020-03-02,63.91116865971564
2020-03-03,66.17749682459106
2020-03-04,64.93261451467215
2020-03-05,68.0110215936666
2020-03-06,67.66053594355058
2020-03-09,70.31819248078658
2020-03-10,67.13768607999107
2020-03-11,68.612937918289
2020-03-12,72.93234549555349
2020-03-13,64.8850651656489
2020-03-16,70.53032265037247
2020-03-17,65.26201142295368
2020-03-18,65.4034284867042
2020-03-19,59.786637746752106
2020-03-20,67.13021734537057
2020-03-23,65.21028876845806
2020-03-24,64.93580517061385
2020-03-25,67.74486500892951
2020-03-26,63.31213478312813
2020-03-27,66.47443148742889
2020-03-30,64.36066725266618
2020-03-31,66.76211651381504
2020-04-01,67.15205487393317
2020-04-02,67.17181955333324
2020-04-03,68.1798734059959
2020-04-06,66.3488317648171
2020-04-07,67.45456963754687
2020-04-08,64.67469446616943
2020-04-09,64.73005566625754
2020-04-13,64.95470693290859
2020-04-14,64.17622008203728
2020-04-16,65.25429601108141
2020-04-17,65.5037353485078
2020-04-20,66.11530823366552
2020-04-21,67.50391863294017
2020-04-22,66.62750383839065
2020-04-23,67.28519446616849
2020-04-24,65.46882090945338
2020-04-27,65.69170786556681
2020-04-28,66.38371926007225
2020-04-29,65.14075177852878
2020-05-04,65.55026799125044
2020-05-06,66.5454547952464
2020-05-07,65.74691101108984
2020-05-08,65.25389971245868
2020-05-11,64.8911434916126
2020-05-12,65.758241596374
2020-05-13,67.57774853778264
2020-05-14,66.24656342000846
2020-05-15,66.02288284149164
2020-05-18,64.39808503704295
2020-05-19,66.52753569246536
2020-05-20,65.71448541770489
2020-05-21,66.45966959324421
2020-05-22,65.39826377909856
2020-05-26,66.55828958199334
2020-05-27,65.62840425676139
2020-05-28,65.66360769939439
2020-05-29,65.40645474459687
2020-06-01,66.28195509593449
2020-06-02,66.44145877723857
2020-06-03,67.44777650182573
2020-06-04,67.7570631908902
2020-06-05,67.00640285588536
2020-06-08,66.27957527047089
2020-06-09,66.91903386081705
2020-06-10,67.50268155774263
2020-06-11,71.01528920788975
2020-06-12,68.7409605922061
2020-06-15,64.86388605475494
2020-06-16,66.99923120205422
2020-06-17,67.37309512710993
2020-06-18,67.10902729693446
2020-06-19,67.74278136464525
2020-06-22,66.85234642428108
2020-06-23,66.68711927076568
2020-06-24,69.40468002303987
2020-06-25,67.1074318261356
2020-06-26,69.46510731210812
2020-06-29,67.1386089560641
2020-06-30,66.75970031137012
2020-07-01,66.24405505242534
2020-07-02,66.77780647891599
2020-07-06,67.38132118811345
2020-07-07,67.34414477792473
2020-07-08,66.66959840064095
2020-07-09,67.3314577090168
2020-07-10,66.1082816270483
2020-07-13,67.79628205238045
2020-07-14,66.85393846581337
2020-07-15,66.79959360784468
2020-07-16,66.46878772020295
2020-07-17,66.80565849575486
2020-07-20,66.18007850917415
2020-07-21,66.95977297100738
2020-07-22,66.5757115962331
2020-07-23,67.00263187450086
2020-07-24,66.957696360011
2020-07-27,66.99921234692236
2020-07-28,68.61648270001731
2020-07-29,67.96814754285987
2020-07-30,68.32755481167698
2020-07-31,67.26433530873344
2020-08-03,66.84952069728804
2020-08-04,67.44813791850265
2020-08-05,67.96938097347959
2020-08-06,68.41612358437854
2020-08-07,68.63143813931653
2020-08-10,69.43689647383007
2020-08-11,70.9621974029503
2020-08-12,70.38226786779502
2020-08-13,70.65990122428904
2020-08-14,69.78699854667214
2020-08-18,67.70767813283459
2020-08-19,68.3469171119927
2020-08-20,65.64321095484425
2020-08-21,66.28470052650727
2020-08-24,66.33841812102382
2020-08-25,67.15411152898523
2020-08-26,66.56027954824604
2020-08-27,65.71791686712204
2020-08-28,65.55656259583252
2020-08-31,65.02257903297458
2020-09-01,65.06330461556932
2020-09-02,64.54017912897197
2020-09-03,67.731798021852
2020-09-04,67.50128482602
2020-09-08,70.38375694855881
2020-09-09,68.2707932106223
2020-09-10,70.0816103468668
2020-09-11,70.05209241645221
2020-09-14,70.04207223136842
2020-09-15,70.13976273368606
2020-09-16,70.19846841268385
2020-09-17,69.95642605795382
2020-09-18,70.95442346068943
2020-09-21,71.06863104670369
2020-09-22,68.67973408703082
2020-09-23,70.32988898954756
2020-09-24,68.32292021466021
2020-09-25,67.4161023574617
2020-09-28,67.16705191294942
2020-09-29,68.11446200640698
2020-10-05,67.49478277160357
2020-10-06,68.69752894318007
2020-10-07,68.12267153275587
2020-10-08,67.66624158541804
2020-10-12,66.33023075089055
2020-10-13,66.74983971927679
2020-10-14,66.53824566492997
2020-10-15,66.0813014673558
2020-10-16,65.57017456527919
2020-10-19,66.73058146407504
2020-10-20,66.79484893279366
2020-10-21,67.27480771976005
2020-10-22,66.46163177761989
2020-10-23,66.39873246622905
2020-10-26,67.16463234664337
2020-10-27,67.02114989269441
2020-10-28,69.82221403820306
2020-10-29,68.5718629329546
2020-10-30,67.52158274301479
2020-11-02,67.74537650315217
2020-11-03,67.8188594258476
2020-11-04,66.73289141667081
2020-11-05,67.02431947336123
2020-11-06,67.11490540951563
2020-11-09,67.12409944869239
2020-11-10,67.37733398715845
2020-11-11,67.78140487822226
2020-11-12,68.16316146395623
2020-11-13,67.72801985372644
2020-11-16,68.21161785871499
2020-11-17,68.47585173361462
2020-11-18,69.487123205916
2020-11-19,69.24415878076005
2020-11-20,69.8880347754911
2020-11-23,70.80712774044366
2020-11-24,70.09043934644556
2020-11-25,69.76373190467908
2020-11-27,70.42330123699637
2020-11-30,69.60533710451624
2020-12-01,69.99239486423843
2020-12-02,70.94978181021983
2020-12-03,71.50806256321468
2020-12-04,71.82347826259233
2020-12-07,72.33998316551812
2020-12-08,70.95953441495281
2020-12-09,73.04758449204796
2020-12-10,72.83256838139476
2020-12-11,73.54463494606036
2020-12-14,73.66576368077837
2020-12-15,72.5415762389175
2020-12-16,72.82118960724266
2020-12-17,72.3807217095457
2020-12-18,72.71677482035764
2020-12-21,73.14803832881128
2020-12-22,72.08568020577624
2020-12-23,72.70966378981251
2020-12-24,73.66240083239927
2020-12-28,73.08022808901042
2020-12-29,73.53041333904548
2020-12-30,74.80434371743802
2021-01-04,77.31725057310224
2021-01-05,77.99115910101625
2021-01-06,76.94799096384027
2021-01-07,77.44277699493524
2021-01-08,80.06470784006584
2021-01-11,80.5127134338122
2021-01-12,79.92045653401178
2021-01-13,80.27542443785359
2021-01-14,80.59950716899695
2021-01-15,79.54118222140139
2021-01-19,79.09440877940632
2021-01-20,78.56695033755659
2021-01-21,79.66201556589348
2021-01-22,79.43382453390649
2021-01-25,80.84397250211502
2021-01-26,79.23740655450646
2021-01-27,80.7634249516531
2021-01-28,78.70255497284492
2021-01-29,77.8809181495808
2021-02-01,78.67317682808653
2021-02-02,78.59855895907188
2021-02-03,79.37040840393453
2021-02-04,77.42199272512227
2021-02-05,77.94472363476639
2021-02-08,76.65703014425064
2021-02-09,76.54507910463634
2021-02-10,76.97340451687789
2021-02-16,78.08482022908804
2021-02-17,77.33839928809616
2021-02-18,76.50231763077377
2021-02-19,77.15805680088529
2021-02-22,77.05881121137446
2021-02-23,76.72392464091988
2021-02-24,74.03110359647943
2021-02-25,78.51115096568374
2021-02-26,76.70938202090525
2021-03-02,76.25759551971566
2021-03-03,78.27443678546653
2021-03-04,78.239794478562
2021-03-05,76.39150171985864
2021-03-08,76.00885719691803
2021-03-09,74.4389301379739
2021-03-10,73.53102091334335
2021-03-11,74.16066275345484
2021-03-12,75.06086424048263
2021-03-15,74.40383338329303
2021-03-16,75.02271681178931
2021-03-17,74.28826661957997
2021-03-18,75.84297535480935
2021-03-19,75.32732625480529
2021-03-22,74.63055340043444
2021-03-23,74.46132284188101
2021-03-24,74.63280199025944
2021-03-25,74.51203011539458
2021-03-26,74.12690147295609
2021-03-29,74.04317608456927
2021-03-30,75.0705367182499
2021-03-31,74.5585362881702
2021-04-01,74.38792581684172
2021-04-05,74.12940815138394
2021-04-06,74.32175346517813
2021-04-07,74.48106603670159
2021-04-08,74.26741586101095
2021-04-09,73.46444033055533
2021-04-12,73.52465443651045
2021-04-13,74.0903599721913
2021-04-14,74.65628077132773
2021-04-15,74.14016232563831
2021-04-16,73.99241751540733
2021-04-19,74.3628537984805
2021-04-20,75.42324754675681
2021-04-21,73.57859884949775
2021-04-22,74.39399883951748
2021-04-23,73.67850662809985
2021-04-26,74.36747130113297
2021-04-27,74.33474016072358
2021-04-28,73.57101142709105
2021-04-29,72.93509205673968
2021-04-30,72.811226407109
2021-05-03,72.17768433602627
2021-05-04,73.0941678271669
2021-05-06,72.7932343470368
2021-05-07,73.1080480981485
2021-05-10,75.04248320177948
2021-05-11,74.7891606417004
2021-05-12,75.27521818457778
2021-05-13,73.45125619480946
2021-05-14,73.06357184753904
2021-05-17,72.81325176188456
2021-05-18,74.34884762002973
2021-05-20,73.50056045950808
2021-05-21,73.42447382362758
2021-05-24,72.40442544629673
2021-05-25,73.188997565019
2021-05-26,72.97749594668377
2021-05-27,72.87198712827141
2021-05-28,73.27543086152453
2021-06-01,74.10225670156304
2021-06-02,74.04008890941107
2021-06-03,74.85064417819282
2021-06-04,74.00441798090188
2021-06-07,74.35154103342944
2021-06-08,74.23764346037191
2021-06-09,73.62402605714288
2021-06-10,73.47614244763494
2021-06-11,73.91636472962158
2021-06-14,73.81500494377518
2021-06-15,74.09845107190468
2021-06-16,74.97296476571657
2021-06-17,74.68400837834798
2021-06-18,75.77416975991346
2021-06-21,74.08427245987626
2021-06-22,74.21533966617979
2021-06-23,74.58516652451188
2021-06-24,74.3708096909354
2021-06-25,74.48507593238163
2021-06-28,74.3138505486913
2021-06-29,73.93175222713126
2021-06-30,74.09432432326923
2021-07-01,73.35958867262514
2021-07-02,72.79688780597205
2021-07-06,73.45040786872671
2021-07-07,72.75172569994524
2021-07-08,72.62020909318493
2021-07-09,71.08597921037926
2021-07-12,71.46005735703375
2021-07-13,72.25467103806157
2021-07-14,72.00211798470222
2021-07-15,72.7226765032437
2021-07-16,73.08992559742528
2021-07-19,73.44135966586718
2021-07-20,72.15070094108114
2021-07-21,71.19950371128542
2021-07-22,71.80851566524152
2021-07-23,71.1693431390872
2021-07-26,70.35217304248508
2021-07-27,70.84038108218854
2021-07-28,70.96438086910192
2021-07-29,70.7976854864313
2021-07-30,70.25836384135434
2021-08-02,70.86162459317872
2021-08-03,70.59727837319272
2021-08-04,71.89392393917936
2021-08-05,71.34894883062832
2021-08-06,71.10578379549828
2021-08-09,70.9473856101059
2021-08-10,70.48477402593507
2021-08-11,69.82076586426717
2021-08-12,69.3475711638947
2021-08-13,68.42137366103877
2021-08-17,68.10006661731288
2021-08-18,69.20066275204813
2021-08-19,67.7572763395091
2021-08-20,66.41254067547968
2021-08-23,66.47231045778712
2021-08-24,67.39976234911272
2021-08-25,67.44101310946985
2021-08-26,67.44738452368317
2021-08-27,66.96443009792485
2021-08-30,66.89014828154922
2021-08-31,68.1629416739437
2021-09-01,68.29176020460848
2021-09-02,67.42057714153998
2021-09-03,67.97226880426899
2021-09-07,67.92549861086835
2021-09-08,67.4871042762596
2021-09-09,66.74243401874939
2021-09-10,67.5117379086916
2021-09-13,67.38463233557029
2021-09-14,68.20446226118709
2021-09-15,67.73765114375804
2021-09-16,67.34370517100157
2021-09-17,68.23255379445771
2021-09-23,67.67869492556827
2021-09-24,67.51684933760926
2021-09-27,67.89255039077176
2021-09-28,68.49903113577295
2021-09-29,67.55283891226713
2021-09-30,68.57978078737914
2021-10-01,66.67805019988997
2021-10-05,65.59119568562419
2021-10-06,64.13204761714016
2021-10-07,64.70057307431273
2021-10-08,64.74957921383235
2021-10-12,64.4998223314743
2021-10-13,64.88630870123782
2021-10-14,64.77150918518177
2021-10-15,64.8502227973377
2021-10-18,64.47907820381124
2021-10-19,64.46128621708891
2021-10-20,63.87183725073521
2021-10-21,63.58304692018418
2021-10-22,63.62422536941703
2021-10-25,63.58757868107462
2021-10-26,64.1306713453308
2021-10-27,63.91768428109498
2021-10-28,62.973302520718796
2021-10-29,62.034087015676285
2021-11-01,62.09975379151592
2021-11-02,62.567023375357536
2021-11-03,61.407720861017125
2021-11-04,61.27393303565373
2021-11-05,60.77655203445098
2021-11-08,60.539200772608346
2021-11-09,60.78635019579326
2021-11-10,60.61141089730173
2021-11-11,60.48324517541235
2021-11-12,60.930785079627256
2021-11-15,61.54020344560883
2021-11-16,61.250385973734836
2021-11-17,60.686848618368714
2021-11-18,60.17436875945954
2021-11-19,60.765678915765776
2021-11-22,61.80337222083649
2021-11-23,61.3954386968706
2021-11-24,61.169853682015265
2021-11-26,61.356494395851335
2021-11-29,60.05318112831811
2021-11-30,59.76474424794741
2021-12-01,61.72840098127076
2021-12-02,61.752240957263204
2021-12-03,62.782011235449474
2021-12-06,62.150011072961334
2021-12-07,61.2687612585516
2021-12-08,61.31283358620303
2021-12-09,62.30067765818177
2021-12-10,61.32567174455945
2021-12-13,61.697615691752404
2021-12-14,61.84128625911338
2021-12-15,60.91921485056463
2021-12-16,61.81114386890842
2021-12-17,62.71131537215088
2021-12-20,62.23574886711374
2021-12-21,61.398060755913356
2021-12-22,60.98333148885605
2021-12-23,60.88423868104429
2021-12-27,60.062262421761346
2021-12-28,60.526013708118086
2021-12-29,59.90929027969779
2021-12-30,59.761473835797894
2022-01-04,59.81946847265232
2022-01-05,60.27099573149467
2022-01-06,59.64473634766924
2022-01-07,60.58597981433363
2022-01-10,60.08315584253297
2022-01-11,59.55426999971526
2022-01-12,60.30873114992522
2022-01-13,60.937568304013844
2022-01-14,60.08658563289878
2022-01-18,59.96236780103595
2022-01-19,60.126969382344754
2022-01-20,61.23628926340242
2022-01-21,61.84300833509776
2022-01-24,60.66263528928063
2022-01-25,59.837302565154374
2022-01-26,59.741928708317104
2022-01-27,57.93867198668531
2022-01-28,57.59092893988422
2022-02-03,57.943101525388755
2022-02-04,58.57580585894214
2022-02-07,58.65329375338466
2022-02-08,58.204514681603406
2022-02-09,57.83236683331779
2022-02-10,58.95585959638432
2022-02-11,59.61630782436708
2022-02-14,58.87082074559603
2022-02-15,57.3379441761712
2022-02-16,58.41086830658556
2022-02-17,60.00091773806411
2022-02-18,60.401429304897015
2022-02-22,60.21729149471926
2022-02-23,61.59329724808037
2022-02-24,59.10193543839196
2022-02-25,58.436457877198414
2022-02-28,59.07704430230979
2022-03-02,59.00179043611824
2022-03-03,60.25240359873547
2022-03-04,60.00182777981428
2022-03-07,60.40899902116506
2022-03-08,60.20675436592743
2022-03-10,60.20161058711152
2022-03-11,60.543785716530174
2022-03-14,60.63130561382854
2022-03-15,58.785815247974874
2022-03-16,58.33763269866432
2022-03-17,58.3811812634226
2022-03-18,58.01678212600272
2022-03-21,57.584192015298655
2022-03-22,57.42567132588824
2022-03-23,58.71261980036646
2022-03-24,57.72671629277873
2022-03-25,57.45292068562956
2022-03-28,57.038362914461814
2022-03-29,56.578955127011064
2022-03-30,57.04824943402544
2022-03-31,58.17015980928605
2022-04-01,57.63135304696899
2022-04-04,57.51828624263888
2022-04-05,58.28157692896815
2022-04-06,58.35454715669361
2022-04-07,57.23044118039046
2022-04-08,57.48029893631913
2022-04-11,58.321973844793874
2022-04-12,57.96633970756982
2022-04-13,58.37865556181704
2022-04-14,59.119532136259814
2022-04-18,58.58404761865468
2022-04-19,58.2030935652538
2022-04-20,58.241996219435435
2022-04-21,59.333195177773604
2022-04-22,60.48168547683077
2022-04-25,59.07521804346548
2022-04-26,61.093082348215496
2022-04-27,60.253956418548924
2022-04-28,59.40259021198215
2022-04-29,62.31938338249813
2022-05-02,61.771820745476006
2022-05-03,61.33001486835782
2022-05-04,59.45335923771724
2022-05-06,61.24883144307012
2022-05-10,61.98420732662795
2022-05-11,62.880725634017395
2022-05-12,61.92196537104133
2022-05-13,61.76053201933392
2022-05-16,61.829754409345185
2022-05-17,61.14022557100272
2022-05-18,63.84311974470911
2022-05-19,63.41364377127391
2022-05-20,64.53395944976485
2022-05-23,63.54286130723635
2022-05-24,63.027685770288514
2022-05-25,62.74781402404375
2022-05-26,61.40647512497789
2022-05-27,60.522439366995826
2022-05-31,61.967908035298066
2022-06-02,60.691535389069394
2022-06-03,61.974768878144715
2022-06-07,60.18422847247309
2022-06-08,60.84133653834356
2022-06-09,62.3067180729908
2022-06-10,63.444599338354614
2022-06-13,63.627526910719226
2022-06-14,63.52576971387496
2022-06-15,61.48747178987477
2022-06-16,63.69683332257292
2022-06-17,63.28807385806413
2022-06-21,60.92471226553796
2022-06-22,59.360063708845715
2022-06-23,58.0689818301394
2022-06-24,57.55098084032662
2022-06-27,58.63384465504494
2022-06-28,60.359546876853976
2022-06-29,59.30885307892626
2022-06-30,58.654313249044876
2022-07-01,57.363167508785885
2022-07-05,58.15804339036813
2022-07-06,56.730400044707494
2022-07-07,56.92384455500393
2022-07-08,57.3695012502207
2022-07-11,57.777159958223464
2022-07-12,57.73230131251337
2022-07-13,58.308787416173814
2022-07-14,58.29282624026195
2022-07-15,57.41331861454828
2022-07-18,58.99080443169717
2022-07-19,57.33535340816764
2022-07-20,57.3538319064239
2022-07-21,57.30636039728554
2022-07-22,57.458413191191035
2022-07-25,57.64168423891325
2022-07-26,58.55676425917932
2022-07-27,57.13554183984538
2022-07-28,56.88893188222905
2022-07-29,56.44516605801545
2022-08-01,56.6301429178489
2022-08-02,56.71262471838384
2022-08-03,56.337857120598485
2022-08-04,56.643013711749404
2022-08-05,57.144753113686654
2022-08-08,57.264001749370244
2022-08-09,57.731203360466154
2022-08-10,56.03357699098959
2022-08-11,57.002527030695575
2022-08-12,56.145987892988444
2022-08-16,55.929442407561616
2022-08-17,55.95017940555659
2022-08-18,55.601383810793116
2022-08-19,56.01356781301309
2022-08-22,56.511889153628594
2022-08-23,56.024135669861295
2022-08-24,56.123053134483
2022-08-25,56.015830871315146
2022-08-26,58.066576728812194
2022-08-29,57.17753316847535
2022-08-30,58.38486729191374
2022-08-31,59.33949308605979
2022-09-01,57.80332246867095
2022-09-02,58.269380459713624
2022-09-06,58.50486656068785
2022-09-07,56.67207451502071
2022-09-08,56.48932113452828
2022-09-13,59.11028301318998
2022-09-14,57.96918870579386
2022-09-15,58.40171180949003
2022-09-16,58.38390236270785
2022-09-19,57.27523233352668
2022-09-20,58.24013465633674
2022-09-21,58.75742101199567
2022-09-22,58.87900399456122
2022-09-23,58.79600925835749
2022-09-26,57.592629097209105
2022-09-27,57.815939901975355
2022-09-28,55.30894761343197
2022-09-29,56.53163820410987
2022-09-30,57.01117456124671
2022-10-04,55.222271764277764
2022-10-05,55.497445959895785
2022-10-06,56.64901839429625
2022-10-07,58.14379643329784
2022-10-11,57.88793057580629
2022-10-12,58.35506965967868
2022-10-13,55.83237214493943
2022-10-14,58.44674401824251
2022-10-17,57.16686152975863
2022-10-18,57.272743201147755
2022-10-19,57.36078505652274
2022-10-20,57.345572703025425
2022-10-21,55.859602971684595
2022-10-24,55.758852608561014
2022-10-25,54.85570314222484
2022-10-26,55.63046397565953
2022-10-27,56.90421948832826
2022-10-28,55.086975270923574
2022-10-31,56.10445068022825
2022-11-01,57.37333119611829
2022-11-02,58.89182355986598
2022-11-03,59.30847660522628
2022-11-04,58.95042309123274
2022-11-07,58.97267928480904
2022-11-08,59.3301270211527
2022-11-09,61.2187759088922
2022-11-10,57.498910065502464
2022-11-11,58.86628306308839
2022-11-14,59.16786627810292
2022-11-15,58.80214844036629
2022-11-16,59.185373103037755
2022-11-17,58.53910221458985
2022-11-18,58.31222037014879
2022-11-21,57.92695948094968
2022-11-22,56.82162252256002
2022-11-23,56.7648751088346
2022-11-25,57.24368913543596
2022-11-28,57.46585966227645
2022-11-29,58.1651647463428
2022-11-30,57.2958782735985
2022-12-01,57.5075944181262
2022-12-02,56.517409075273875
2022-12-05,57.19786076663649
2022-12-06,57.40690167798601
2022-12-07,57.25603726731998
2022-12-08,56.5313077316887
2022-12-09,57.388212702429
2022-12-12,56.19324195930322
2022-12-13,55.75649486658955
2022-12-14,56.75036759107699
2022-12-15,57.24521276246406
2022-12-16,57.90583407930846
2022-12-19,58.206794207227
2022-12-20,57.66068495895448
2022-12-21,56.70554978144453
2022-12-22,58.21241082586109
2022-12-23,56.82243637051351
2022-12-27,57.51835005521647
2022-12-28,56.9354117394137
2022-12-29,54.84834864578131
2023-01-03,54.78812155356836
2023-01-04,55.282403476331154
2023-01-05,56.13557269658009
2023-01-06,55.490666552375224
2023-01-09,56.982236752636375
2023-01-10,56.6123700205752
2023-01-11,56.10072258745043
2023-01-12,56.02917561818804
2023-01-13,56.307982698312685
2023-01-17,56.25292169677797
2023-01-18,56.88938232548014
2023-01-19,57.59740939737159
2023-01-20,56.89846114484807
2023-01-25,57.0456147511748
2023-01-26,57.35669937404543
2023-01-27,57.58150243029515
2023-01-30,57.525536126260945
2023-01-31,56.10458077239354
2023-02-01,56.080471550697396
2023-02-02,55.70632792902654
2023-02-03,56.56752556229336
2023-02-06,55.946794512364775
2023-02-07,55.53076021765454
2023-02-08,56.87589084686163
2023-02-09,57.32430705019935
2023-02-10,56.91911799008028
2023-02-13,55.87076115223526
2023-02-14,56.19139228475113
2023-02-15,55.15219816301443
2023-02-16,57.018104685130446
2023-02-17,56.60049067204961
2023-02-21,57.9418079226584
2023-02-22,57.04772347241867
2023-02-23,57.248385360476185
2023-02-24,57.499281280424874
2023-02-27,56.80829946004074
2023-02-28,57.261327376786056
2023-03-02,57.39283013484039
2023-03-03,56.58508902782631
2023-03-06,57.256206266021294
2023-03-07,58.16477039376331
2023-03-08,57.328836536081695
2023-03-09,58.098543889204855
2023-03-10,58.352112133271184
2023-03-13,58.82608301270268
2023-03-14,56.389995728747465
2023-03-15,57.487735170282484
2023-03-16,56.453524919221785
2023-03-17,57.54852682748998
2023-03-20,56.6080967725478
2023-03-21,56.089316379113775
2023-03-22,57.745564925085525
2023-03-23,57.769060334375666
2023-03-24,57.16709763456341
2023-03-27,56.924781565497106
2023-03-28,57.66191084492874
2023-03-29,57.04542207683585
2023-03-30,56.92777719929476
2023-03-31,56.67888726352446
2023-04-03,56.360690251598754
2023-04-04,56.8624175160595
2023-04-05,57.34954955282044
2023-04-06,56.30296180248323
2023-04-10,57.4539738269643
2023-04-11,58.256657458863
2023-04-12,58.558903123904635
2023-04-13,58.04096447175009
2023-04-14,58.406363270950166
2023-04-17,58.29756096579665
2023-04-18,58.15054954202877
2023-04-19,58.250639322605856
2023-04-20,58.29799619459446
2023-04-21,57.82750742481326
2023-04-24,57.29273549273587
2023-04-25,57.421416643263015
2023-04-26,57.56859322291664
2023-04-27,56.694306990160555
2023-04-28,56.34334422439778
2023-05-02,57.56265075801925
2023-05-03,57.43264758839429
2023-05-04,57.831696237200944
2023-05-08,57.04392061597071
2023-05-09,57.22336952613182
2023-05-10,56.64976960173988
2023-05-11,56.62348337526293
2023-05-12,56.34315402017512
2023-05-15,56.238579291156185
2023-05-16,56.63726451579608
2023-05-17,56.28332507148005
2023-05-18,56.20976412441456
2023-05-19,56.7927442675391
2023-05-22,57.20119276414313
2023-05-23,58.0873131487844
2023-05-24,58.508935481699275
2023-05-25,57.71831195197256
2023-05-26,57.072285765310205
2023-05-30,57.646070722003316
2023-05-31,57.77918749073678
2023-06-01,57.05881118765992
2023-06-02,56.95016360767545
2023-06-05,57.36767634517671
2023-06-07,57.44583847115182
2023-06-08,56.99675457717285
2023-06-09,57.555175151015725
2023-06-12,56.782699572709426
2023-06-13,56.5952815721657
2023-06-14,56.12361699893248
2023-06-15,55.21322954047139
2023-06-16,55.76830757320354
2023-06-20,55.61338094081621
2023-06-21,55.4216829959678
2023-06-22,55.45904984754561
2023-06-23,55.37305312488817
2023-06-26,55.8619808371947
2023-06-27,55.23885232922444
2023-06-28,54.843133874823714
2023-06-29,54.32593881241188
2023-06-30,53.99258853952477
2023-07-03,54.73372731444076
2023-07-05,54.32091416564819
2023-07-06,54.26753032114628
2023-07-07,53.77534594484254
2023-07-10,53.51198766197093
2023-07-11,54.05489845756081
2023-07-12,53.8793726438636
2023-07-13,53.7978841996106
2023-07-14,54.60152160321654
2023-07-17,54.220054379638974
2023-07-18,53.58628458851078
2023-07-19,53.48009470982574
2023-07-20,53.67193821367368
2023-07-21,53.86864971513254
2023-07-24,54.01479118981478
2023-07-25,54.03024073774245
2023-07-26,53.118314620489734
2023-07-27,53.70901440227844
2023-07-28,53.280411886055276
2023-07-31,53.673770903132656
2023-08-01,54.533018341522954
2023-08-02,54.253107635413556
2023-08-03,54.17863192126228
2023-08-04,54.37069188263224
2023-08-07,53.4427667520621
2023-08-08,53.536202615828934
2023-08-09,54.54855878602546
2023-08-10,54.454470426444914
2023-08-11,54.2705171988741
2023-08-14,53.54789014046229
2023-08-16,53.61928989248267
2023-08-17,53.90713803080852
2023-08-18,53.552980639448364
2023-08-21,53.29816074988719
2023-08-22,53.590746251874265
2023-08-23,52.784715109512426
2023-08-24,54.214019718265746
2023-08-25,53.44118843377675
2023-08-28,53.61605773363003
2023-08-29,53.0339130060538
2023-08-30,53.00387378477279
2023-08-31,52.97895779665368
2023-09-01,53.034227234639495
2023-09-05,53.64817876233913
2023-09-06,53.617191594593116
2023-09-07,53.46591595583662
2023-09-08,53.37336043814125
2023-09-11,53.21610968737775
2023-09-12,53.08481353057369
2023-09-13,52.98369835164147
2023-09-14,53.32222575003572
2023-09-15,54.56804784980667
2023-09-18,53.97923447938038
2023-09-19,53.76557090414147
2023-09-20,54.275678212455425
2023-09-21,54.22260349962992
2023-09-22,54.19699808101666
2023-09-25,53.70386321891081
2023-09-26,53.78851152560138
2023-09-27,53.81289966500232
2023-10-04,52.68851474987948
2023-10-05,52.662588534657985
2023-10-06,52.155748087865526
2023-10-10,51.423986583924986
2023-10-11,52.22672338127824
2023-10-12,53.1849133160085
2023-10-13,52.940955334108686
2023-10-16,51.96505318871273
2023-10-17,52.47788987684107
2023-10-18,53.23915201672468
2023-10-19,52.69032202656989
2023-10-20,52.444894029709374
2023-10-23,52.13821980215015
2023-10-24,52.329663932366074
2023-10-25,52.63857534821004
2023-10-26,51.83166383079778
2023-10-27,52.152149462592476
2023-10-30,51.70922026595365
2023-10-31,50.662367375345895
2023-11-01,50.646424253600266
2023-11-02,50.59141445562945
2023-11-03,50.67363444843931
2023-11-06,53.41848607383221
2023-11-07,52.02353283246076
2023-11-08,51.51027815759449
2023-11-09,52.03219817964081
2023-11-10,50.86500648346486
2023-11-13,50.78887021909955
2023-11-14,50.433519649638605
2023-11-15,51.431856765017834
2023-11-16,51.40021694736709
2023-11-17,50.958180945003285
2023-11-20,51.00605021070906
2023-11-21,51.51184872479494
2023-11-22,51.33989076580509
2023-11-24,51.000479183494896
2023-11-27,51.07263926163264
2023-11-28,51.555718236418656
2023-11-29,51.55211662011343
2023-11-30,51.66538699635924
2023-12-01,50.74810372234098
2023-12-04,51.21834018418987
2023-12-05,50.807397988510694
2023-12-06,51.03546061767541
2023-12-07,50.58181005887788
2023-12-08,50.88629867633553
2023-12-11,50.840341413701196
2023-12-12,50.80779145516181
2023-12-13,49.63018443572235
2023-12-14,50.13191106299468
2023-12-15,50.59709720125281
2023-12-18,50.37885167989485
2023-12-19,50.107319169517226
2023-12-20,51.71646459634482
2023-12-21,50.95085196192001
2023-12-22,50.83869289154034
2023-12-26,50.68491937999015
2023-12-27,50.8055236268225
2023-12-28,51.5982160238479
2024-01-02,52.324017037240345
2024-01-03,51.5198703732773
2024-01-04,51.28413020462946
2024-01-05,51.0370062902377
2024-01-08,50.118406502516
2024-01-09,50.06593285759793
2024-01-10,49.410013260349224
2024-01-11,49.398539565310614
2024-01-12,49.068575494266206
2024-01-16,48.713790383656864
2024-01-17,47.77614475560525
2024-01-18,47.435515039255
2024-01-19,47.47932656198885
2024-01-22,47.21839846698306
2024-01-23,47.35352590228877
2024-01-24,47.131577731495646
2024-01-25,46.888960449430805
2024-01-26,47.104826320523514
2024-01-29,47.15123336599471
2024-01-30,47.15301129801639
2024-01-31,47.902191053886575
2024-02-01,48.14243706233277
2024-02-02,49.005975094872234
2024-02-05,48.733715059602915
2024-02-06,48.30927994102881
2024-02-07,48.53047128417929
2024-02-08,48.708685212990375
2024-02-13,49.676389553363904
2024-02-14,48.6861175188158
2024-02-15,48.230347011850725
2024-02-16,49.120051503040116
2024-02-20,49.56036323262995
2024-02-21,49.43204303721796
2024-02-22,48.62981068542831
2024-02-23,48.65886212861159
2024-02-26,48.460243667473115
2024-02-27,47.967829324882246
2024-02-28,48.52971784665324
2024-02-29,48.174841820586536
2024-03-04,48.35499281394283
2024-03-05,48.38890539802416
2024-03-06,48.001202253725744
2024-03-07,47.63971257226527
2024-03-08,48.51985829602837
2024-03-11,48.19002662860153
2024-03-12,48.070950585564816
2024-03-13,48.357550917500284
2024-03-14,48.90645937195992
2024-03-15,48.30418654459094
2024-03-18,48.36091361178747
2024-03-19,47.56236131716714
2024-03-20,47.729188237095826
2024-03-21,48.71647407173156
2024-03-22,48.69737816275208
2024-03-25,48.63703943627408
2024-03-26,49.07448364681286
2024-03-27,48.630554871686975
2024-03-28,48.47583942602356
2024-04-01,48.59641517767141
2024-04-02,49.00169204341764
2024-04-03,48.126721369880904
2024-04-04,49.3519109459558
2024-04-05,48.34666793196391
2024-04-08,48.38087297025403
2024-04-09,48.10286823014127
2024-04-11,48.257538925421564
2024-04-12,48.47852732415149
2024-04-15,48.88506170906176
2024-04-16,47.859342495142364
2024-04-17,47.67474591802295
2024-04-18,48.70700329308542
2024-04-19,48.336931036540484
2024-04-22,48.59031311250422
2024-04-23,47.90322786692774
2024-04-24,48.889414975049675
2024-04-25,48.211440633904324
2024-04-26,48.26243509043047
2024-04-29,48.65535202523789
2024-04-30,49.52351298464206
2024-05-02,49.0706517344094
2024-05-03,48.34305975705638
2024-05-07,48.827070444264955
2024-05-08,49.01322748025692
2024-05-09,48.148190344216175
2024-05-10,48.36088774425536
2024-05-13,48.34693888095282
2024-05-14,48.18137367146307
2024-05-16,48.08595672436793
2024-05-17,47.52194870599994
2024-05-20,47.772463259802386
2024-05-21,47.343467288571226
2024-05-22,47.467630031192996
2024-05-23,47.78793250420581
2024-05-24,46.877125336170664
2024-05-28,47.458790507022705
2024-05-29,46.993945886567786
2024-05-30,46.56810465979108
2024-05-31,46.166698393846026
2024-06-03,46.93390076745392
2024-06-04,46.52462970128145
2024-06-05,46.451404336221536
2024-06-07,47.08241206674455
2024-06-10,46.56673658336778
2024-06-11,46.5262429835478
2024-06-12,46.53699019825941
2024-06-13,46.898352923997614
2024-06-14,46.92991160085123
2024-06-17,46.31763498113741
2024-06-18,46.53394421575865
2024-06-20,47.398625776028666
2024-06-21,47.067186891858
2024-06-24,46.889452420942426
2024-06-25,46.872793841789594
2024-06-26,47.11235006122214
2024-06-27,46.90358676328366
2024-06-28,47.321613750576745
2024-07-01,47.33396717008365
2024-07-02,46.6243916244787
2024-07-03,46.6367417875462
2024-07-05,47.501541748322914
2024-07-08,47.37268346485849
2024-07-09,47.48597333676636
2024-07-10,47.03069497770948
2024-07-11,47.826148836953685
2024-07-12,46.96175256695468
2024-07-15,46.897210133988374
2024-07-16,46.7049952510801
2024-07-17,46.99233754660296
2024-07-18,47.04081990218503
2024-07-19,46.870881162414
2024-07-22,45.86234701359962
2024-07-23,46.113591459512804
2024-07-24,46.91788850769623
2024-07-25,46.34198253862286
2024-07-26,46.18799293875052
2024-07-29,46.729103400336356
2024-07-30,46.50274415775585
2024-07-31,46.302063352076985
2024-08-01,47.085666988557875
2024-08-02,46.22591075381409
2024-08-05,43.438051804361706
2024-08-06,44.46208378347559
2024-08-07,45.58227185841932
2024-08-08,44.34973671913089
2024-08-09,44.70248967835268
2024-08-12,45.194598790289824
2024-08-13,44.51771388029601
2024-08-14,44.76706543786945
2024-08-16,44.78984935470763
2024-08-19,43.98946738263806
2024-08-20,44.42802190331815
2024-08-21,44.349749469719576
2024-08-22,44.808814917501124
2024-08-23,44.23979170876596
2024-08-26,44.28510115004142
2024-08-27,44.080785825571716
2024-08-28,44.347737264364646
2024-08-29,43.88959002115727
2024-08-30,43.67103505787654
2024-09-03,44.42722309783401
2024-09-04,43.11778196538172
2024-09-05,43.13414395336409
2024-09-06,43.340707414731064
2024-09-09,42.72016701464587
2024-09-10,42.325230522932145
2024-09-11,41.728416591953156
2024-09-12,42.346613543172055
2024-09-13,42.18098395571423
2024-09-19,41.60521398938145
2024-09-20,41.88025624297775
2024-09-23,41.91504694861723
2024-09-24,42.27203590303266
2024-09-25,41.796235061696265
2024-09-26,42.8377957879301
2024-09-27,42.550100026678045
2024-09-30,41.47646360242131
2024-10-02,41.3242881589875
2024-10-04,41.15559918211326
2024-10-07,42.188348680233815
2024-10-08,41.5366128298711
2024-10-10,41.39965938279676
2024-10-11,41.11759848339334
2024-10-14,41.19835018962757
2024-10-15,41.68176764617176
2024-10-16,41.137499782931556
2024-10-17,41.117266570257996
2024-10-18,40.716714363809565
2024-10-21,40.95821654430012
2024-10-22,40.44163222628342
2024-10-23,41.27373467919387
2024-10-24,40.89015574821599
2024-10-25,40.93978356282335
2024-10-28,41.27430928133881
2024-10-29,41.292333371496305
2024-10-30,41.037754978644436
2024-10-31,41.25086615639115
2024-11-01,40.85590351515553
2024-11-04,41.69473740364646
2024-11-05,41.004205203660256
2024-11-06,39.80176785132623
2024-11-07,39.51363043798359
2024-11-08,39.289827444060876
2024-11-11,38.80046339313434
2024-11-12,38.166658114999095
2024-11-13,37.14178826704174
2024-11-14,37.40968788602312
2024-11-15,37.86373615805502
2024-11-18,38.52383778516058
2024-11-19,38.42829973270703
2024-11-20,38.575973664059646
2024-11-21,38.34432790133144
2024-11-22,38.54344653044801
2024-11-25,38.92148723139335
2024-11-26,38.50573029441549
2024-11-27,38.35765499851627
2024-11-29,37.40276028995015
2024-12-02,37.3140923913981
2024-12-03,37.99001166110711
2024-12-04,37.21039754659265
2024-12-05,36.93667776760402
2024-12-06,36.66010896425688
2024-12-09,35.8242732649765
2024-12-10,36.807691508810194
2024-12-11,36.89800855605178
2024-12-12,37.69059027097339
2024-12-13,37.88548482128631
2024-12-16,37.64137832038878
2024-12-17,37.30872835061454
2024-12-18,38.88712716441628
2024-12-19,38.13970433284587
2024-12-20,37.19536603942137
2024-12-23,37.55621634475818
2024-12-24,37.120706034738724
2024-12-26,36.95321121966936
2024-12-27,36.963596030243394
2024-12-30,37.30819001745276
2025-01-02,37.52803278155435
2025-01-03,37.7286626440207
2025-01-06,38.23027516872076
2025-01-07,38.72113409289838
2025-01-08,39.11380257945874
2025-01-10,39.637201576268716
2025-01-13,39.163364644296436
2025-01-14,39.23271580478481
2025-01-15,38.5227221075868
2025-01-16,39.07121169790771
2025-01-17,38.62253960945288
2025-01-21,38.18849792310481
2025-01-22,38.41283564602139
2025-01-23,37.730782617228456
2025-01-24,38.16182479733664
2025-01-31,38.256522674802184
2025-02-03,37.54539120949092
2025-02-04,37.71679043784349
2025-02-05,37.98195690674735
2025-02-06,38.26492198947684
2025-02-07,38.39264713873842
2025-02-10,38.12385042244519
2025-02-11,38.36351398520738
2025-02-12,38.629075592267945
2025-02-13,38.74720889643723
2025-02-14,38.86732192004406
2025-02-18,39.28839535212445
2025-02-19,39.86324419482481
2025-02-20,39.768154570911
2025-02-21,40.46811566038421
2025-02-24,40.510530450757585
2025-02-25,40.482450898051745
2025-02-26,40.62815992061522
2025-02-27,40.98485301955028
2025-02-28,38.98562300126624
2025-03-04,40.094949108176344
2025-03-05,40.12678700776985
2025-03-06,41.13988179021052
2025-03-07,40.709219264872075
2025-03-10,41.93594184789065
2025-03-11,41.74802241479995
2025-03-12,42.1367554207308
2025-03-13,42.6864772590137
2025-03-14,41.70430616790003
2025-03-17,42.10002479611251
2025-03-18,42.5869335512079
2025-03-19,42.39066488970348
2025-03-20,42.65074849848619
2025-03-21,42.734179995951735
2025-03-24,41.80666487635706
2025-03-25,41.448761453801445
2025-03-26,42.400686259182145
2025-03-27,41.92201810571036
2025-03-28,41.97673405372102
2025-03-31,40.443948175844355
2025-04-01,40.984622285194824
2025-04-02,40.476039866815036
2025-04-03,42.248596304652544
2025-04-04,44.491736601459806
2025-04-07,42.09039066374115
2025-04-08,42.87088159416675
2025-04-09,38.12286622072245
2025-04-10,42.50092160652154
2025-04-11,41.54513814145741
2025-04-14,41.537844743587954
2025-04-15,42.01951977199454
2025-04-16,42.4547052503803
2025-04-17,42.792278334304775
2025-04-21,44.15526103592726
2025-04-22,43.00478456503865
2025-04-23,43.01140088786316
2025-04-24,42.070856772417834
2025-04-25,42.16599295252791
2025-04-28,42.192302849700994
2025-04-29,42.20058202409529
2025-04-30,42.038976442425884
2025-05-02,41.18373155254614
2025-05-07,41.8231129917288
2025-05-08,41.625376016999844
2025-05-09,41.64276573069044
2025-05-12,40.78077476065229
2025-05-13,40.53016057596279
2025-05-14,40.9773479286719
2025-05-15,40.481513666074086
2025-05-16,40.31126820728566
2025-05-19,39.90775565285779
2025-05-20,40.017469708920366
2025-05-21,41.07537829117505
2025-05-22,40.56015572402729
2025-05-23,40.81404190004097
2025-05-27,40.678897918021555
2025-05-28,41.42650990830917
2025-05-29,42.04388502235206
2025-05-30,41.73559349729312
2025-06-02,41.521817938811736
2025-06-04,42.397150551464875
2025-06-05,43.23666989205794
2025-06-09,43.423436351655184
2025-06-10,43.42175717611656
2025-06-11,44.079539070532064
2025-06-12,44.101237814719845
2025-06-13,44.211762553489784
2025-06-16,44.58242770243851
2025-06-17,45.022230083970804
2025-06-18,45.363104915935644
2025-06-20,46.229460627667834
2025-06-23,45.665649344881274
2025-06-24,46.50274302935563
2025-06-25,46.54573577984335
2025-06-26,45.75811025713201
2025-06-27,45.182660452371124
2025-06-30,45.19956795014182
2025-07-01,45.47841616014562
2025-07-02,45.0593915273222
2025-07-03,45.306170950232065
2025-07-07,44.81434263728366
2025-07-08,45.65199386557304
2025-07-09,45.653615042297055
2025-07-10,46.244182100729134
2025-07-11,46.298567750076515
2025-07-14,46.592489092560896
2025-07-15,46.98608036567506
2025-07-16,46.40859291729627
2025-07-17,46.21187101616217
2025-07-18,46.18461158395818
2025-07-21,46.426000538776776
2025-07-22,45.82849190439241
2025-07-23,45.6401548711629
2025-07-24,45.720772098569135
2025-07-25,45.608365556676844
2025-07-28,45.81209343719106
2025-07-29,46.23450189741875
2025-07-30,46.63526928729743
2025-07-31,46.68098751512957
2025-08-01,45.61589404958475
2025-08-04,45.34113750954196
2025-08-05,46.29969621067808
2025-08-06,45.94976161363743
2025-08-07,46.4130566021054
2025-08-08,45.80182230196943
2025-08-11,45.84625183988752
2025-08-12,45.12481544145238
2025-08-13,45.456687665585854
2025-08-14,45.47063547467863
2025-08-18,44.90352885970046
2025-08-19,44.782984624597354
2025-08-20,44.59639824140445
2025-08-21,44.942691017274676
2025-08-22,44.64320215059466
2025-08-25,45.422576730279076
2025-08-26,44.803386738021594
2025-08-27,44.81119240273697
2025-08-28,44.781402592996486
2025-08-29,44.90475279255007
2025-09-02,45.04602702099261
2025-09-03,44.97367959590238
2025-09-04,44.83076300465203
2025-09-05,45.02124572728937
2025-09-08,45.11367175980056
2025-09-09,45.575245208764656
2025-09-10,46.2033042976011
2025-09-11,46.232686765540585
2025-09-12,46.95815406310005
2025-09-15,46.87139110006235
2025-09-16,47.51884396923425
2025-09-17,47.07839075684962
2025-09-18,47.517023396029984
2025-09-19,47.06345633239831
2025-09-22,47.160122813220994
2025-09-23,47.658033375638084
2025-09-24,47.61745994943365
2025-09-25,47.82397060317871
2025-09-26,46.386285390619065
2025-09-29,46.87321179985472
2025-09-30,46.60735060667367
2025-10-01,46.87265379451209
2025-10-02,48.08382317888463
2025-10-10,50.12900044887763
2025-10-13,49.01523338068911
2025-10-14,48.76385652945888
2025-10-15,49.84960182035565
2025-10-16,51.44151146196065
2025-10-17,51.15826020212928
2025-10-20,51.520345578052954
2025-10-21,51.644694291933426
2025-10-22,52.727015442250604
2025-10-23,51.90170162023138
2025-10-24,52.76653612058174
2025-10-27,53.49078354219182
2025-10-28,52.921270560771895
2025-10-29,53.828894535692626
2025-10-30,54.50404024367725
2025-10-31,54.59981468759315
2025-11-03,56.01497552767135
2025-11-04,55.34247596826193
2025-11-05,53.58153825828238
2025-11-06,54.460644406442704
2025-11-07,53.42485741085059
2025-11-10,54.193670565177044
2025-11-11,54.509935119592654
2025-11-12,55.06336629730014
2025-11-13,56.26556032200809
2025-11-14,54.128564656741496
2025-11-17,55.69559309551695
2025-11-18,54.30433233819429
2025-11-19,53.76546804335957
2025-11-20,55.644455954943
2025-11-21,53.0101729984341
2025-11-24,52.14364754202211
2025-11-25,51.815172499607364
2025-11-26,52.835066682101775
2025-11-28,52.0934463222745
2025-12-01,52.24947312487155
2025-12-02,53.144740893153816
2025-12-03,53.509798551164046
2025-12-04,53.36750519208445
2025-12-05,54.21225823958395
2025-12-08,55.10237514767695
2025-12-09,54.99998381121469
2025-12-10,54.52487825435865
2025-12-11,54.07756308685654
2025-12-12,55.41723120636512
2025-12-15,54.48127255516684
2025-12-16,53.4090712356712
2025-12-17,54.77679592887629
2025-12-18,53.53664964276488
2025-12-19,53.40164279042119
2025-12-22,54.19802765647573
2025-12-23,54.10110478758809
2025-12-24,53.79755085675219
2025-12-26,54.07879084355772
2025-12-29,55.46654181000411
2025-12-30,55.450278914249566
2026-01-02,57.025084707642925
2026-01-05,58.59173769818261
2026-01-06,59.13335406538568
2026-01-07,59.65991668913322
2026-01-08,59.683148812643914
2026-01-09,59.733196946345444
2026-01-12,60.139800940107634
2026-01-13,61.14436858333515
2026-01-14,61.84524577137513
2026-01-15,62.64949293370725
2026-01-16,63.266503788286364
2026-01-20,65.18165523335477
2026-01-21,64.75687702160462
2026-01-22,64.97933228670263
2026-01-23,65.44812712696422
2026-01-26,64.58920999156098
2026-01-27,66.09095041435094
2026-01-28,67.21499047618302
2026-01-29,68.00560870202777
2026-01-30,68.24967093863226
2026-02-02,64.34133899302743
2026-02-03,69.32655116678518
2026-02-04,70.75767961716993
2026-02-05,68.88404020127933
2026-02-06,66.61314903091056
2026-02-09,69.0147243128426
2026-02-10,69.24487772640126
2026-02-11,69.9506674198257
2026-02-12,73.27454190843613
2026-02-13,73.02060284753803
2026-02-19,74.9776864368126
2026-02-20,76.16067656911015
2026-02-23,77.44396231275677
2026-02-24,78.50999350052228
2026-02-25,79.34265502177146
2026-02-26,82.71569408789615
2026-02-27,82.28276697836408
2026-03-03,76.95855587018654
2026-03-04,67.20497806068514
2026-03-05,74.0879555891221
2026-03-06,75.0849667688435
2026-03-09,69.99485283731619
2026-03-10,73.85486722838385
2026-03-11,74.98166250649294
2026-03-12,75.77543679244104
2026-03-13,74.89632436121914
2026-03-16,74.9877635940743
2026-03-17,76.01236372838292
2026-03-18,80.9769425967237
2026-03-19,78.96008949080712
2026-03-20,80.3584354591826
2026-03-23,74.35892102033776
2026-03-24,76.65439083159742
2026-03-25,77.44139051700824
2026-03-26,76.30959657431039
2026-03-27,77.32644406280694
2026-03-30,75.2810385541816
2026-03-31,70.03782860296111
2026-04-01,75.3784898339996
2026-04-02,71.9476847378181
2026-04-06,74.5682295058287
2026-04-07,75.14329616366328
2026-04-08,78.31200415435107
2026-04-09,76.6120602746775
2026-04-10,77.73565271260243
2026-04-13,76.32307943570626
2026-04-14,77.47002051396618
2026-04-15,78.45594895492603
2026-04-16,79.99377005629084
2026-04-17,78.60526083487123
2026-04-20,79.10837700125013
2026-04-21,81.79846217029527
2026-04-22,81.35184573083323
2026-04-23,82.40530625283368
2026-04-24,81.76936283858491
2026-04-27,83.38593041677237
2026-04-28,84.12289136291662
2026-04-29,84.76783605494003
2026-04-30,82.77828151562356
2026-05-04,87.09854336839439
2026-05-06,90.71924901174442
2026-05-07,92.29818396467643
2026-05-08,91.63957110061475
2026-05-11,95.3851469235099
2026-05-12,93.34270690521326
2026-05-13,95.26274636346777
2026-05-14,96.17221841206931
2026-05-15,91.38861801607003
2026-05-18,91.73195704230172
2026-05-19,89.3444562989582
2026-05-20,87.6753725178961
2026-05-21,94.86520406028967
2026-05-22,94.88204130905609
2026-05-26,96.65604329944978
2026-05-27,98.84939010351584
2026-05-28,97.78845198714522
2026-05-29,101.01165591163699
2026-06-01,104.44812639012007
2026-06-02,104.46208117544478
2026-06-04,102.87429347527963
2026-06-05,99.74712229547724
2026-06-08,91.27549068488153
2026-06-09,99.03614110730065
2026-06-10,96.07277259745288
2026-06-11,94.87196646797558
2026-06-12,98.73300200179219
2026-06-15,102.06645215236894
2026-06-16,104.84868811732187
2026-06-17,107.84922787346946
2026-06-18,109.14295457261389
2026-06-22,110.10005962494984
2026-06-23,100.55937770820951
2026-06-24,103.88250871534173
2026-06-25,109.3567025487874
2026-06-26,103.75039983168217
2026-06-29,101.86788686116905
2026-06-30,102.066113239535
2026-07-01,100.1175664030155
2026-07-02,92.33744107841694
2026-07-06,96.36485475505303
2026-07-07,92.07446221635134
2026-07-08,87.41966683270124
2026-07-09,87.22557412784894
2026-07-10,89.04314549804567
2026-07-13,81.70032771985318
2026-07-14,82.00807141692725
2026-07-15,86.7779971243939
2026-07-16,81.69537905230142
2026-07-20,78.95785833997024
2026-07-21,81.08874689932716
2026-07-22,81.78167555649661
2026-07-23,86.4487431488001
2026-07-24,81.41716372482595
2026-07-27,82.19191547891648
2026-07-28,73.11007055799806
2026-07-29,69.80979404887663
2026-07-30,67.81390783851026
2026-07-31,79.38880242387403
2026-08-03,74.2626071736149
2026-08-04,74.13069721391457
2026-08-05,77.07437883159845
2026-08-06,73.6658187693376
2026-08-07,72.78071631719779
2026-08-10,73.2780072914736
2026-08-11,74.04816413140568
2026-08-12,76.58126927036247
2026-08-13,78.75902101529395
2026-08-14,80.82172800805145
2026-08-18,80.49126880265094
2026-08-19,75.66159284747887
2026-08-20,80.79978441256367
2026-08-21,81.17949340798964
2026-08-24,78.8748663687674
2026-08-25,79.16105927188785
2026-08-26,79.91194531116135
2026-08-27,80.60633325437811
2026-08-28,79.3463679990904
2026-08-31,79.94933685047225
2026-09-01,80.68868386287744
2026-09-02,77.12310742661278
2026-09-03,76.51902994839149
2026-09-04,78.0728351852662
2026-09-08,81.64205928188902
2026-09-09,83.16873831315912
2026-09-10,83.46002423653593
2026-09-11,81.29561482875917
2026-09-14,78.99456561523715
2026-09-15,78.68053489502539
2026-09-16,80.11075155197834
2026-09-17,79.18239359202168
2026-09-18,81.18640099261235
2026-09-21,81.26288081438396
2026-09-22,81.39367216580524
2026-09-23,82.7202233482625
2026-09-28,80.71811976796309
2026-09-29,80.64485782206494
2026-09-30,80.42545552025477
2026-10-01,81.84742166315226
2026-10-02,81.62405547963067
