Date,rs_small
2016-07-18,100.0
2016-07-19,99.600859434422
2016-07-20,99.8364314912194
2016-07-21,99.73926590728921
2016-07-22,100.03337343020637
2016-07-25,100.15583540060939
2016-07-26,100.59256769586125
2016-07-27,100.98285076342984
2016-07-28,100.6083087570762
2016-07-29,100.64566171197637
2016-08-01,100.81233725322312
2016-08-02,100.04729816472681
2016-08-03,100.56559565602439
2016-08-04,100.55043830878105
2016-08-05,101.17420211485579
2016-08-08,101.18483328917269
2016-08-09,101.23209956076667
2016-08-10,100.75345687418738
2016-08-11,100.76684378859085
2016-08-12,100.95361146023905
2016-08-15,101.66013600663533
2016-08-16,101.35907788730749
2016-08-17,100.87126371686719
2016-08-18,101.3876341322575
2016-08-19,101.53609377971435
2016-08-22,101.77198424060656
2016-08-23,102.27635912343085
2016-08-24,101.96537842625185
2016-08-25,102.23462191415824
2016-08-26,102.2198936555156
2016-08-29,102.24797544031662
2016-08-30,102.60723290832084
2016-08-31,102.31866531901488
2016-09-01,102.3887371001001
2016-09-02,102.91280849551295
2016-09-06,102.70155660431688
2016-09-07,103.35377060317381
2016-09-08,103.38376952946216
2016-09-09,102.6100214818648
2016-09-12,102.56862597860219
2016-09-13,102.06694568448474
2016-09-14,102.12216356340915
2016-09-15,102.31910538958194
2016-09-16,102.56462939404702
2016-09-19,103.22703300147313
2016-09-20,102.78467759802116
2016-09-21,103.11444787193463
2016-09-22,103.94062833642359
2016-09-23,103.77328689572415
2016-09-26,103.58205650241241
2016-09-27,103.36064200921935
2016-09-28,103.63981054991118
2016-09-29,103.05936337341176
2016-09-30,103.41142478288685
2016-10-03,103.335190234153
2016-10-04,103.352959554271
2016-10-05,103.5155966366669
2016-10-06,103.335190234153
2016-10-07,102.86169255264532
2016-10-10,103.55339320304981
2016-10-11,102.96267515153892
2016-10-12,102.7435056218702
2016-10-13,102.22727690233873
2016-10-14,101.76048183454934
2016-10-17,101.99636676038854
2016-10-18,101.94299389130978
2016-10-19,102.10037861386567
2016-10-20,101.98825266057352
2016-10-21,101.89007780778215
2016-10-24,102.10389387574578
2016-10-25,101.68193274075233
2016-10-26,100.87550512705117
2016-10-27,99.98791462623203
2016-10-28,100.00465323412091
2016-10-31,100.39816468006042
2016-11-01,99.89342851958018
2016-11-02,99.21897515612606
2016-11-03,99.1921721307761
2016-11-04,99.94053846468034
2016-11-07,100.17469986415655
2016-11-08,99.986290182528
2016-11-09,101.98336161732911
2016-11-10,103.3566108759098
2016-11-11,105.97523096596797
2016-11-14,107.38030130822321
2016-11-15,106.87891777981726
2016-11-16,107.0717545316767
2016-11-17,107.14914864623199
2016-11-18,107.95806889056043
2016-11-21,107.64796721143138
2016-11-22,108.41775846980485
2016-11-23,109.03606741837717
2016-11-25,108.99014942518865
2016-11-28,108.08308811244653
2016-11-29,107.815615193886
2016-11-30,107.54376738198488
2016-12-01,107.41562802104315
2016-12-02,107.30442509075588
2016-12-05,108.49696579016046
2016-12-06,109.32402450818076
2016-12-07,108.96280636382683
2016-12-08,110.4082480442921
2016-12-09,109.96000849209071
2016-12-12,108.92429481537998
2016-12-13,108.21005193587578
2016-12-14,107.7473913611549
2016-12-15,108.10753730837163
2016-12-16,108.12050936453721
2016-12-19,108.59203869512643
2016-12-20,109.09199353357567
2016-12-21,108.6827484394968
2016-12-22,107.93208929837594
2016-12-23,108.34768190973516
2016-12-27,108.56417493384684
2016-12-28,108.34740287569421
2016-12-29,108.46767535567562
2016-12-30,108.44736813305806
2017-01-03,108.15879235765844
2017-01-04,109.31217598962095
2017-01-05,108.13656503906932
2017-01-06,107.35552497566422
2017-01-09,107.00461353099956
2017-01-10,108.02857929786667
2017-01-11,107.91407344257662
2017-01-12,107.35239293109132
2017-01-13,107.88244153700137
2017-01-17,106.79405280313279
2017-01-18,106.90733128230079
2017-01-19,106.42954136811595
2017-01-20,106.58698561555653
2017-01-23,106.41995708302908
2017-01-24,107.36107843733171
2017-01-25,107.44209748161657
2017-01-26,107.1234040304135
2017-01-27,106.92286595440694
2017-01-30,106.08907519016336
2017-01-31,106.84109699170692
2017-02-01,106.73566229576905
2017-02-02,106.3970225685662
2017-02-03,107.2833088075473
2017-02-06,106.6667101362649
2017-02-07,106.19093150926349
2017-02-08,105.86376376560848
2017-02-09,106.72052345547031
2017-02-10,107.10860898248251
2017-02-13,106.80682670469692
2017-02-14,106.7356528037555
2017-02-15,106.81644794058629
2017-02-16,106.60877232019806
2017-02-17,106.3721667902468
2017-02-21,106.57105182297519
2017-02-22,106.1939953577754
2017-02-23,105.49111707395585
2017-02-24,105.28153895148724
2017-02-27,106.14073221545253
2017-02-28,104.7859573290123
2017-03-01,105.228658166794
2017-03-02,104.68089082558323
2017-03-03,104.5396715299191
2017-03-06,104.1334579075869
2017-03-07,103.76277773879727
2017-03-08,103.27187159804394
2017-03-09,102.73124935794758
2017-03-10,102.82632737101206
2017-03-13,103.01629941184711
2017-03-14,102.9187951848757
2017-03-15,103.61565845497054
2017-03-16,103.95558157482394
2017-03-17,104.55376823806304
2017-03-20,104.21499429743754
2017-03-21,102.59157886800696
2017-03-22,102.37364814271317
2017-03-23,103.07954339836132
2017-03-24,103.22894717042092
2017-03-27,103.52708538802389
2017-03-28,103.5801173020229
2017-03-29,103.81866011109074
2017-03-30,104.2715633842775
2017-03-31,104.68243691864649
2017-04-03,103.75878027904977
2017-04-04,103.57072539554295
2017-04-05,102.70209406160171
2017-04-06,103.36719660130017
2017-04-07,103.42693392078617
2017-04-10,103.59420774833201
2017-04-11,104.54231170283819
2017-04-12,103.57578179919535
2017-04-13,103.23383784750312
2017-04-17,103.52867041724502
2017-04-18,103.86159236163688
2017-04-19,104.41427704461515
2017-04-20,104.89082042629627
2017-04-21,104.98898880803634
2017-04-24,105.14111681383345
2017-04-25,105.54869534337739
2017-04-26,106.15721290850672
2017-04-27,106.03810976437067
2017-04-28,104.84472250169968
2017-05-01,105.18286123618483
2017-05-02,104.60935583009696
2017-05-03,104.08932422792722
2017-05-04,103.82443422567027
2017-05-05,104.08376177840704
2017-05-08,103.66670832981235
2017-05-09,103.71700066278808
2017-05-10,104.17459211031066
2017-05-11,103.66048874430973
2017-05-12,103.28567710113494
2017-05-15,103.51759111950439
2017-05-16,103.64982746357315
2017-05-17,102.67543857620247
2017-05-18,102.63492665975716
2017-05-19,102.46130027633467
2017-05-22,102.63317025925993
2017-05-23,102.74301609397509
2017-05-24,102.57103199628435
2017-05-25,102.1499552820949
2017-05-26,102.14137084216675
2017-05-30,101.4275149514312
2017-05-31,101.34856658213461
2017-06-01,102.4888714047263
2017-06-02,102.81052489905565
2017-06-05,102.24635577221832
2017-06-06,102.47830577409411
2017-06-07,102.38481591436488
2017-06-08,103.73341847360386
2017-06-09,104.42942291088269
2017-06-12,104.28125171800818
2017-06-13,104.30226100327748
2017-06-14,103.81730958536491
2017-06-15,103.48729782017041
2017-06-16,103.20705454713396
2017-06-19,103.11427375096922
2017-06-20,102.76322690612041
2017-06-21,102.53126073647026
2017-06-22,102.96759402136819
2017-06-23,103.52802184216041
2017-06-26,103.5847473264112
2017-06-27,103.50820781286025
2017-06-28,104.15996490505732
2017-06-29,104.46179647529634
2017-06-30,104.10482874549605
2017-07-03,104.7988742101062
2017-07-05,104.18187700602518
2017-07-06,103.77035095747094
2017-07-07,104.1020579689053
2017-07-10,103.5388829792256
2017-07-11,103.91954035148633
2017-07-12,103.93843673283287
2017-07-13,103.85216877239247
2017-07-14,103.5454105389674
2017-07-17,103.79919602253516
2017-07-18,103.4740135900179
2017-07-19,103.94100725112013
2017-07-20,103.96733956224102
2017-07-21,103.58766418979637
2017-07-24,103.75820631914338
2017-07-25,104.4491929712157
2017-07-26,103.86494797651551
2017-07-27,103.30119997768944
2017-07-28,103.14635931981681
2017-07-31,102.87775850619676
2017-08-01,102.84478306114595
2017-08-02,101.67114096517749
2017-08-03,101.36023994475431
2017-08-04,101.66896728970931
2017-08-07,101.6467912501615
2017-08-08,101.578272903427
2017-08-09,100.70441054398506
2017-08-10,100.29159902395281
2017-08-11,100.2906911989268
2017-08-14,100.81253224749736
2017-08-15,99.99513087774623
2017-08-16,99.85008259233882
2017-08-17,99.57910004400263
2017-08-18,99.72754519282637
2017-08-21,99.58308255096408
2017-08-22,99.61972030985399
2017-08-23,99.81680426018225
2017-08-24,100.35880441966091
2017-08-25,100.41097878702463
2017-08-28,100.83233926298985
2017-08-29,100.73898835628879
2017-08-30,100.9057078864767
2017-08-31,101.28814335438572
2017-09-01,101.71693229308048
2017-09-05,101.46852945134106
2017-09-06,101.33398508720705
2017-09-07,101.0919579991904
2017-09-08,101.2908913592608
2017-09-11,101.27299860134724
2017-09-12,101.54976952021832
2017-09-13,101.80225599832696
2017-09-14,101.74155891364596
2017-09-15,102.0203078667307
2017-09-18,102.49722701628524
2017-09-19,102.39469196003657
2017-09-20,102.68619357161077
2017-09-21,102.85469588072007
2017-09-22,103.27069619419622
2017-09-25,103.62567442483488
2017-09-26,103.89301774968551
2017-09-27,105.51531033957026
2017-09-28,105.66764989867421
2017-09-29,105.54678565253339
2017-10-02,106.38160435929818
2017-10-03,106.38795066943227
2017-10-04,105.92253551487087
2017-10-05,105.58675693241078
2017-10-06,105.55943170621862
2017-10-09,105.29711453905881
2017-10-10,105.32225034829193
2017-10-11,105.07981060842415
2017-10-12,105.15936168035071
2017-10-13,104.84199432956419
2017-10-16,104.61123853174625
2017-10-17,104.23632837016751
2017-10-18,104.63123141754348
2017-10-19,104.44175264970788
2017-10-20,104.3857846504151
2017-10-23,104.01080754220764
2017-10-24,104.0445691404031
2017-10-25,104.05747131005467
2017-10-26,104.1401481029292
2017-10-27,104.01081257323712
2017-10-30,103.2984838561998
2017-10-31,103.86851542590688
2017-11-01,103.04335763913264
2017-11-02,103.30901436066395
2017-11-03,102.89595324480491
2017-11-06,102.85446120068463
2017-11-07,101.69467615157252
2017-11-08,101.6601168062049
2017-11-09,101.66981781272138
2017-11-10,101.62503343564447
2017-11-13,101.55833291630462
2017-11-14,101.51702617184554
2017-11-15,101.62296213252277
2017-11-16,102.24710818337263
2017-11-17,103.0203618532378
2017-11-20,103.59303901242679
2017-11-21,103.99343679218218
2017-11-22,103.94775988812157
2017-11-24,103.7494332796362
2017-11-27,103.48491340172907
2017-11-28,104.05898864839698
2017-11-29,104.46980791139569
2017-11-30,103.75217165535062
2017-12-01,103.54163844284807
2017-12-04,103.2808927603148
2017-12-05,102.62023187090077
2017-12-06,102.11815474324717
2017-12-07,102.50868509233743
2017-12-08,102.04708202006634
2017-12-11,101.70019016500235
2017-12-12,101.2057803395186
2017-12-13,101.8209045866438
2017-12-14,101.10704741982126
2017-12-15,101.70161925556158
2017-12-18,102.4282734466321
2017-12-19,102.01016519194116
2017-12-20,102.2636865517929
2017-12-21,102.50030822069887
2017-12-22,102.34004121003679
2017-12-26,102.52279132201035
2017-12-27,102.37272172177363
2017-12-28,102.5627632383721
2017-12-29,102.10043355423295
2018-01-02,102.332405865013
2018-01-03,101.79487249351446
2018-01-04,101.63739445638231
2018-01-05,101.17373466690958
2018-01-08,101.14561079194098
2018-01-09,100.7805442351092
2018-01-10,100.94796058512199
2018-01-11,101.93841276796473
2018-01-12,101.7026096131387
2018-01-16,100.74803481358012
2018-01-17,100.74275826937912
2018-01-18,100.220903417113
2018-01-19,101.07993175551135
2018-01-22,100.80204435675356
2018-01-23,100.91027135900694
2018-01-24,100.32468739820688
2018-01-25,100.32003210263056
2018-01-26,99.52732683875163
2018-01-29,99.62654151912501
2018-01-30,99.69496497480272
2018-01-31,99.12556536204815
2018-02-01,99.54924634063866
2018-02-02,99.80527720473924
2018-02-05,100.15976570236096
2018-02-06,99.39989426013648
2018-02-07,100.04219500673213
2018-02-08,100.88871379215156
2018-02-09,100.30460686671002
2018-02-12,99.78919153582473
2018-02-13,99.7565791147211
2018-02-14,100.19810070244091
2018-02-15,100.01574080903326
2018-02-16,100.33979640067139
2018-02-20,100.14228415601197
2018-02-21,100.7487596658037
2018-02-22,100.45978437592622
2018-02-23,100.17170835488054
2018-02-26,99.67138400991838
2018-02-27,99.47940162265903
2018-02-28,98.911996637645
2018-03-01,100.10441638946128
2018-03-02,101.18503234547482
2018-03-05,100.92180705956424
2018-03-06,101.75374938982901
2018-03-07,102.68869379394148
2018-03-08,101.9855136462889
2018-03-09,101.84314669119914
2018-03-12,102.15081270104231
2018-03-13,102.33740745905997
2018-03-14,102.37836615395915
2018-03-15,101.97672465311334
2018-03-16,102.43745934267761
2018-03-19,102.84224705445719
2018-03-20,102.64137007197888
2018-03-21,103.43767995459896
2018-03-22,103.76331023290797
2018-03-23,103.74163231966232
2018-03-26,103.18628543400395
2018-03-27,102.93871383603638
2018-03-28,103.20946780783167
2018-03-29,102.93785324364258
2018-04-02,102.64487735396193
2018-04-03,102.79635241397219
2018-04-04,103.00113508429763
2018-04-05,103.04081787882755
2018-04-06,103.28749751458804
2018-04-09,102.90399008741169
2018-04-10,103.20430857848652
2018-04-11,103.97137984758595
2018-04-12,103.82741477033757
2018-04-13,103.5878937825847
2018-04-16,103.69084003429161
2018-04-17,103.70918589923531
2018-04-18,103.90960617207293
2018-04-19,103.76601240260159
2018-04-20,104.0913157775177
2018-04-23,103.95301515760438
2018-04-24,104.76825697591259
2018-04-25,104.3542995283629
2018-04-26,103.77979246475346
2018-04-27,103.53523074321515
2018-04-30,103.41361005204985
2018-05-01,103.73511378365421
2018-05-02,104.82980119106998
2018-05-03,104.4907001347943
2018-05-04,104.4428487079874
2018-05-07,104.97300754750624
2018-05-08,105.49436982373179
2018-05-09,105.0471335879066
2018-05-10,104.63148037522629
2018-05-11,104.51587911448553
2018-05-14,104.06745312722465
2018-05-15,104.80888293621231
2018-05-16,105.45782122953182
2018-05-17,106.03240211743731
2018-05-18,106.43616822484618
2018-05-21,106.34021279446242
2018-05-22,105.86448648194586
2018-05-23,105.71107808719991
2018-05-24,105.96734437283646
2018-05-25,106.03033979337886
2018-05-29,107.11804985595346
2018-05-30,107.38282458649053
2018-05-31,107.18205021110884
2018-06-01,106.83771314143824
2018-06-04,106.89716635093593
2018-06-05,107.48095985197128
2018-06-06,107.36155466855229
2018-06-07,106.78786669673306
2018-06-08,106.79375967979858
2018-06-11,106.81197290903583
2018-06-12,107.1602404075434
2018-06-13,107.07974598185555
2018-06-14,107.38049336487339
2018-06-15,107.54974076473407
2018-06-18,108.27877079596453
2018-06-19,108.70182294037707
2018-06-20,109.39199587240753
2018-06-21,109.05226747290442
2018-06-22,108.49186506556899
2018-06-25,108.19327034926344
2018-06-26,108.58205944694839
2018-06-27,107.73505489381918
2018-06-28,107.45041329083784
2018-06-29,107.22391087264552
2018-07-02,107.73345672837003
2018-07-03,108.54618699335865
2018-07-05,108.89494578637581
2018-07-06,108.89412779704932
2018-07-09,108.60229475373569
2018-07-10,107.72075013284181
2018-07-11,107.59377153524471
2018-07-12,107.14391020426707
2018-07-13,106.7408633908394
2018-07-16,106.42156576657777
2018-07-17,106.463170733478
2018-07-18,106.53776441063827
2018-07-19,107.69865271181236
2018-07-20,107.38215817592605
2018-07-23,107.31642197402054
2018-07-24,105.6396939117717
2018-07-25,105.12987028331555
2018-07-26,105.94471853528074
2018-07-27,104.67860831168085
2018-07-30,104.55331811346464
2018-07-31,105.09856838059753
2018-08-01,105.20465336278619
2018-08-02,105.39841176234258
2018-08-03,104.58418530771722
2018-08-06,104.78449525401794
2018-08-07,104.6892415716034
2018-08-08,104.63957227165908
2018-08-09,105.05160210368575
2018-08-10,105.46433144605246
2018-08-13,105.24136361609915
2018-08-14,105.61012161568178
2018-08-15,105.06988239441446
2018-08-16,105.19294818833723
2018-08-17,105.27418086825162
2018-08-20,105.34271383284677
2018-08-21,106.30388392031871
2018-08-22,106.62855754425765
2018-08-23,106.44606195470257
2018-08-24,106.38588309605339
2018-08-27,105.70629333104394
2018-08-28,105.75361703149201
2018-08-29,105.49340035429043
2018-08-30,105.83630837283562
2018-08-31,106.23784875947445
2018-09-04,105.94756882276354
2018-09-05,105.94972834988232
2018-09-06,105.55206235140852
2018-09-07,105.70175461688598
2018-09-10,105.64824517189531
2018-09-11,105.47371967813963
2018-09-12,105.19539714477966
2018-09-13,104.60139306452936
2018-09-14,105.02464721063369
2018-09-17,104.46236788691925
2018-09-18,104.33369702158812
2018-09-19,103.8430770972466
2018-09-20,103.96165737796908
2018-09-21,103.55838342012356
2018-09-24,103.5193303458181
2018-09-25,103.77419060993402
2018-09-26,103.13422905954457
2018-09-27,102.85300080082192
2018-09-28,103.15451033343912
2018-10-01,101.44337115832374
2018-10-02,100.404101914005
2018-10-03,101.22733476734318
2018-10-04,100.5924344935478
2018-10-05,100.24369229180965
2018-10-08,100.03354505256281
2018-10-09,99.78969830461214
2018-10-10,100.09257252030127
2018-10-11,100.39234872650398
2018-10-12,99.03649996235072
2018-10-15,99.96553188198185
2018-10-16,100.66277710478455
2018-10-17,100.21345044505512
2018-10-18,99.77643073757358
2018-10-19,98.7743770313392
2018-10-22,99.00619329920647
2018-10-23,98.62188516851546
2018-10-24,97.87423348174144
2018-10-25,98.23101595560385
2018-10-26,98.8965333858579
2018-10-29,98.90133412625602
2018-10-30,99.49042857749053
2018-10-31,98.63622553532429
2018-11-01,99.84842388501536
2018-11-02,100.77712848633576
2018-11-05,100.14610216570041
2018-11-06,100.00780057855907
2018-11-07,99.66551673744947
2018-11-08,99.58030528488108
2018-11-09,98.69854754618612
2018-11-12,98.58693197580682
2018-11-13,98.45782055637889
2018-11-14,98.41130391855752
2018-11-15,98.78290218948995
2018-11-16,98.76067217475534
2018-11-19,98.42346981283319
2018-11-20,98.34585968149437
2018-11-21,99.3814681997427
2018-11-23,99.95503803657253
2018-11-26,99.64398944836087
2018-11-27,98.4878726531314
2018-11-28,98.64934605194605
2018-11-29,98.59914891936252
2018-11-30,98.51167650493178
2018-12-03,98.15437334553005
2018-12-04,97.1224453193011
2018-12-06,97.05904685606986
2018-12-07,97.22124700394725
2018-12-10,96.75414438357693
2018-12-11,96.6311395426648
2018-12-12,97.06526183184342
2018-12-13,95.72371337302266
2018-12-14,96.04901844324164
2018-12-17,95.78922669530961
2018-12-18,95.77536136641534
2018-12-19,95.20651280144094
2018-12-20,95.18577509999552
2018-12-21,94.65507654066782
2018-12-24,95.33819031589151
2018-12-26,95.11461497868127
2018-12-27,94.78348481701678
2018-12-28,95.17813254715225
2018-12-31,95.09028884570475
2019-01-02,95.53065730916795
2019-01-03,96.11446355007136
2019-01-04,96.47327447236222
2019-01-07,97.39304859442348
2019-01-08,97.96573991367558
2019-01-09,98.31495680813865
2019-01-10,98.4766943606978
2019-01-11,98.46605343036799
2019-01-14,98.08447309551165
2019-01-15,97.79117357022493
2019-01-16,98.28283169633467
2019-01-17,98.42690221915488
2019-01-18,98.13313699732996
2019-01-22,97.90398221143029
2019-01-23,97.42998805814001
2019-01-24,97.96406390170574
2019-01-25,98.39088369081517
2019-01-28,98.61284736272412
2019-01-29,98.50805507721925
2019-01-30,98.03417892329878
2019-01-31,98.00913149308754
2019-02-01,98.04079578619735
2019-02-04,98.51752494637073
2019-02-05,98.21029061692938
2019-02-06,98.21626782521565
2019-02-07,98.3468491626983
2019-02-08,98.3318663732948
2019-02-11,99.09718151445519
2019-02-12,99.06278350382877
2019-02-13,99.01971272411579
2019-02-14,99.46628415990578
2019-02-15,99.96175810405394
2019-02-19,100.06369744829966
2019-02-20,100.33413506089808
2019-02-21,100.30836532593754
2019-02-22,100.55499449033451
2019-02-25,100.44366513321215
2019-02-26,99.82301105858521
2019-02-27,100.00576202046756
2019-02-28,99.84848406816626
2019-03-01,100.15295625144292
2019-03-04,99.61023859820796
2019-03-05,99.28154470166297
2019-03-06,97.92827733651663
2019-03-07,97.88958837938738
2019-03-08,98.05987202499968
2019-03-11,98.34735837687113
2019-03-12,98.02869271787691
2019-03-13,97.76890630073592
2019-03-14,97.43382812175237
2019-03-15,97.21236874281338
2019-03-18,97.48076213504878
2019-03-19,96.96225866014876
2019-03-20,96.44448153702318
2019-03-21,96.61809585042802
2019-03-22,94.92939309082868
2019-03-25,95.41982074485189
2019-03-26,95.70969284314141
2019-03-27,95.8389594806193
2019-03-28,96.32910330586539
2019-03-29,96.02031613311631
2019-04-01,95.93011158536505
2019-04-02,95.6353658066809
2019-04-03,95.97992658582085
2019-04-04,96.19484962948627
2019-04-05,96.6278608855671
2019-04-08,96.39473769353816
2019-04-09,95.70727134511272
2019-04-10,96.67871051569163
2019-04-11,96.58258884797046
2019-04-12,96.28158964827227
2019-04-15,96.03303274799013
2019-04-16,96.19608824270037
2019-04-17,95.55060033150178
2019-04-18,95.0817954098938
2019-04-22,94.74967246496323
2019-04-23,95.32086725540707
2019-04-24,95.82990649971389
2019-04-25,95.09430750992146
2019-04-26,95.57140393065339
2019-04-29,95.87998023656218
2019-04-30,95.38514074518856
2019-05-01,95.19678167418594
2019-05-02,95.84697620674241
2019-05-03,96.73164318453719
2019-05-06,97.24026079868466
2019-05-07,96.93496045080364
2019-05-08,96.5953524271914
2019-05-09,96.53619715814618
2019-05-10,96.31810886088287
2019-05-13,95.65317471116299
2019-05-14,95.9899116503564
2019-05-15,95.74176019302169
2019-05-16,95.45439823924683
2019-05-17,94.73667321860262
2019-05-20,94.70585184950345
2019-05-21,95.12111731984457
2019-05-22,94.61401159438861
2019-05-23,93.81251543363493
2019-05-24,94.47740030596869
2019-05-28,94.60541939753054
2019-05-29,94.44871491814743
2019-05-30,93.93109267147892
2019-05-31,93.88179110437459
2019-06-03,94.45020672264907
2019-06-04,94.83724642175993
2019-06-05,94.04161529186882
2019-06-06,93.19141095417639
2019-06-07,92.92097398500852
2019-06-10,93.04217788690933
2019-06-11,92.78879470440945
2019-06-12,93.05733617270919
2019-06-13,93.65383899655903
2019-06-14,92.93666755403407
2019-06-17,93.54220273282212
2019-06-18,93.64914731246077
2019-06-19,93.7719346405109
2019-06-20,93.32322925987246
2019-06-21,92.65253167969071
2019-06-24,91.63938590124097
2019-06-25,91.98108398668239
2019-06-26,91.85974147385323
2019-06-27,93.25298994273035
2019-06-28,93.90487489933238
2019-07-01,93.41907487759352
2019-07-02,92.60934327599905
2019-07-03,92.5320788650947
2019-07-05,92.88645003433825
2019-07-08,92.51145837687226
2019-07-09,92.52136523614844
2019-07-10,92.24141585295203
2019-07-11,91.57637874346192
2019-07-12,91.87445725224558
2019-07-15,91.36148183757751
2019-07-16,91.62755522073549
2019-07-17,91.59571754096444
2019-07-18,91.60504864987601
2019-07-19,91.58680216028053
2019-07-22,91.27925428579046
2019-07-23,91.23275672070562
2019-07-24,92.30868804959722
2019-07-25,91.63117183777064
2019-07-26,92.09933345538693
2019-07-29,91.65105049941093
2019-07-30,92.87093733435297
2019-07-31,93.13676999812667
2019-08-01,92.5927130231446
2019-08-02,92.26115543977762
2019-08-05,92.26649994319084
2019-08-06,91.82666876131188
2019-08-07,91.74786886236357
2019-08-08,91.92285292280758
2019-08-09,91.3882682115285
2019-08-12,91.31678266673977
2019-08-13,90.88605909013073
2019-08-14,91.03762395997018
2019-08-15,90.43720512418821
2019-08-16,91.04568199067133
2019-08-19,90.86976177244719
2019-08-20,90.97362037230238
2019-08-21,90.98371672144674
2019-08-22,90.79989956160854
2019-08-23,90.33644676950404
2019-08-26,90.33134342612902
2019-08-27,89.34259249080307
2019-08-28,89.75297083712277
2019-08-29,90.17522111278174
2019-08-30,90.05194059453756
2019-09-03,89.25492146317403
2019-09-04,88.96328144746431
2019-09-05,89.46794937111923
2019-09-06,88.9892557371895
2019-09-09,90.13715948574583
2019-09-10,91.30975351601417
2019-09-11,92.52132266364332
2019-09-12,92.22544899632882
2019-09-13,92.4454150496064
2019-09-16,93.07958441798718
2019-09-17,92.6034320798274
2019-09-18,91.97808704323714
2019-09-19,91.5375797541413
2019-09-20,91.77716940250679
2019-09-23,91.72790911415369
2019-09-24,91.05789081766702
2019-09-25,91.51427529604781
2019-09-26,90.68166577822794
2019-09-27,90.44291299707653
2019-09-30,90.13259296790517
2019-10-01,89.42748177300966
2019-10-02,90.34837859733035
2019-10-03,89.9123802430099
2019-10-04,89.55260060172675
2019-10-07,89.78387891250127
2019-10-08,89.71727042294594
2019-10-09,89.2798699101574
2019-10-10,89.03568002526418
2019-10-11,89.61353084345424
2019-10-14,89.38496758438527
2019-10-15,89.52583358415413
2019-10-16,89.76462012611628
2019-10-17,90.55781419988644
2019-10-18,90.52293508606344
2019-10-21,90.75589595802803
2019-10-22,91.15384109019685
2019-10-23,91.00131803164311
2019-10-24,90.72346001883312
2019-10-25,90.83401711716522
2019-10-28,91.10575240668115
2019-10-29,91.43005334146636
2019-10-30,90.84833543292567
2019-10-31,90.5781705751602
2019-11-01,91.27669890822328
2019-11-04,91.40022257037757
2019-11-05,91.61654393313393
2019-11-06,91.06619457047157
2019-11-07,90.98790114297645
2019-11-08,91.01007711178578
2019-11-11,91.01228422952171
2019-11-12,90.84938660414046
2019-11-13,90.43121883321298
2019-11-14,90.27122364989557
2019-11-15,90.08748129095055
2019-11-18,89.79450432008662
2019-11-19,90.15469717433827
2019-11-20,90.14996367462224
2019-11-21,89.85095917874212
2019-11-22,89.93004189002644
2019-11-25,91.13354697237112
2019-11-26,90.98944445598597
2019-11-27,91.22431981404485
2019-11-29,90.96780995702933
2019-12-02,90.8511411688799
2019-12-03,91.1733446437049
2019-12-04,91.23840528785412
2019-12-05,91.16534837705268
2019-12-06,91.39546689639663
2019-12-09,91.50916073869112
2019-12-10,91.6676970631015
2019-12-11,91.38006388091783
2019-12-12,91.37952112911256
2019-12-13,90.97387180013092
2019-12-16,90.98998052807474
2019-12-17,91.42522813011084
2019-12-18,91.59713692976496
2019-12-19,91.6157068616824
2019-12-20,91.34783322704982
2019-12-23,91.38986633862436
2019-12-24,91.59581900924675
2019-12-26,91.11083289258534
2019-12-27,90.68508321547564
2019-12-30,90.95689632136975
2019-12-31,90.86263403855256
2020-01-02,90.08051746094094
2020-01-03,90.41196871820775
2020-01-06,90.18835250141363
2020-01-07,90.14181589287958
2020-01-08,89.94145030110838
2020-01-09,89.44373597404824
2020-01-10,89.36587821043884
2020-01-13,89.33141289431482
2020-01-14,89.79669884274377
2020-01-15,90.02451831322455
2020-01-16,90.43407379396136
2020-01-17,89.90881870453909
2020-01-21,89.33924871640527
2020-01-22,89.26985964334422
2020-01-23,89.10908098375756
2020-01-24,88.80254619638038
2020-01-27,89.22333992033519
2020-01-28,89.03247120158066
2020-01-29,88.59807036920205
2020-01-30,88.31147479612594
2020-01-31,88.07915047287906
2020-02-03,88.40456294811725
2020-02-04,88.39168062520005
2020-02-05,88.72962878822646
2020-02-06,88.23126097401351
2020-02-07,87.61467274916994
2020-02-10,87.45592387433022
2020-02-11,87.91016579882493
2020-02-12,87.94904167059667
2020-02-13,88.27341748073069
2020-02-14,87.79232352406936
2020-02-18,87.8304797623862
2020-02-19,87.86119871495463
2020-02-20,88.43843472111884
2020-02-21,88.45348340382749
2020-02-24,88.73378453606571
2020-02-25,88.25450199044124
2020-02-26,87.55462122487332
2020-02-27,88.44393317404578
2020-02-28,87.19043233211126
2020-03-02,86.2554771167197
2020-03-03,86.98710132248394
2020-03-04,85.8537206270918
2020-03-05,85.9809280658929
2020-03-06,85.6933147359593
2020-03-09,83.91465046766055
2020-03-10,82.27714837364155
2020-03-11,80.99241593686216
2020-03-12,79.66468424579443
2020-03-13,78.30669204046556
2020-03-16,76.2627275669206
2020-03-17,75.67293671527814
2020-03-18,73.53040456245576
2020-03-19,76.23693719115403
2020-03-20,77.77572656421702
2020-03-23,78.63577428884082
2020-03-24,78.69981803631276
2020-03-25,78.50274399371105
2020-03-26,78.78525671746748
2020-03-27,78.24947358215144
2020-03-30,77.45798563965323
2020-03-31,78.23359662323941
2020-04-01,76.33787317992036
2020-04-02,75.32260353897915
2020-04-03,74.26232851105922
2020-04-06,74.91623990765295
2020-04-07,75.03262403369817
2020-04-08,75.90663780551095
2020-04-09,78.34675269442316
2020-04-13,76.92768665505186
2020-04-14,76.23857943509942
2020-04-15,74.71604246633089
2020-04-16,73.79552569501489
2020-04-17,75.01961945554133
2020-04-20,75.46408563809621
2020-04-21,75.96891033045668
2020-04-22,75.22206497934361
2020-04-23,75.96605130310903
2020-04-24,76.21050472035023
2020-04-27,78.10387457185354
2020-04-28,79.60536367959538
2020-04-29,81.38990254336204
2020-04-30,79.0314010272963
2020-05-01,77.95971728942119
2020-05-04,78.08073060607781
2020-05-05,77.96307655636657
2020-05-06,77.9187771813289
2020-05-07,78.0430526230351
2020-05-08,79.7366628042901
2020-05-11,79.3228347754158
2020-05-12,78.02917562897082
2020-05-13,76.77521232959818
2020-05-14,76.11453573809706
2020-05-15,76.9724196986763
2020-05-18,79.23583461942727
2020-05-19,78.47722959745981
2020-05-20,79.5039647142604
2020-05-21,80.20007628808155
2020-05-22,80.43565904627597
2020-05-26,81.74809939062438
2020-05-27,83.05118852146786
2020-05-28,81.23347257496758
2020-05-29,80.4099776743706
2020-06-01,80.85311539352809
2020-06-02,80.85251464028416
2020-06-03,81.71497906621084
2020-06-04,81.81137369737431
2020-06-05,82.85082928245932
2020-06-08,83.44754056173095
2020-06-09,82.52030249277452
2020-06-10,80.73007682885766
2020-06-11,79.13434584439749
2020-06-12,80.07419622140911
2020-06-15,81.16772814162255
2020-06-16,81.54974513783446
2020-06-17,80.40956083549398
2020-06-18,80.35021798541784
2020-06-19,80.39581509282452
2020-06-22,80.68222922981448
2020-06-23,80.65090743432201
2020-06-24,80.07662333052511
2020-06-25,80.4240507089291
2020-06-26,80.1635393077104
2020-06-29,81.58628240974176
2020-06-30,81.71873016713843
2020-07-01,80.37951646120204
2020-07-02,80.26621366494072
2020-07-06,79.61774739091572
2020-07-07,79.0227826929252
2020-07-08,79.00739620987312
2020-07-09,77.85310650494577
2020-07-10,78.30752587719576
2020-07-13,77.99088347046676
2020-07-14,78.26788585581643
2020-07-15,80.39884718034122
2020-07-16,80.18718914026509
2020-07-17,80.1906117392296
2020-07-20,79.20588580558872
2020-07-21,80.15864200043275
2020-07-22,79.74804026895077
2020-07-23,80.79279396290954
2020-07-24,80.12087109885017
2020-07-27,80.36846038642813
2020-07-28,80.0758984197223
2020-07-29,80.84609479377879
2020-07-30,80.81503547322947
2020-07-31,79.42681452235342
2020-08-03,80.16312760538965
2020-08-04,80.40386744730735
2020-08-05,81.49736842522424
2020-08-06,80.92457065685387
2020-08-07,82.15006741369798
2020-08-10,82.75490235897529
2020-08-11,82.96244832698369
2020-08-12,82.15546681624855
2020-08-13,82.13184193381235
2020-08-14,82.07711989994583
2020-08-17,82.23910153865471
2020-08-18,81.27707043282855
2020-08-19,81.62214951321766
2020-08-20,81.03580453264583
2020-08-21,80.15318915154566
2020-08-24,80.18051336181513
2020-08-25,79.98790514102399
2020-08-26,78.69767745436967
2020-08-27,78.71798292744165
2020-08-28,78.87540490754122
2020-08-31,78.31069913361218
2020-09-01,78.46845860304514
2020-09-02,77.96473394879774
2020-09-03,78.35876256862365
2020-09-04,78.50033905691228
2020-09-08,79.15257398598608
2020-09-09,78.79555058061015
2020-09-10,79.14422587846576
2020-09-11,78.57711401686562
2020-09-14,79.59916086893801
2020-09-15,79.34902908952289
2020-09-16,80.41840254141655
2020-09-17,80.53980248841881
2020-09-18,81.26576539336739
2020-09-21,79.30148848767222
2020-09-22,79.10698302801349
2020-09-23,78.57238734727989
2020-09-24,78.36352214965301
2020-09-25,78.36930462130326
2020-09-28,78.98970462554931
2020-09-29,79.06221682888264
2020-09-30,78.70370991415669
2020-10-01,79.44942337611286
2020-10-02,80.56410899161763
2020-10-05,81.34588730919026
2020-10-06,82.2825412926294
2020-10-07,82.64080640142771
2020-10-08,82.84639072044531
2020-10-09,82.53923427803986
2020-10-12,81.77659722140234
2020-10-13,81.76599688568633
2020-10-14,81.4688047186741
2020-10-15,82.41013967717574
2020-10-16,82.2573427284005
2020-10-19,82.52910996672273
2020-10-20,82.37919421731927
2020-10-21,81.82695297490608
2020-10-22,82.78471210440644
2020-10-23,82.98292739815709
2020-10-26,82.72033023674545
2020-10-27,82.29374920278755
2020-10-28,82.58269031922663
2020-10-29,82.72767567495633
2020-10-30,82.49449298898959
2020-11-02,83.03488938636008
2020-11-03,83.9088154977131
2020-11-04,82.16667001830677
2020-11-05,82.85059163843962
2020-11-06,82.22133288127043
2020-11-09,84.14392235030267
2020-11-10,85.83306858903545
2020-11-11,85.1656355364757
2020-11-12,84.6797108719574
2020-11-13,85.2530061496384
2020-11-16,86.20631224765202
2020-11-17,87.07741304870775
2020-11-18,86.90346613790044
2020-11-19,87.20307593243996
2020-11-20,87.89838768801955
2020-11-23,89.00889586407513
2020-11-24,89.24453987153757
2020-11-25,89.07667208534043
2020-11-27,89.20667387593456
2020-11-30,87.97526296292575
2020-12-01,87.83108732453549
2020-12-02,87.73785439977641
2020-12-03,88.25606920606114
2020-12-04,89.538266804164
2020-12-07,89.8084348575205
2020-12-08,90.69673151996123
2020-12-09,90.85083155888192
2020-12-10,91.75863910237457
2020-12-11,91.4147895643486
2020-12-14,91.93333978389923
2020-12-15,92.97554684657861
2020-12-16,92.49607767613188
2020-12-17,93.07710542085734
2020-12-18,92.99795393247854
2020-12-21,93.28388444866876
2020-12-22,94.5038498339182
2020-12-23,95.22233408193281
2020-12-24,94.79138201657564
2020-12-28,93.63451021471221
2020-12-29,91.99658178091408
2020-12-30,92.80102081404189
2020-12-31,92.16735129992654
2021-01-04,92.2193687748291
2021-01-05,93.0038453855704
2021-01-06,96.23404814612707
2021-01-07,96.51278432161506
2021-01-08,95.75854424829768
2021-01-11,96.32485069643789
2021-01-12,98.03067276423857
2021-01-13,97.0686189493304
2021-01-14,99.35563613466446
2021-01-15,98.59317831264923
2021-01-19,99.07830300204547
2021-01-20,98.15626325594168
2021-01-21,97.21608549060991
2021-01-22,98.69521407489684
2021-01-25,98.21150634482932
2021-01-26,97.68271126584158
2021-01-27,98.29443802981793
2021-01-28,97.14446160867088
2021-01-29,97.62815667170554
2021-02-01,98.38884788259044
2021-02-02,98.3989621026353
2021-02-03,98.61624438569972
2021-02-04,99.4968341365965
2021-02-05,100.48033829088003
2021-02-08,102.3073326583291
2021-02-09,102.85740757513568
2021-02-10,102.22633168820698
2021-02-11,101.94457052335714
2021-02-12,101.72994452857662
2021-02-16,101.17743299637823
2021-02-17,100.36141075853155
2021-02-18,99.22945469263843
2021-02-19,101.47788120583641
2021-02-22,101.601474014945
2021-02-23,100.58471273970726
2021-02-24,101.83923430340276
2021-02-25,100.49675006956863
2021-02-26,100.878645617938
2021-03-01,101.99217457456666
2021-03-02,100.81630577895426
2021-03-03,101.06369560262176
2021-03-04,99.46989583733303
2021-03-05,99.74387375909231
2021-03-08,100.71721267829167
2021-03-09,101.38768596865435
2021-03-10,102.51097230555442
2021-03-11,103.71511251560963
2021-03-12,104.18673606641048
2021-03-15,103.93707478672682
2021-03-16,102.32810133995658
2021-03-17,102.78117300167173
2021-03-18,101.12450081362022
2021-03-19,102.0765894727543
2021-03-22,100.50493364893826
2021-03-23,97.62762937473806
2021-03-24,95.85706049775207
2021-03-25,97.58085728334142
2021-03-26,97.78407532344875
2021-03-29,95.07955674934098
2021-03-30,96.93767146197688
2021-03-31,97.84386137978713
2021-04-01,98.02526800676875
2021-04-05,97.1694754584269
2021-04-06,96.941694472752
2021-04-07,95.26694093894305
2021-04-08,95.62028507276874
2021-04-09,94.94294621018284
2021-04-12,94.53736414803683
2021-04-13,94.0114616875016
2021-04-14,95.2635701650329
2021-04-15,94.66045400290781
2021-04-16,94.49654042305784
2021-04-19,93.72876385337857
2021-04-20,92.48680229630304
2021-04-21,93.85985373322337
2021-04-22,94.3333176307761
2021-04-23,95.08195265049669
2021-04-26,95.8715226424037
2021-04-27,96.03513380323537
2021-04-28,96.22672502947705
2021-04-29,95.26223126562745
2021-04-30,94.58843060896032
2021-05-03,94.84654140275538
2021-05-04,94.29508443274362
2021-05-05,93.889856042188
2021-05-06,93.22564873720461
2021-05-07,93.71627398616566
2021-05-10,92.24722374294556
2021-05-11,92.78128951423777
2021-05-12,91.7171011150074
2021-05-13,92.29682123786914
2021-05-14,93.12137155840215
2021-05-17,93.48565024179307
2021-05-18,93.58230461358858
2021-05-19,93.10635624997926
2021-05-20,92.7282145749594
2021-05-21,93.04530846178494
2021-05-24,92.7051049469502
2021-05-25,92.01316958256156
2021-05-26,93.54394152577844
2021-05-27,94.45762079284464
2021-05-28,94.22629114831147
2021-06-01,95.38001698674161
2021-06-02,95.34299662699037
2021-06-03,94.89764068150404
2021-06-04,94.44459606272058
2021-06-07,95.80429742530968
2021-06-08,96.79805689780494
2021-06-09,96.29748173715348
2021-06-10,95.14108603674728
2021-06-11,95.98666328596107
2021-06-14,95.49115512705654
2021-06-15,95.39333280046918
2021-06-16,95.72487523771923
2021-06-17,94.68190004590038
2021-06-18,93.79777056082251
2021-06-21,94.45135799548383
2021-06-22,94.37559081845139
2021-06-23,94.80043807390992
2021-06-24,95.57417818160435
2021-06-25,95.39606527572388
2021-06-28,94.44998787540685
2021-06-29,93.94857535997541
2021-06-30,93.88185060370547
2021-07-01,94.18715046845776
2021-07-02,92.58397348635269
2021-07-06,91.40527866766217
2021-07-07,90.23648979172134
2021-07-08,90.14022603759977
2021-07-09,91.07089678317345
2021-07-12,90.82200822660569
2021-07-13,89.41516370741166
2021-07-14,87.90436079675868
2021-07-15,87.7059018854297
2021-07-16,87.3106716126807
2021-07-19,87.29187882127005
2021-07-20,88.72903138443232
2021-07-21,89.532384325172
2021-07-22,87.92502068281833
2021-07-23,87.43587875171704
2021-07-26,87.47601496839538
2021-07-27,86.85083370444279
2021-07-28,88.16411142466775
2021-07-29,88.47590289234839
2021-07-30,88.32034446468187
2021-08-02,88.06559559988449
2021-08-03,87.71633137150128
2021-08-04,87.0523467424613
2021-08-05,88.05923223576112
2021-08-06,88.45247515140314
2021-08-09,88.03706832322243
2021-08-10,88.10181699301516
2021-08-11,88.31377978456898
2021-08-12,87.84126702916339
2021-08-13,86.88410967960493
2021-08-16,85.87254023090914
2021-08-17,85.38563873746499
2021-08-18,85.57652627371635
2021-08-19,84.42053535609178
2021-08-20,85.16884179433579
2021-08-23,86.03228046600788
2021-08-24,86.740741114255
2021-08-25,86.86353011923062
2021-08-26,86.45278405068025
2021-08-27,88.10317976329976
2021-08-30,87.35711911401334
2021-08-31,87.65746664656685
2021-09-01,88.20034146670966
2021-09-02,88.54065821965365
2021-09-03,88.15224914974547
2021-09-07,87.85927225782069
2021-09-08,87.00669939880396
2021-09-09,87.33775094939664
2021-09-10,87.17043963250569
2021-09-13,87.44228219882359
2021-09-14,86.79648375167184
2021-09-15,86.85597066167716
2021-09-16,87.05655133470832
2021-09-17,88.0276871976823
2021-09-20,87.39181362045171
2021-09-21,87.60731443345074
2021-09-22,88.10914330631662
2021-09-23,88.59228894498166
2021-09-24,88.02003533033647
2021-09-27,89.61419499163486
2021-09-28,89.3771748236101
2021-09-29,89.03749611239441
2021-09-30,89.29421088711312
2021-10-01,89.66953381291648
2021-10-04,90.0154621757274
2021-10-05,89.39591778856712
2021-10-06,88.56269521056471
2021-10-07,89.15735902199555
2021-10-08,88.64812780752054
2021-10-11,88.7827624199297
2021-10-12,89.4906826418102
2021-10-13,89.5925671360346
2021-10-14,89.41688706681472
2021-10-15,88.46210623354675
2021-10-18,88.1500664850359
2021-10-19,87.80172019913013
2021-10-20,88.03900592615757
2021-10-21,88.03398887063906
2021-10-22,87.91654792089878
2021-10-25,88.27816641627017
2021-10-26,87.53412763876494
2021-10-27,86.30673417324171
2021-10-28,87.18658761306601
2021-10-29,86.98716646400156
2021-11-01,89.08823113986674
2021-11-02,88.91531591392067
2021-11-03,89.95515872873403
2021-11-04,89.49947115076591
2021-11-05,90.40887737749723
2021-11-08,90.61194745688611
2021-11-09,90.38395554180796
2021-11-10,89.68116684746411
2021-11-11,90.37362405260227
2021-11-12,89.7866835166929
2021-11-15,89.39989687976362
2021-11-16,89.21172581015286
2021-11-17,88.25776239817122
2021-11-18,87.58606012630861
2021-11-19,86.94347322710634
2021-11-22,86.81801657356827
2021-11-23,86.553386784165
2021-11-24,86.41621347886658
2021-11-26,85.05552550834376
2021-11-29,83.97204162255895
2021-11-30,83.89258850724734
2021-12-01,82.92565905445652
2021-12-02,83.9534211357963
2021-12-03,82.95181774369664
2021-12-06,83.62652919628044
2021-12-07,83.83214344730355
2021-12-08,84.18156540971943
2021-12-09,82.83430671747325
2021-12-10,81.83481806969847
2021-12-13,81.35961629161132
2021-12-14,81.21793022548871
2021-12-15,81.23787618598246
2021-12-16,80.30319328922111
2021-12-17,81.91331484520961
2021-12-20,81.63150160890045
2021-12-21,82.4984985537694
2021-12-22,82.46798244884894
2021-12-23,82.61285928192011
2021-12-27,82.2231075692889
2021-12-28,81.78735606605059
2021-12-29,81.77086753870398
2021-12-30,81.97548821468574
2021-12-31,82.0056521198482
2022-01-03,82.58550472420735
2022-01-04,82.48850156907503
2022-01-05,81.2549192819872
2022-01-06,81.79531408163534
2022-01-07,81.16955180451657
2022-01-10,80.98857047536194
2022-01-11,81.11116245730958
2022-01-12,80.29024311513439
2022-01-13,80.66567177897453
2022-01-14,80.74571295929962
2022-01-18,79.71596938454356
2022-01-19,79.24235239829805
2022-01-20,78.67910964203942
2022-01-21,78.75139151521614
2022-01-24,80.22567197594196
2022-01-25,80.1331863317639
2022-01-26,79.17517742377947
2022-01-27,77.76129760123922
2022-01-28,77.35461234842894
2022-01-31,78.31718602365682
2022-02-01,78.6110606649388
2022-02-02,77.08142756283497
2022-02-03,77.4431092935406
2022-02-04,77.41234442417576
2022-02-07,78.04523101781751
2022-02-08,78.72850520502833
2022-02-09,79.06616097423749
2022-02-10,79.27731968675937
2022-02-11,80.05312428345448
2022-02-14,80.03651546962787
2022-02-15,80.87789308312941
2022-02-16,80.95594089456998
2022-02-17,80.60375527085559
2022-02-18,80.43149762407305
2022-02-22,80.15865469685816
2022-02-23,80.07918463317355
2022-02-24,80.96051342277188
2022-02-25,80.99669349689044
2022-02-28,81.53328869221808
2022-03-01,81.23463949508545
2022-03-02,81.66653108653833
2022-03-03,81.10266204272327
2022-03-04,80.48670938674496
2022-03-07,80.86920952349341
2022-03-08,81.93713894390004
2022-03-09,82.04674179419769
2022-03-10,82.27075844598508
2022-03-11,82.0006470499548
2022-03-14,80.91640510017363
2022-03-15,80.43663427373748
2022-03-16,81.16764005444888
2022-03-17,81.42311796659419
2022-03-18,81.3891442446399
2022-03-21,80.6941439818667
2022-03-22,80.56060905099108
2022-03-23,80.19573916770736
2022-03-24,79.91326115051376
2022-03-25,79.63304517900349
2022-03-28,79.09747914363503
2022-03-29,80.22260799318684
2022-03-30,79.10059825947809
2022-03-31,79.48903585830537
2022-04-01,80.15252572522895
2022-04-04,79.60190416004585
2022-04-05,78.71241838678559
2022-04-06,78.3794306398171
2022-04-07,77.73312469626023
2022-04-08,77.32022521427274
2022-04-11,78.13603561931123
2022-04-12,78.67403200133964
2022-04-13,79.26256295157079
2022-04-14,79.48294975961687
2022-04-18,78.91521411400228
2022-04-19,79.20987276888394
2022-04-20,79.57149208416301
2022-04-21,78.97085029081487
2022-04-22,79.09708300607554
2022-04-25,79.1186587497904
2022-04-26,78.91020759953491
2022-04-27,78.36204531728637
2022-04-28,77.85817017798622
2022-04-29,78.5111286157201
2022-05-02,78.85997553330782
2022-05-03,79.17217326546199
2022-05-04,78.88273679455408
2022-05-05,78.47202718913758
2022-05-06,77.62943012377134
2022-05-09,76.82371682637573
2022-05-10,76.66854711681407
2022-05-11,75.96911094012806
2022-05-12,76.94001736064138
2022-05-13,77.52495558015303
2022-05-16,77.46921078077541
2022-05-17,78.22929308538527
2022-05-18,78.65887974732921
2022-05-19,79.27381268217827
2022-05-20,79.0372431307504
2022-05-23,78.52413241252201
2022-05-24,77.9560059174106
2022-05-25,78.66407436903451
2022-05-26,78.84476302015288
2022-05-27,79.02770268124914
2022-05-31,78.4867930254593
2022-06-01,78.67845666017304
2022-06-02,79.09372152285299
2022-06-03,79.6892134347516
2022-06-06,79.79132120332049
2022-06-07,80.30791407878985
2022-06-08,79.93596476119846
2022-06-09,80.18595052971186
2022-06-10,80.34013323304359
2022-06-13,79.58759749726235
2022-06-14,79.44355597391719
2022-06-15,79.47373311315833
2022-06-16,78.38706430377201
2022-06-17,78.82930305988683
2022-06-21,78.27153076041164
2022-06-22,78.26446362226469
2022-06-23,78.43300262151415
2022-06-24,78.37053601332728
2022-06-27,78.96310036005654
2022-06-28,79.09651769109068
2022-06-29,78.35762368386222
2022-06-30,78.3838976784383
2022-07-01,78.50238729469564
2022-07-05,79.00352110473811
2022-07-06,78.1544440360054
2022-07-07,78.82353631050269
2022-07-08,78.87942231249035
2022-07-11,78.18686202567817
2022-07-12,78.61440638710766
2022-07-13,78.96032739326361
2022-07-14,78.33938859628307
2022-07-15,78.4711172508795
2022-07-18,78.90044182499419
2022-07-19,79.53535970752594
2022-07-20,80.27008286227051
2022-07-21,79.86810895926267
2022-07-22,79.33003503454272
2022-07-25,79.64428882187252
2022-07-26,80.10202465953562
2022-07-27,79.85102158603745
2022-07-28,79.94545292872903
2022-07-29,79.35609584966038
2022-08-01,79.5620378818109
2022-08-02,80.01339970646237
2022-08-03,79.93826631147977
2022-08-04,79.82367637805744
2022-08-05,80.5711456794851
2022-08-08,81.51879199065635
2022-08-09,80.72745758593392
2022-08-10,81.32412809074785
2022-08-11,81.62762061741921
2022-08-12,81.90803807417471
2022-08-15,81.8609739133809
2022-08-16,81.66842196577022
2022-08-17,80.8690277029511
2022-08-18,81.16924618467888
2022-08-19,80.50874311352584
2022-08-22,80.52695293956461
2022-08-23,80.85348935406338
2022-08-24,81.21172178828846
2022-08-25,81.32561879507152
2022-08-26,81.4092310404478
2022-08-29,81.19657301728066
2022-08-30,80.94905624115741
2022-08-31,81.07485995827749
2022-09-01,79.94036164331516
2022-09-02,80.16462442098361
2022-09-06,79.67293336303129
2022-09-07,79.96994247394896
2022-09-08,80.11347032200595
2022-09-09,80.47246524093143
2022-09-12,80.58120030755784
2022-09-13,80.9486575603834
2022-09-14,80.95511591548039
2022-09-15,81.28951652446365
2022-09-16,80.72379049847636
2022-09-19,80.7873137830464
2022-09-20,80.61170217798225
2022-09-21,80.78959516723823
2022-09-22,79.63855192135458
2022-09-23,79.06746758168957
2022-09-26,78.7640791820214
2022-09-27,79.23502675397724
2022-09-28,80.16370072640817
2022-09-29,80.03835886674166
2022-09-30,80.70337311866871
2022-10-03,80.71096097722788
2022-10-04,81.38810377165873
2022-10-05,80.97545493717332
2022-10-06,81.36052751158327
2022-10-07,81.23318134089855
2022-10-10,81.40184434999244
2022-10-11,81.94506721487608
2022-10-12,81.99077912325426
2022-10-13,81.85983255272731
2022-10-14,81.5255292062977
2022-10-17,82.01796499027635
2022-10-18,82.02625243811977
2022-10-19,81.2076844969419
2022-10-20,80.85163182798186
2022-10-21,80.64726773972633
2022-10-24,80.01372318154327
2022-10-25,80.9039150923113
2022-10-26,81.92072481485324
2022-10-27,82.37891015489916
2022-10-28,82.2932512896533
2022-10-31,82.96895523320407
2022-11-01,83.44723420660407
2022-11-02,82.75586900158737
2022-11-03,83.05623504566636
2022-11-04,82.98306229774187
2022-11-07,82.56944624108388
2022-11-08,82.15835277682991
2022-11-09,81.58339029842209
2022-11-10,82.09416613158744
2022-11-11,81.97389176986314
2022-11-14,81.7526671572835
2022-11-15,82.26311017669381
2022-11-16,81.4369351653166
2022-11-17,80.92875693357735
2022-11-18,81.08375559190033
2022-11-21,80.95441876506773
2022-11-22,80.73177101586533
2022-11-23,80.43470733167649
2022-11-25,80.62215126593009
2022-11-28,80.27834666471269
2022-11-29,80.6508593500873
2022-11-30,80.33155052271546
2022-12-01,80.21479847899813
2022-12-02,80.77562210927294
2022-12-05,79.98957352283637
2022-12-06,79.9168006734563
2022-12-07,79.81736201553771
2022-12-08,79.77038717830577
2022-12-09,79.38412872217529
2022-12-12,79.17593940665488
2022-12-13,79.2319830931555
2022-12-14,79.21863454784746
2022-12-15,79.1725464628571
2022-12-16,79.52100285855965
2022-12-19,79.11560589605254
2022-12-20,79.42548966941807
2022-12-21,79.6040026680213
2022-12-22,79.7001182876836
2022-12-23,79.60491970032321
2022-12-27,79.3838824673933
2022-12-28,79.13456538035813
2022-12-29,79.70457148572754
2022-12-30,79.69108801137088
2023-01-03,79.58740414509981
2023-01-04,79.96148656967303
2023-01-05,80.01850109035601
2023-01-06,79.98119433321368
2023-01-09,80.16175172503156
2023-01-10,80.78042525217788
2023-01-11,80.76581909514178
2023-01-12,81.82462148471913
2023-01-13,82.04354197450408
2023-01-17,82.09303194429393
2023-01-18,82.06155653164394
2023-01-19,81.87180394982295
2023-01-20,81.69904593084718
2023-01-23,81.72950816209124
2023-01-24,81.64259378324901
2023-01-25,81.8390512098629
2023-01-26,81.42873783703047
2023-01-27,81.68153319691228
2023-01-30,81.56749330685838
2023-01-31,82.33780530370335
2023-02-01,82.75264314014275
2023-02-02,83.17151129739312
2023-02-03,83.50127934087355
2023-02-06,82.79921812615657
2023-02-07,82.33649702755248
2023-02-08,82.02945847686763
2023-02-09,81.54888678051292
2023-02-10,81.52179553914208
2023-02-13,81.54550711900804
2023-02-14,81.54491566485751
2023-02-15,82.10429011161372
2023-02-16,82.4542714789186
2023-02-17,82.8882537834505
2023-02-21,82.08866230143629
2023-02-22,82.42564015557821
2023-02-23,82.57407735500159
2023-02-24,82.68516551859962
2023-02-27,82.69454829005532
2023-02-28,83.00574349951124
2023-03-01,83.43165802462184
2023-03-02,82.98549986460736
2023-03-03,82.81293911267808
2023-03-06,81.54559992338723
2023-03-07,81.85392775918322
2023-03-08,81.75997111644946
2023-03-09,80.98003464261903
2023-03-10,79.79680419652406
2023-03-13,78.60894710691062
2023-03-14,78.76297785796112
2023-03-15,77.95205354000872
2023-03-16,77.65375727625536
2023-03-17,76.45167259240318
2023-03-20,76.70529757808772
2023-03-21,77.10798568304016
2023-03-22,76.22041340796252
2023-03-23,75.67750837565072
2023-03-24,75.86423875070015
2023-03-27,76.56454029987135
2023-03-28,76.62634454628068
2023-03-29,76.38640051060766
2023-03-30,75.83784241803497
2023-03-31,76.15840312560913
2023-04-03,75.90330510243562
2023-04-04,74.98824487843133
2023-04-05,74.44760681999799
2023-04-06,74.26936066430301
2023-04-10,74.98682491938521
2023-04-11,75.55961038188758
2023-04-12,75.31206105681943
2023-04-13,75.30966173664198
2023-04-14,74.79072308978547
2023-04-17,75.48168202594252
2023-04-18,75.1118356844186
2023-04-19,75.2215930392268
2023-04-20,75.2439582249814
2023-04-21,75.28305082494245
2023-04-24,75.15380112009379
2023-04-25,74.48096930423992
2023-04-26,74.07599543766624
2023-04-27,73.60050746202636
2023-04-28,73.61631617768502
2023-05-01,73.73276526061524
2023-05-02,73.03947793237027
2023-05-03,73.81414780460955
2023-05-04,73.50811845252869
2023-05-05,73.88739625970541
2023-05-08,73.69833870783214
2023-05-09,73.80179028016204
2023-05-10,73.83108351154478
2023-05-11,73.3918396945546
2023-05-12,73.339508709046
2023-05-15,73.98020724435767
2023-05-16,73.3916187089624
2023-05-17,74.12763395167012
2023-05-18,73.86642374673809
2023-05-19,73.52314997094216
2023-05-22,74.39054362086775
2023-05-23,74.88037740074108
2023-05-24,74.62758866647185
2023-05-25,73.4094341355437
2023-05-26,73.29474766467742
2023-05-30,72.99649009085121
2023-05-31,72.67994682609846
2023-06-01,72.77481228421193
2023-06-02,74.33898825924862
2023-06-05,73.48327976139339
2023-06-06,75.25492918595634
2023-06-07,76.9289618242138
2023-06-08,76.18058323818275
2023-06-09,75.42857481963719
2023-06-12,75.06150994603416
2023-06-13,75.42476026106984
2023-06-14,74.52528790400237
2023-06-15,74.21848401477696
2023-06-16,73.87618511705134
2023-06-20,73.93794097863216
2023-06-21,74.14614348339107
2023-06-22,73.33145211982871
2023-06-23,72.77765864098961
2023-06-26,73.14907260668235
2023-06-27,73.4006006217823
2023-06-28,73.72372526795581
2023-06-29,74.27917658864477
2023-06-30,73.7634198440816
2023-07-03,73.82816213974456
2023-07-05,73.20128884139632
2023-07-06,72.58763405741216
2023-07-07,73.53977965621641
2023-07-10,74.60902525449991
2023-07-11,74.89852510570041
2023-07-12,75.11102690182396
2023-07-13,75.12157652450105
2023-07-14,74.43388164363704
2023-07-17,74.97027026665471
2023-07-18,75.33606076699834
2023-07-19,75.48729255999467
2023-07-20,75.32729013975431
2023-07-21,75.0878812008047
2023-07-24,74.93845051516838
2023-07-25,74.72676978822146
2023-07-26,75.30559428776937
2023-07-27,74.82807822071042
2023-07-28,75.06172653821119
2023-07-31,75.78869809545417
2023-08-01,75.6581216650972
2023-08-02,75.68199300861872
2023-08-03,75.68554087816342
2023-08-04,75.87700902789518
2023-08-07,75.27081182786107
2023-08-08,75.1248836274153
2023-08-09,75.03902871246943
2023-08-10,74.67925918757514
2023-08-11,74.82860871249981
2023-08-14,74.28923916886738
2023-08-15,74.17134992770124
2023-08-16,73.80620731440362
2023-08-17,73.49648841612907
2023-08-18,73.86114273167657
2023-08-21,73.27638647392607
2023-08-22,73.2562299030007
2023-08-23,73.22176334731823
2023-08-24,73.22371027695331
2023-08-25,73.02065972874745
2023-08-28,73.20725063003088
2023-08-29,73.1709659726388
2023-08-30,73.14568517973068
2023-08-31,73.12493966990976
2023-09-01,73.8556461543862
2023-09-05,72.61379977345055
2023-09-06,72.83133863625935
2023-09-07,72.34914439771967
2023-09-08,72.07966082419723
2023-09-11,71.7800169324725
2023-09-12,72.1054772519192
2023-09-13,71.54834437776427
2023-09-14,71.93696849231732
2023-09-15,72.05295048449676
2023-09-18,71.53224683048094
2023-09-19,71.4018710540653
2023-09-20,71.34245987248678
2023-09-21,71.41617692985027
2023-09-22,71.41542694397268
2023-09-25,71.43437841732016
2023-09-26,71.56733669311944
2023-09-27,72.20756168902837
2023-09-28,72.43998013463082
2023-09-29,72.27270096365183
2023-10-02,71.20921097883529
2023-10-03,70.96047209122132
2023-10-04,70.48040273845386
2023-10-05,70.56051476767622
2023-10-06,70.40406927284394
2023-10-09,70.36056659162537
2023-10-10,70.7887295035226
2023-10-11,70.37975133956866
2023-10-12,69.2111733862241
2023-10-13,68.9783296479557
2023-10-16,69.36257570236397
2023-10-17,70.1395265966387
2023-10-18,69.6240034038015
2023-10-19,69.12205019736083
2023-10-20,69.0772477890525
2023-10-23,68.61096473199298
2023-10-24,68.69174618793286
2023-10-25,68.54070226812527
2023-10-26,69.54935754489834
2023-10-27,69.04454346230516
2023-10-30,68.60735668255809
2023-10-31,68.76855246782239
2023-11-01,68.43168003077305
2023-11-02,68.93448729848821
2023-11-03,70.1691472407413
2023-11-06,69.13343341874378
2023-11-07,68.6931923967247
2023-11-08,67.91131961924984
2023-11-09,67.38540554622374
2023-11-10,67.09192351809439
2023-11-13,67.17976014128124
2023-11-14,69.52021580661265
2023-11-15,69.49384811880451
2023-11-16,68.2868748968188
2023-11-17,69.13658784318754
2023-11-20,69.0086982694357
2023-11-21,68.26854243310933
2023-11-22,68.43240857874228
2023-11-24,68.85107375332453
2023-11-27,68.74449620712046
2023-11-28,68.41138366601133
2023-11-29,68.82097659259514
2023-11-30,68.81150614610685
2023-12-01,70.4057963117505
2023-12-04,71.53520385816458
2023-12-05,70.59220526129077
2023-12-06,70.75097310566481
2023-12-07,70.72258954868798
2023-12-08,70.95542688815148
2023-12-11,70.82808188942535
2023-12-12,70.43447568164947
2023-12-13,71.82817745087688
2023-12-14,73.59085911254965
2023-12-15,73.0927196990755
2023-12-18,72.7097013969872
2023-12-19,73.67082292296328
2023-12-20,73.24473109268239
2023-12-21,73.7914087881822
2023-12-22,74.32960758697872
2023-12-26,74.97956837136847
2023-12-27,75.1082717196584
2023-12-28,74.79398634978189
2023-12-29,73.7869404869552
2024-01-02,73.76225849128309
2024-01-03,72.38662291385981
2024-01-04,72.47843752551806
2024-01-05,72.16644051320826
2024-01-08,72.43197250579865
2024-01-09,71.89302830983596
2024-01-10,71.52907164734135
2024-01-11,70.99934741984505
2024-01-12,70.83289606925402
2024-01-16,70.21456668005868
2024-01-17,70.10387669365898
2024-01-18,69.89667298880688
2024-01-19,69.698883659459
2024-01-22,71.03735731853946
2024-01-23,70.62535897309247
2024-01-24,69.968650993209
2024-01-25,70.1666016052474
2024-01-26,70.25944585735971
2024-01-29,70.92740686629624
2024-01-30,70.37718665720485
2024-01-31,69.79677007234459
2024-02-01,69.80947597794669
2024-02-02,68.71815214100285
2024-02-05,68.09301640570045
2024-02-06,68.50786059928299
2024-02-07,67.78333903723238
2024-02-08,68.78082362181581
2024-02-09,69.49775660759252
2024-02-12,70.7909086313364
2024-02-13,68.82643239914967
2024-02-14,69.79077038469687
2024-02-15,71.16081750657183
2024-02-16,70.5444802531803
2024-02-20,69.95712104511148
2024-02-21,69.56345445447869
2024-02-22,68.66946522995973
2024-02-23,68.77696461845957
2024-02-26,69.46492180568708
2024-02-27,70.31849185934067
2024-02-28,69.83170642470392
2024-02-29,70.06647993550143
2024-03-01,70.15076093037011
2024-03-04,70.16125315849384
2024-03-05,70.19081591147021
2024-03-06,70.3579724976324
2024-03-07,70.24686054339811
2024-03-08,70.62664338377748
2024-03-11,70.12693196351643
2024-03-12,69.28588955452051
2024-03-13,69.66560569826619
2024-03-14,68.55485505103907
2024-03-15,69.15867309439068
2024-03-18,68.35608837756253
2024-03-19,68.26544121082773
2024-03-20,68.97855550479666
2024-03-21,69.54128133963522
2024-03-22,68.71173302920258
2024-03-25,69.05999910882367
2024-03-26,69.06326150733952
2024-03-27,69.97981093584508
2024-03-28,70.21356834568726
2024-04-01,69.67369981160464
2024-04-02,68.83036102388428
2024-04-03,69.20538607577008
2024-04-04,69.359369977713
2024-04-05,68.87132529167101
2024-04-08,69.20990502769887
2024-04-09,69.40233095116803
2024-04-10,68.2530002324387
2024-04-11,68.20027382651013
2024-04-12,67.92412776461497
2024-04-15,67.7784618691862
2024-04-16,67.65257944052256
2024-04-17,67.33663696661708
2024-04-18,67.41954365513104
2024-04-19,68.11899282922394
2024-04-22,68.25225562031184
2024-04-23,68.58120128430315
2024-04-24,68.3062426876978
2024-04-25,68.1504978889337
2024-04-26,68.15686764838694
2024-04-29,68.46417847177183
2024-04-30,68.15371910302466
2024-05-01,68.51883750161085
2024-05-02,69.13222732794334
2024-05-03,68.96210380466896
2024-05-06,69.13959062829296
2024-05-07,69.21873619241315
2024-05-08,68.81022263494427
2024-05-09,69.11433603532579
2024-05-10,68.50572255302909
2024-05-13,68.64067238852549
2024-05-14,69.03467912046669
2024-05-15,69.04075010289183
2024-05-16,68.68430553956097
2024-05-17,68.63518535303642
2024-05-20,68.70777402721981
2024-05-21,68.47393981827618
2024-05-22,68.09155226699225
2024-05-23,67.46696174657703
2024-05-24,67.76568428429303
2024-05-28,67.62605502799573
2024-05-29,67.09713810407636
2024-05-30,68.1868163968162
2024-05-31,68.14094477340007
2024-06-03,67.70161797892649
2024-06-04,66.75346141785134
2024-06-05,66.97870347677134
2024-06-06,66.49978602284492
2024-06-07,65.79912418320653
2024-06-10,65.8214186734323
2024-06-11,65.43885995131211
2024-06-12,65.90215997484007
2024-06-13,65.19506341812009
2024-06-14,64.11973201368556
2024-06-17,64.14800524196596
2024-06-18,64.09719417577573
2024-06-20,63.99963785405623
2024-06-21,64.22983108795769
2024-06-24,64.71912526698507
2024-06-25,64.25940720041304
2024-06-26,64.00969000597792
2024-06-27,64.55752656772778
2024-06-28,65.07878886553094
2024-07-01,64.40096929785503
2024-07-02,64.18985321547648
2024-07-03,63.88883756074545
2024-07-05,63.220397525499436
2024-07-08,63.5907903799828
2024-07-09,63.25262746943455
2024-07-10,63.24551651602576
2024-07-11,66.08868020055777
2024-07-12,66.44129014671819
2024-07-15,67.51810151464065
2024-07-16,69.41004368468464
2024-07-17,69.66052317608533
2024-07-18,68.84179397577468
2024-07-19,68.94905148095391
2024-07-22,69.33127146417631
2024-07-23,70.17779833510751
2024-07-24,70.2633924988905
2024-07-25,71.51327705870672
2024-07-26,71.89151192269794
2024-07-29,71.0513818985993
2024-07-30,71.683746268468
2024-07-31,70.94601934584051
2024-08-01,69.62478094594255
2024-08-02,68.43646401220833
2024-08-05,68.2220585340702
2024-08-06,68.33432846441778
2024-08-07,67.97964559969063
2024-08-08,68.05886241188036
2024-08-09,67.61923866883332
2024-08-12,66.97484908001556
2024-08-13,66.97652820704083
2024-08-14,66.35176525030982
2024-08-15,66.92540900601398
2024-08-16,66.95204035243265
2024-08-19,67.12899030147742
2024-08-20,66.45410560016232
2024-08-21,67.08901103570358
2024-08-22,67.02342482038082
2024-08-23,68.43665697100765
2024-08-26,68.62197907532767
2024-08-27,67.99630499417248
2024-08-28,67.93060793783773
2024-08-29,68.4091157422764
2024-08-30,68.15556264004007
2024-09-03,67.45963903344071
2024-09-04,67.48391951528357
2024-09-05,67.31178775559327
2024-09-06,67.16215568136958
2024-09-09,66.60380831550576
2024-09-10,66.26088045968174
2024-09-11,65.7800786147812
2024-09-12,66.07051678848731
2024-09-13,67.3486105567259
2024-09-16,67.49121360032889
2024-09-17,68.02168789209989
2024-09-18,68.23645786779737
2024-09-19,68.47348050602629
2024-09-20,67.85703105460654
2024-09-23,67.44041874911031
2024-09-24,67.36073488176453
2024-09-25,66.68617965564354
2024-09-26,66.77677867408389
2024-09-27,67.32602192662212
2024-09-30,67.22773533500262
2024-10-01,66.91412393954172
2024-10-02,66.7938152796591
2024-10-03,66.467148919633
2024-10-04,66.78897073345166
2024-10-07,66.86930477157686
2024-10-08,66.2885014740829
2024-10-09,65.97775369408699
2024-10-10,65.72667918113962
2024-10-11,66.66412961859454
2024-10-14,66.610475927543
2024-10-15,67.18628874811905
2024-10-16,67.9961064011632
2024-10-17,67.8043718815893
2024-10-18,67.40414481238501
2024-10-21,66.4528519408063
2024-10-22,66.23670537625202
2024-10-23,66.2372414973458
2024-10-24,66.23899426716484
2024-10-25,66.01157007659033
2024-10-28,66.88143117064304
2024-10-29,66.55726040929976
2024-10-30,66.66889916738671
2024-10-31,66.87185030098561
2024-11-01,66.9638871617716
2024-11-04,67.44859950108267
2024-11-05,67.89635516295456
2024-11-06,70.0869546938953
2024-11-07,69.30291369404623
2024-11-08,69.51194237567042
2024-11-11,70.48984487490728
2024-11-12,69.46908369617849
2024-11-13,68.74818589409621
2024-11-14,68.26017691305995
2024-11-15,68.11433606011036
2024-11-18,67.96999886660944
2024-11-19,68.22533384232663
2024-11-20,68.29094280227194
2024-11-21,68.95874652370262
2024-11-22,70.01537034955915
2024-11-25,70.83951419964013
2024-11-26,69.95406490100873
2024-11-27,70.26290075273839
2024-11-29,70.09574543448733
2024-12-02,69.93560253274335
2024-12-03,69.4058386718859
2024-12-04,69.2246680587226
2024-12-05,68.52992418912972
2024-12-06,68.64446332702305
2024-12-09,68.65325771321602
2024-12-10,68.56898336962355
2024-12-11,68.35055076526089
2024-12-12,67.81169833602043
2024-12-13,67.35986621874204
2024-12-16,67.46771537542251
2024-12-17,66.97125716453515
2024-12-18,65.97248651838564
2024-12-19,65.69989917181215
2024-12-20,65.52843157836557
2024-12-23,64.98867193967641
2024-12-24,64.84903941723749
2024-12-26,65.509450831067
2024-12-27,65.24120864839146
2024-12-30,65.4868609747556
2024-12-31,65.80937297352352
2025-01-02,66.02521079233465
2025-01-03,66.18001015879925
2025-01-06,65.82735721190402
2025-01-07,66.04619968914052
2025-01-08,65.65076726352736
2025-01-10,65.20120967097427
2025-01-13,65.22637139759134
2025-01-14,65.87731191366694
2025-01-15,65.97250745194924
2025-01-16,66.23238769956866
2025-01-17,65.85737935760785
2025-01-21,66.51335220686832
2025-01-22,65.70978277679043
2025-01-23,65.65079968814611
2025-01-24,65.65926994048506
2025-01-27,65.96358162287018
2025-01-28,65.4738121682196
2025-01-29,65.61783247764929
2025-01-30,65.93107507773203
2025-01-31,65.68923729346268
2025-02-03,65.36047507049602
2025-02-04,65.8241259767913
2025-02-05,66.2718936125879
2025-02-06,65.82642249765834
2025-02-07,65.66457962187522
2025-02-10,65.51602406686673
2025-02-11,65.08556085434151
2025-02-12,64.6941620872717
2025-02-13,64.73971927751452
2025-02-14,64.69423754393644
2025-02-18,64.85883016932142
2025-02-19,64.48432713407196
2025-02-20,64.13314168900916
2025-02-21,63.369608726374096
2025-02-24,63.20040471841347
2025-02-25,63.27541782177208
2025-02-26,63.32274381660541
2025-02-27,63.36830890942784
2025-02-28,63.0585265304012
2025-03-03,62.427812196496056
2025-03-04,62.461492148253264
2025-03-05,62.411018949921036
2025-03-06,62.56663441360152
2025-03-07,62.42099581960676
2025-03-10,62.51615189523368
2025-03-11,63.033922119712415
2025-03-12,62.810506571347936
2025-03-13,62.70944144867353
2025-03-14,62.925963573599574
2025-03-17,63.23233051356071
2025-03-18,63.36816707953923
2025-03-19,63.66026270898081
2025-03-20,63.4396085467605
2025-03-21,63.02591781647819
2025-03-24,63.45747404456085
2025-03-25,62.953710255999006
2025-03-26,63.06708743886339
2025-03-27,62.93358838801755
2025-03-28,62.92118607717458
2025-03-31,62.20230792719138
2025-04-01,62.0333147636851
2025-04-02,62.616493395659845
2025-04-03,61.63412718535366
2025-04-04,62.54636840454053
2025-04-07,62.09083370725729
2025-04-08,61.417100284643226
2025-04-09,60.304513966970305
2025-04-10,60.418106031258844
2025-04-11,60.22464133490235
2025-04-14,60.34803487256174
2025-04-15,60.59217074705501
2025-04-16,61.37568903298083
2025-04-17,61.78856336406584
2025-04-21,62.02573599759611
2025-04-22,62.01762816768894
2025-04-23,61.97692767403181
2025-04-24,61.91486464681617
2025-04-25,61.48971541204664
2025-04-28,61.72591624354297
2025-04-29,61.701372107990125
2025-04-30,61.290035385540385
2025-05-01,61.2366451158295
2025-05-02,61.69811039415096
2025-05-05,61.57727704702479
2025-05-06,61.41896599813844
2025-05-07,61.363792747748306
2025-05-08,62.099800997719555
2025-05-09,62.06467173731893
2025-05-12,62.191455302116005
2025-05-13,62.00932850011897
2025-05-14,61.38102244459495
2025-05-15,61.48146325397181
2025-05-16,61.599378966814236
2025-05-19,61.27403847606425
2025-05-20,61.513108303441975
2025-05-21,60.810819975021914
2025-05-22,60.78382837284643
2025-05-23,61.00881112908731
2025-05-27,61.28282784887775
2025-05-28,60.98950288620326
2025-05-29,60.93001159381133
2025-05-30,60.68751996895922
2025-06-02,60.53591641934833
2025-06-03,61.16412048619534
2025-06-04,61.007874329321965
2025-06-05,61.33060981558265
2025-06-06,61.68826264134351
2025-06-09,62.057385611572236
2025-06-10,62.040111107136966
2025-06-11,61.962333627338985
2025-06-12,61.47147333172719
2025-06-13,61.02999449635743
2025-06-16,61.167563113101245
2025-06-17,61.04493154395435
2025-06-18,61.3761634846931
2025-06-20,61.391538472650474
2025-06-23,61.53494545007371
2025-06-24,61.63856071843801
2025-06-25,60.88594162638651
2025-06-26,61.3937077099222
2025-06-27,61.11004233743795
2025-06-30,60.90675073174713
2025-07-01,61.553268405396935
2025-07-02,62.124311037577165
2025-07-03,62.21020286496598
2025-07-07,61.73603572130189
2025-07-08,62.19717290928132
2025-07-09,62.49708253053735
2025-07-10,62.64176519974703
2025-07-11,61.99588069909535
2025-07-14,62.29367508890456
2025-07-15,61.33608519473125
2025-07-16,61.74632270419481
2025-07-17,62.17599755934885
2025-07-18,61.77975120260511
2025-07-21,61.41321232184349
2025-07-22,61.91467286043698
2025-07-23,62.33002337551225
2025-07-24,61.44902667876296
2025-07-25,61.41772752683073
2025-07-28,61.36196254658407
2025-07-29,61.13168707809492
2025-07-30,60.89818050429431
2025-07-31,60.52879264842383
2025-08-01,60.2836099341217
2025-08-04,60.70999128498731
2025-08-05,61.33038582270588
2025-08-06,60.78425991444348
2025-08-07,60.63662131227755
2025-08-08,60.29884694289548
2025-08-11,60.40461325720621
2025-08-12,61.54288972344849
2025-08-13,62.5254660618898
2025-08-14,61.713882321736065
2025-08-15,61.557877291039944
2025-08-18,61.796276969178024
2025-08-19,61.65637424266465
2025-08-20,61.601994926594536
2025-08-21,62.00379885965497
2025-08-22,63.46034128667317
2025-08-25,63.070413392085335
2025-08-26,63.32642855665793
2025-08-27,63.63014228190066
2025-08-28,63.48084485531367
2025-08-29,63.57783277575352
2025-09-02,63.70657268105218
2025-09-03,63.30086775758854
2025-09-04,63.560678345545874
2025-09-05,64.06324707636244
2025-09-08,64.03525165715443
2025-09-09,63.512141361356896
2025-09-10,63.21677213782147
2025-09-11,63.854579576427724
2025-09-12,63.22339037782898
2025-09-15,63.15508946676189
2025-09-16,63.13802855508237
2025-09-17,63.378400792973245
2025-09-18,64.65485610381253
2025-09-19,63.84745861011595
2025-09-22,63.91557316074604
2025-09-23,64.12077439212408
2025-09-24,63.734521212595666
2025-09-25,63.417710294189746
2025-09-26,63.59666934638869
2025-09-29,63.49200682296552
2025-09-30,63.34275598785196
2025-10-01,63.26591941968815
2025-10-02,63.59185618891233
2025-10-03,64.06448740263045
2025-10-06,64.09003625271846
2025-10-07,63.637836315468554
2025-10-08,63.923900521279265
2025-10-09,63.69646510691042
2025-10-10,63.50560302965075
2025-10-13,64.28715181555368
2025-10-14,65.28487498416706
2025-10-15,65.63344397221378
2025-10-16,64.69227992195735
2025-10-17,63.89402792172212
2025-10-20,64.47035383877959
2025-10-21,64.1673589558661
2025-10-22,63.549488750113106
2025-10-23,63.97447198721925
2025-10-24,64.23098624732789
2025-10-27,63.70346763619029
2025-10-28,63.19458062649329
2025-10-29,62.62637038576743
2025-10-30,62.81229729415265
2025-10-31,62.959792265522985
2025-11-03,62.64023773775762
2025-11-04,62.296563547445885
2025-11-05,62.97711951965715
2025-11-06,62.533585324397265
2025-11-07,62.79958271929609
2025-11-10,62.45404180767884
2025-11-11,62.36501581673609
2025-11-12,62.17721201043024
2025-11-13,61.448763414019545
2025-11-14,61.637921547693395
2025-11-17,60.980959740562135
2025-11-18,61.68498468945932
2025-11-19,61.43706939639415
2025-11-20,61.233410546946644
2025-11-21,62.34692550358925
2025-11-24,62.563977283209496
2025-11-25,63.33222411791573
2025-11-26,63.45481161192919
2025-11-28,63.48035987854589
2025-12-01,62.96907500162462
2025-12-02,62.737511179315966
2025-12-03,63.65835742157784
2025-12-04,64.16991638860112
2025-12-05,63.78120342284862
2025-12-08,63.998905108315974
2025-12-09,64.18695603701859
2025-12-10,64.63154116432884
2025-12-11,65.23812179222989
2025-12-12,64.93675250333311
2025-12-15,64.5431098866238
2025-12-16,64.41373305646798
2025-12-17,64.43713821792147
2025-12-18,64.33445306865107
2025-12-19,64.28979704878881
2025-12-22,64.60255483912005
2025-12-23,63.9282269140127
2025-12-24,63.86334790131837
2025-12-26,63.54379125414988
2025-12-29,63.38043902470887
2025-12-30,62.98811733815112
2025-12-31,62.97983423082049
2026-01-02,63.5336991344368
2026-01-05,64.11543431476592
2026-01-06,64.58122264525372
2026-01-07,64.63826599342251
2026-01-08,65.35078794603723
2026-01-09,65.41413031402153
2026-01-12,65.63029577225952
2026-01-13,65.72407145209792
2026-01-14,66.51372272310154
2026-01-15,66.91780115957819
2026-01-16,67.03698011988341
2026-01-20,67.61117976729622
2026-01-21,68.16598223480864
2026-01-22,68.31824322465556
2026-01-23,67.03285071612866
2026-01-26,66.48512695318678
2026-01-27,66.40943206277205
2026-01-28,66.0573486919144
2026-01-29,66.20629445131034
2026-01-30,65.466407228909
2026-02-02,65.77730694718159
2026-02-03,66.49004273116071
2026-02-04,66.23905584725236
2026-02-05,65.86925049469727
2026-02-06,66.95098433464256
2026-02-09,67.0973445828775
2026-02-10,67.0932491260389
2026-02-11,66.80368131367071
2026-02-12,66.46645353302542
2026-02-13,67.29488204722315
2026-02-17,67.20692117736318
2026-02-18,67.11155378688849
2026-02-19,67.44449732111552
2026-02-20,66.96278675716214
2026-02-23,66.6002400221609
2026-02-24,66.84052654770733
2026-02-25,66.59585328898481
2026-02-26,67.32471193419521
2026-02-27,66.48472826849921
2026-03-02,67.05699734955815
2026-03-03,66.48134114053991
2026-03-04,66.65730331939503
2026-03-05,65.75065552613594
2026-03-06,65.10076094381873
2026-03-09,65.23765654724482
2026-03-10,65.27567583143946
2026-03-11,65.22615434436354
2026-03-12,64.80692001511946
2026-03-13,64.95980469223215
2026-03-16,64.91299509519067
2026-03-17,65.15228146562906
2026-03-18,65.00935611618235
2026-03-19,65.59644130401266
2026-03-20,65.09655551278271
2026-03-23,65.81109594078399
2026-03-24,66.3876737601823
2026-03-25,66.82650429789291
2026-03-26,66.8581664320175
2026-03-27,66.82499520694888
2026-03-30,66.08658925251186
2026-03-31,66.46853016828616
2026-04-01,66.38644803546222
2026-04-02,66.78651246064094
2026-04-06,66.75535257317846
2026-04-07,66.87141632083757
2026-04-08,67.15980575730455
2026-04-09,67.15655740964985
2026-04-10,67.03171514278706
2026-04-13,67.34076111034473
2026-04-14,67.44622025289362
2026-04-15,67.08502220509332
2026-04-16,67.05968344882355
2026-04-17,67.68986393036366
2026-04-20,68.2116258817451
2026-04-21,67.95807136017558
2026-04-22,67.75957931510636
2026-04-23,67.78736556880104
2026-04-24,67.5419806736104
2026-04-27,67.54525006473308
2026-04-28,67.08445547192039
2026-04-29,66.6465537728114
2026-04-30,67.41854196963554
2026-05-01,67.54921593130838
2026-05-04,67.45772592622296
2026-05-05,68.04793633072751
2026-05-06,68.1221781269807
2026-05-07,67.2500141895195
2026-05-08,67.15068413263164
2026-05-11,67.27156992720596
2026-05-12,66.7219399210719
2026-05-13,66.37419938695301
2026-05-14,66.26901797918399
2026-05-15,65.46059961083492
2026-05-18,65.1220456677758
2026-05-19,64.85317341162752
2026-05-20,65.81069870587073
2026-05-21,66.29531198045383
2026-05-22,66.65049036911644
2026-05-26,67.46261607633785
2026-05-27,67.44178627143414
2026-05-28,67.45521961158333
2026-05-29,66.91891372519615
2026-06-01,66.40399510605096
2026-06-02,66.92893382716072
2026-06-03,66.4798270938241
2026-06-04,67.22875597073829
2026-06-05,66.56150241766461
2026-06-08,66.99118701180153
2026-06-09,67.40361778222956
2026-06-10,67.76967797097168
2026-06-11,68.61219267004863
2026-06-12,68.83999404107922
2026-06-15,68.19915574525042
2026-06-16,68.01205433477074
2026-06-17,68.35336736413164
2026-06-18,68.98256548362153
2026-06-22,69.80667951108114
2026-06-23,70.15593184451451
2026-06-24,70.51407101857845
2026-06-25,70.9391447724116
2026-06-26,71.67579518079066
2026-06-29,70.31183377599145
2026-06-30,70.11393980511555
2026-07-01,69.94483909215438
2026-07-02,69.62973085982846
2026-07-06,69.33349313414713
2026-07-07,69.03291510457406
2026-07-08,68.61327409598827
2026-07-09,68.90899523292383
2026-07-10,68.3247179259363
2026-07-13,68.26799972365134
2026-07-14,68.26520811110302
2026-07-15,68.28659862091061
2026-07-16,68.61685087095185
2026-07-17,68.93934758171655
