Date,rs_small
2016-10-07,100.0
2016-10-10,100.67243747219219
2016-10-11,100.09809087063859
2016-10-12,99.88500986571736
2016-10-13,99.38317460482669
2016-10-14,98.9293888088545
2016-10-17,99.15865071389956
2016-10-18,99.10679099381082
2016-10-19,99.25984988720742
2016-10-20,99.15077224261361
2016-10-21,99.05534764573427
2016-10-24,99.26322356782937
2016-10-25,98.85304332261717
2016-10-26,98.0690333194332
2016-10-27,97.20612844937986
2016-10-28,97.22244182744187
2016-10-31,97.60493680170009
2016-11-01,97.1142911715996
2016-11-02,96.45861388356009
2016-11-03,96.43253101462378
2016-11-04,97.16009605849047
2016-11-07,97.38770831927643
2016-11-08,97.20454556384293
2016-11-09,99.14605084693
2016-11-10,100.48112176164507
2016-11-11,103.02681240550426
2016-11-14,104.39286042073348
2016-11-15,103.90540654955846
2016-11-16,104.09292501226608
2016-11-17,104.16812327454201
2016-11-18,104.95457575940175
2016-11-21,104.65304258661862
2016-11-22,105.40146861735826
2016-11-23,106.00253687443038
2016-11-25,105.95791834040322
2016-11-28,105.07606248226185
2016-11-29,104.81604576756925
2016-11-30,104.55176597758044
2016-12-01,104.42715824673043
2016-12-02,104.31907637662945
2016-12-05,105.47842273199659
2016-12-06,106.28249645129937
2016-12-07,105.93128004468201
2016-12-08,107.33656595836729
2016-12-09,106.90078399970142
2016-12-12,105.89393105816312
2016-12-13,105.19952878219128
2016-12-14,104.74974712865246
2016-12-15,105.09982358254204
2016-12-16,105.11242511274503
2016-12-19,105.57092385951323
2016-12-20,106.05697158939155
2016-12-21,105.65911543180239
2016-12-22,104.92930860883736
2016-12-23,105.33333515854537
2016-12-27,105.54375802289442
2016-12-28,105.33303269966578
2016-12-29,105.44997482560117
2016-12-30,105.43021456621354
2017-01-03,105.14964523460237
2017-01-04,106.27094253206882
2017-01-05,105.12811096173309
2017-01-06,104.36872358942068
2017-01-09,104.0275873820556
2017-01-10,105.02306652816966
2017-01-11,104.91181185400147
2017-01-12,104.36572879428539
2017-01-13,104.88099752033773
2017-01-17,103.82288655847339
2017-01-18,103.93303053876389
2017-01-19,103.46856802877453
2017-01-20,103.62160325938616
2017-01-23,103.45926801568184
2017-01-24,104.37421712993343
2017-01-25,104.45298414546038
2017-01-26,104.14312434626103
2017-01-27,103.94814338755548
2017-01-30,103.13751971147526
2017-01-31,103.86863083170385
2017-02-01,103.76615604053066
2017-02-02,103.43695102456365
2017-02-03,104.29857811502707
2017-02-06,103.69910982309692
2017-02-07,103.23658092863732
2017-02-08,102.91848016816836
2017-02-09,103.75146845285501
2017-02-10,104.12874070912102
2017-02-13,103.83533195805639
2017-02-14,103.76610933710528
2017-02-15,103.84472413033323
2017-02-16,103.64279991326202
2017-02-17,103.41275445278511
2017-02-21,103.60611185695316
2017-02-22,103.23958524730006
2017-02-23,102.55627157704141
2017-02-24,102.35242857993659
2017-02-27,103.18779565988339
2017-02-28,101.87071229764217
2017-03-01,102.30113062716524
2017-03-02,101.76861821926315
2017-03-03,101.6312401427395
2017-03-06,101.23638318147725
2017-03-07,100.87601281741311
2017-03-08,100.39868203634906
2017-03-09,99.8731521147046
2017-03-10,99.96553691877178
2017-03-13,100.15025613256824
2017-03-14,100.05546759021922
2017-03-15,100.73294440773557
2017-03-16,101.06341091384401
2017-03-17,101.64499374493093
2017-03-20,101.31560700681315
2017-03-21,99.73736035980079
2017-03-22,99.52549167179244
2017-03-23,100.21173504799779
2017-03-24,100.3570036861879
2017-03-27,100.64683845588016
2017-03-28,100.69834645255256
2017-03-29,100.93032097357278
2017-03-30,101.37063498678873
2017-03-31,101.77001673241439
2017-04-03,100.87208275878108
2017-04-04,100.68926143859645
2017-04-05,99.84482762042063
2017-04-06,100.49142935920948
2017-04-07,100.54944720174181
2017-04-10,100.71211203717216
2017-04-11,101.63382385417208
2017-04-12,100.69416608213896
2017-04-13,100.36178633026391
2017-04-17,100.64838833906336
2017-04-18,100.97205630532046
2017-04-19,101.50931345724115
2017-04-20,101.97265838354446
2017-04-21,102.06807196452374
2017-04-24,102.21590091875787
2017-04-25,102.61217771886618
2017-04-26,103.20382262000265
2017-04-27,103.08803539523133
2017-04-28,101.92783123392282
2017-05-01,102.256564101381
2017-05-02,101.69907103775682
2017-05-03,101.1934301294116
2017-05-04,100.93595623797489
2017-05-05,101.18802228620194
2017-05-08,100.78258731215664
2017-05-09,100.83147962790682
2017-05-10,101.2763534365249
2017-05-11,100.77652020482685
2017-05-12,100.41215831153202
2017-05-15,100.63764283181568
2017-05-16,100.76621793656808
2017-05-17,99.81889431709018
2017-05-18,99.77951766460015
2017-05-19,99.61070457889379
2017-05-22,99.77778949164517
2017-05-23,99.88458161202632
2017-05-24,99.71740428918434
2017-05-25,99.30804123556626
2017-05-26,99.29965538680663
2017-05-30,98.60563241225681
2017-05-31,98.52897485408049
2017-06-01,99.63751354521311
2017-06-02,99.95024551246523
2017-06-05,99.4016523672524
2017-06-06,99.62723256022132
2017-06-07,99.53629148025081
2017-06-08,100.84744373208288
2017-06-09,101.52403763814768
2017-06-12,101.38000399023134
2017-06-13,101.40047474466041
2017-06-14,100.92901973744159
2017-06-15,100.60813888277514
2017-06-16,100.33573863946424
2017-06-19,100.24547062672853
2017-06-20,99.9042377724342
2017-06-21,99.67875242223009
2017-06-22,100.10289412110154
2017-06-23,100.64778752453283
2017-06-26,100.70290814385474
2017-06-27,100.62853150665936
2017-06-28,101.26209858850619
2017-06-29,101.55555008286099
2017-06-30,101.20852396561217
2017-07-03,101.8832622204046
2017-07-05,101.28343940622788
2017-07-06,100.88334074471368
2017-07-07,101.20583702674682
2017-07-10,100.65831792114153
2017-07-11,101.02837368572165
2017-07-12,101.04678585978877
2017-07-13,100.96289137763277
2017-07-14,100.66467175569385
2017-07-17,100.91133908618288
2017-07-18,100.59526500525413
2017-07-19,101.04925525468033
2017-07-20,101.07484363712172
2017-07-21,100.70569335456894
2017-07-24,100.87151856662015
2017-07-25,101.54333769660518
2017-07-26,100.97528169465635
2017-07-27,100.42714617437693
2017-07-28,100.27674814202206
2017-07-31,100.01560236385313
2017-08-01,99.98355546450917
2017-08-02,98.84252001069996
2017-08-03,98.54026459016109
2017-08-04,98.84042686627068
2017-08-07,98.81882301504523
2017-08-08,98.75226093719141
2017-08-09,97.90268836352345
2017-08-10,97.50137777037028
2017-08-11,97.50048080405345
2017-08-14,98.00776470943526
2017-08-15,97.21316667809513
2017-08-16,97.07213577674993
2017-08-17,96.80869063127754
2017-08-18,96.95305178680518
2017-08-21,96.8125636236306
2017-08-22,96.8481857914741
2017-08-23,97.03978218037582
2017-08-24,97.56671759687421
2017-08-25,97.61745324434177
2017-08-28,98.02703765624831
2017-08-29,97.93630566770574
2017-08-30,98.09841244486893
2017-08-31,98.47015285439512
2017-09-01,98.88708092644279
2017-09-05,98.64551911053613
2017-09-06,98.51482448836192
2017-09-07,98.27947253431438
2017-09-08,98.47285143850789
2017-09-11,98.45543141420256
2017-09-12,98.7245466687594
2017-09-13,98.97001099197178
2017-09-14,98.91100526547083
2017-09-15,99.18198395497187
2017-09-18,99.64559974624127
2017-09-19,99.54597000096575
2017-09-20,99.8293671295147
2017-09-21,99.99316857322671
2017-09-22,100.39757742973153
2017-09-25,100.74267172793347
2017-09-26,101.00262178681183
2017-09-27,102.5797469681677
2017-09-28,102.72781950486076
2017-09-29,102.61039052541906
2017-10-02,103.42194498480222
2017-10-03,103.42812203219209
2017-10-04,102.97567597232933
2017-10-05,102.64920328173788
2017-10-06,102.62265612271023
2017-10-09,102.36762043310084
2017-10-10,102.39200848036172
2017-10-11,102.15641316590643
2017-10-12,102.23373112912797
2017-10-13,101.92515933173871
2017-10-16,101.70084167754368
2017-10-17,101.33641116086388
2017-10-18,101.72034194392847
2017-10-19,101.53603534654056
2017-10-20,101.48165172734463
2017-10-23,101.11708594028237
2017-10-24,101.14991719031332
2017-10-25,101.16246965502471
2017-10-26,101.24284847242761
2017-10-27,101.11709643667109
2017-10-30,100.42460816323657
2017-10-31,100.97874766602067
2017-11-01,100.17651350773585
2017-11-02,100.4348258829296
2017-11-03,100.03328984617607
2017-11-06,99.9929616809801
2017-11-07,98.865435902201
2017-11-08,98.83181010702539
2017-11-09,98.8412340275377
2017-11-10,98.7977504189369
2017-11-13,98.73290199974494
2017-11-14,98.69268842761926
2017-11-15,98.79572787373885
2017-11-16,99.40249803812262
2017-11-17,100.15421097375604
2017-11-20,100.71098469506947
2017-11-21,101.10025526640771
2017-11-22,101.05579157678007
2017-11-24,100.86298404071361
2017-11-27,100.60588078870634
2017-11-28,101.16400986154184
2017-11-29,101.5633356363001
2017-11-30,100.8656469012055
2017-12-01,100.66098381007103
2017-12-04,100.40751380933526
2017-12-05,99.76528140339944
2017-12-06,99.27708208017492
2017-12-07,99.65680229446167
2017-12-08,99.20799579024768
2017-12-11,98.87080940090021
2017-12-12,98.39013783681375
2017-12-13,98.9881155902587
2017-12-14,98.2941011070196
2017-12-15,98.87220008893671
2017-12-18,99.57858986335957
2017-12-19,99.17207893514725
2017-12-20,99.41855248489372
2017-12-21,99.64858475809048
2017-12-22,99.49283306851491
2017-12-26,99.6705139043861
2017-12-27,99.52459028711348
2017-12-28,99.70933264167347
2017-12-29,99.25988894014446
2018-01-02,99.48538400202983
2018-01-03,98.96282025988289
2018-01-04,98.80975507328964
2018-01-05,98.3589501814787
2018-01-08,98.3317024897246
2018-01-09,97.97669711503602
2018-01-10,98.13952184945526
2018-01-11,99.10239039999374
2018-01-12,98.87307976758886
2018-01-16,97.94511814012039
2018-01-17,97.93995850681424
2018-01-18,97.43271151750963
2018-01-19,98.26776576927548
2018-01-22,97.99759245788591
2018-01-23,98.10281818662926
2018-01-24,97.53348353692954
2018-01-25,97.52904628264864
2018-01-26,96.75832310170043
2018-01-29,96.8548628096788
2018-01-30,96.92129829278637
2018-01-31,96.36778177367621
2018-02-01,96.77966899307619
2018-02-02,97.02855118090488
2018-02-05,97.37321413087518
2018-02-06,96.6344688768124
2018-02-07,97.25890892330386
2018-02-08,98.08188304952101
2018-02-09,97.51402075558083
2018-02-12,97.01292970061232
2018-02-13,96.98123895598054
2018-02-14,97.41048016824229
2018-02-15,97.23311816882384
2018-02-16,97.54822044938783
2018-02-20,97.35619111978254
2018-02-21,97.94581814015369
2018-02-22,97.6648312873887
2018-02-23,97.38483110513687
2018-02-26,96.89839002837525
2018-02-27,96.71176824073106
2018-02-28,96.16014123436818
2018-03-01,97.31939645855519
2018-03-02,98.36994812856152
2018-03-05,98.11405502514484
2018-03-06,98.92286445983399
2018-03-07,99.83176333154849
2018-03-08,99.14816151927339
2018-03-09,99.0098049350456
2018-03-12,99.30889174736224
2018-03-13,99.49025531951446
2018-03-14,99.53009525763638
2018-03-15,99.13956464615447
2018-03-16,99.58755683897148
2018-03-19,99.98103528247589
2018-03-20,99.7857504275477
2018-03-21,100.56000015265872
2018-03-22,100.87649452186413
2018-03-23,100.85542338691818
2018-03-26,100.31551760820972
2018-03-27,100.07482558185343
2018-03-28,100.33806689598157
2018-03-29,100.0740239923968
2018-04-02,99.78915621192881
2018-04-03,99.93646322293563
2018-04-04,100.13552083509848
2018-04-05,100.17409256911665
2018-04-06,100.413911741121
2018-04-09,100.04107863281979
2018-04-10,100.33308207369105
2018-04-11,101.07882349545821
2018-04-12,100.9388396438756
2018-04-13,100.70593809454384
2018-04-16,100.8060425439642
2018-04-17,100.82387145928283
2018-04-18,101.0186977051692
2018-04-19,100.87911906043314
2018-04-20,101.19540465966746
2018-04-23,101.0608921840398
2018-04-24,101.85349827102279
2018-04-25,101.45105053198012
2018-04-26,100.89250580701629
2018-04-27,100.65477705148187
2018-04-30,100.5365157206136
2018-05-01,100.8490610029054
2018-05-02,101.91333702537688
2018-05-03,101.58368806877753
2018-05-04,101.53716378714597
2018-05-07,102.0525804670222
2018-05-08,102.55938454691263
2018-05-09,102.12461770038921
2018-05-10,101.72054122453748
2018-05-11,101.60809453793733
2018-05-14,101.17216665509336
2018-05-15,101.8929366483724
2018-05-16,102.52389739528726
2018-05-17,103.08247237615278
2018-05-18,103.4750638488829
2018-05-21,103.38174112950827
2018-05-22,102.91916473525421
2018-05-23,102.77006689559617
2018-05-24,103.01921358562784
2018-05-25,103.08046846411526
2018-05-29,104.13788452988406
2018-05-30,104.39529760843855
2018-05-31,104.20010483029517
2018-06-01,103.86537819009698
2018-06-04,103.92314066666539
2018-06-05,104.4906658097943
2018-06-06,104.3746175749526
2018-06-07,103.8168389841856
2018-06-08,103.8225745225812
2018-06-11,103.84037665717693
2018-06-12,104.17896545979153
2018-06-13,104.10067323278061
2018-06-14,104.39311765955308
2018-06-15,104.55757383000454
2018-06-18,105.26633497066595
2018-06-19,105.67761620872088
2018-06-20,106.34861609822292
2018-06-21,106.0183029670706
2018-06-22,105.47342210141169
2018-06-25,105.18322777866531
2018-06-26,105.56120418337929
2018-06-27,104.73774368785418
2018-06-28,104.46100163214984
2018-06-29,104.24080931737237
2018-07-02,104.73614517384293
2018-07-03,105.52630440781128
2018-07-05,105.86529634174498
2018-07-06,105.8645877324771
2018-07-09,105.58087345362817
2018-07-10,104.7238134951152
2018-07-11,104.60038243923945
2018-07-12,104.16314466525596
2018-07-13,103.77119364680114
2018-07-16,103.46082183166345
2018-07-17,103.50121647705848
2018-07-18,103.57369681346506
2018-07-19,104.70236342200027
2018-07-20,104.39465507492822
2018-07-23,104.33074048222046
2018-07-24,102.7007108225263
2018-07-25,102.20502250002583
2018-07-26,102.9971812901534
2018-07-27,101.76629882115058
2018-07-30,101.64446162541847
2018-07-31,102.17462151403008
2018-08-01,102.27772730190259
2018-08-02,102.46610079058081
2018-08-03,101.67450822254114
2018-08-06,101.86923822315217
2018-08-07,101.77669803657369
2018-08-08,101.72838550862848
2018-08-09,102.12892858604425
2018-08-10,102.53022369707622
2018-08-13,102.31342660274156
2018-08-14,102.6719178735851
2018-08-15,102.14673997658392
2018-08-16,102.26634556392766
2018-08-17,102.34529829545676
2018-08-20,102.41184949442494
2018-08-21,103.34639921984419
2018-08-22,103.6621209223812
2018-08-23,103.48463201504092
2018-08-24,103.4261011984783
2018-08-27,102.76541113037614
2018-08-28,102.811432853394
2018-08-29,102.55846805017961
2018-08-30,102.89171930672052
2018-08-31,103.28218922965509
2018-09-04,102.99993534007122
2018-09-05,103.00209731526984
2018-09-06,102.61550617211881
2018-09-07,102.76102131059241
2018-09-10,102.70901228794851
2018-09-11,102.53933758536549
2018-09-12,102.26871120106284
2018-09-13,101.69126278987986
2018-09-14,102.10275171446739
2018-09-17,101.55613197676578
2018-09-18,101.43099636812538
2018-09-19,100.95408002890342
2018-09-20,101.06926009613989
2018-09-21,100.6772012574539
2018-09-24,100.63936010855502
2018-09-25,100.88704628319209
2018-09-26,100.26496001895057
2018-09-27,99.99148375071927
2018-09-28,100.28464544138546
2018-10-01,98.62113339656737
2018-10-02,97.61075766384742
2018-10-03,98.41106465089334
2018-10-04,97.79378959723248
2018-10-05,97.45482159851169
2018-10-08,97.25049354586807
2018-10-09,97.01343935262504
2018-10-10,97.30789988267598
2018-10-11,97.59930971331042
2018-10-12,96.28115913412483
2018-10-15,97.1843495875013
2018-10-16,97.86229770000297
2018-10-17,97.4253871243007
2018-10-18,97.00056183216468
2018-10-19,96.02630686339309
2018-10-22,96.25173830073403
2018-10-23,95.87812352006247
2018-10-24,95.15126710421492
2018-10-25,95.49815548788767
2018-10-26,96.14514819016652
2018-10-29,96.14976996242966
2018-10-30,96.7224526655444
2018-10-31,95.89207432558227
2018-11-01,97.07049982170479
2018-11-02,97.97336195362392
2018-11-05,97.35986958002756
2018-11-06,97.22551235894834
2018-11-07,96.89269582349073
2018-11-08,96.80986358188517
2018-11-09,95.95267710863831
2018-11-12,95.84416366266623
2018-11-13,95.7186637510538
2018-11-14,95.67337666007711
2018-11-15,96.03464567378468
2018-11-16,96.01301692251315
2018-11-19,95.68520260970948
2018-11-20,95.60982296736775
2018-11-21,96.61655850193179
2018-11-23,97.17417935576627
2018-11-26,96.87184962400866
2018-11-27,95.7478639871168
2018-11-28,95.90480538029168
2018-11-29,95.85596657578992
2018-11-30,95.77098454904505
2018-12-03,95.42362260391529
2018-12-04,94.42037698647454
2018-12-06,94.35871065006043
2018-12-07,94.51641871056337
2018-12-10,94.06242065074957
2018-12-11,93.94275634646534
2018-12-12,94.36476585714163
2018-12-13,93.06056885751998
2018-12-14,93.37681924545979
2018-12-17,93.12422372860925
2018-12-18,93.11077592394942
2018-12-19,92.55775387613298
2018-12-20,92.53760005750945
2018-12-21,92.02169163138647
2018-12-24,92.68576922800041
2018-12-26,92.46842471297995
2018-12-27,92.14648647815629
2018-12-28,92.5301630842951
2018-12-31,92.44476604311659
2019-01-02,92.87287589707981
2019-01-03,93.44045438769044
2019-01-04,93.7892739822966
2019-01-07,94.68346348948955
2019-01-08,95.24019504836092
2019-01-09,95.57970847991758
2019-01-10,95.73694358196971
2019-01-11,95.72667074554924
2019-01-14,95.35566967531764
2019-01-15,95.07050331357654
2019-01-16,95.5484103813612
2019-01-17,95.68854983065816
2019-01-18,95.40296381545865
2019-01-22,95.18015691068247
2019-01-23,94.71933456427739
2019-01-24,95.23864640526493
2019-01-25,95.65356268268094
2019-01-28,95.86933151409428
2019-01-29,95.7673957107533
2019-01-30,95.30674191899732
2019-01-31,95.28237606398902
2019-02-01,95.31323228181012
2019-02-04,95.77671434283188
2019-02-05,95.47794728859446
2019-02-06,95.48377191289535
2019-02-07,95.61074988516131
2019-02-08,95.59618319274716
2019-02-11,96.3401419200324
2019-02-12,96.30674388329481
2019-02-13,96.26482676681476
2019-02-14,96.69901376204658
2019-02-15,97.18067995456907
2019-02-19,97.27980913828785
2019-02-20,97.54273699016524
2019-02-21,97.51764794654014
2019-02-22,97.75744646709185
2019-02-25,97.64927771119505
2019-02-26,97.0458635199171
2019-02-27,97.22348297660658
2019-02-28,97.07058390520685
2019-03-01,97.36659239924641
2019-03-04,96.83895841802371
2019-03-05,96.5194386663324
2019-03-06,95.20380749283899
2019-03-07,95.16613802940324
2019-03-08,95.33168091115199
2019-03-11,95.61125565850092
2019-03-12,95.30145139699464
2019-03-13,95.04886411126371
2019-03-14,94.72309102870271
2019-03-15,94.50775668216576
2019-03-18,94.76874670598166
2019-03-19,94.26467787139471
2019-03-20,93.76124808527756
2019-03-21,93.93006304180898
2019-03-22,92.28829471664245
2019-03-25,92.76520016124604
2019-03-26,93.04691407687883
2019-03-27,93.17262096121117
2019-03-28,93.64913594629964
2019-03-29,93.3488996793736
2019-04-01,93.26124829643912
2019-04-02,92.97465724042327
2019-04-03,93.30969497829315
2019-04-04,93.51852040008579
2019-04-05,93.93955301319362
2019-04-08,93.71294169909223
2019-04-09,93.04462351642537
2019-04-10,93.98898348787658
2019-04-11,93.89559339684914
2019-04-12,93.60290394057196
2019-04-15,93.36126513999017
2019-04-16,93.51981272198181
2019-04-17,92.89226591975515
2019-04-18,92.4364973548247
2019-04-22,92.11356300927734
2019-04-23,92.6688830178773
2019-04-24,93.16379696391446
2019-04-25,92.44861978631491
2019-04-26,92.91245398406265
2019-04-29,93.21243759333228
2019-04-30,92.73140013245501
2019-05-01,92.54831724707981
2019-05-02,93.18038421714546
2019-05-03,94.0404690730139
2019-05-06,94.53496184126007
2019-05-07,94.23814250070006
2019-05-08,93.90788806427796
2019-05-09,93.85037326751147
2019-05-10,93.63839430474667
2019-05-13,92.99196816379572
2019-05-14,93.31941824612417
2019-05-15,93.07805665965714
2019-05-16,92.7987388045303
2019-05-17,92.1009372722684
2019-05-20,92.07099951615058
2019-05-21,92.47481356366916
2019-05-22,91.9817412621038
2019-05-23,91.20258959015938
2019-05-24,91.84893183953368
2019-05-28,91.97334923710646
2019-05-29,91.82101947011508
2019-05-30,91.31782189050503
2019-05-31,91.26992537451295
2019-06-03,91.82252124249143
2019-06-04,92.19879218904103
2019-06-05,91.42524159253503
2019-06-06,90.59873211118487
2019-06-07,90.33580816098622
2019-06-10,90.45369901656545
2019-06-11,90.2072821012469
2019-06-12,90.46831625335928
2019-06-13,91.04833516912532
2019-06-14,90.35107870247079
2019-06-17,90.93972872910496
2019-06-18,91.04370833743923
2019-06-19,91.16309104041291
2019-06-20,90.72684917816957
2019-06-21,90.0748961302328
2019-06-24,89.0898652207085
2019-06-25,89.4220914695863
2019-06-26,89.3040995896611
2019-06-27,90.65856844360287
2019-06-28,91.29233488780561
2019-07-01,90.82005075101158
2019-07-02,90.03282739440495
2019-07-03,89.9577707673779
2019-07-05,90.30231088414509
2019-07-08,89.93773169322155
2019-07-09,89.9473291593757
2019-07-10,89.6750926545308
2019-07-11,89.028584645564
2019-07-12,89.3184041373609
2019-07-15,88.81964671128645
2019-07-16,89.07842668489613
2019-07-17,89.04743478940131
2019-07-18,89.05646585376246
2019-07-19,89.03877796580397
2019-07-22,88.73972405926644
2019-07-23,88.69454543843365
2019-07-24,89.7405268066406
2019-07-25,89.08188246905237
2019-07-26,89.53698534846713
2019-07-29,89.10125074281892
2019-07-30,90.28718742409845
2019-07-31,90.5455814210773
2019-08-01,90.01663639178196
2019-08-02,89.69432540268669
2019-08-05,89.69952318228246
2019-08-06,89.27188748732652
2019-08-07,89.19532447942902
2019-08-08,89.36540834875223
2019-08-09,88.84575832102979
2019-08-12,88.77624094030519
2019-08-13,88.35755076911063
2019-08-14,88.50485031653979
2019-08-15,87.92110428032207
2019-08-16,88.51264987336597
2019-08-19,88.3416694430285
2019-08-20,88.44266830430318
2019-08-21,88.45243854707337
2019-08-22,88.27376330976416
2019-08-23,87.82318877622211
2019-08-26,87.81829369770223
2019-08-27,86.85701709123016
2019-08-28,87.25594215293152
2019-08-29,87.66647305481112
2019-08-30,87.54660485642181
2019-09-03,86.77171128213094
2019-09-04,86.4881838467517
2019-09-05,86.97887398599832
2019-09-06,86.51350934843794
2019-09-09,87.62943360485907
2019-09-10,88.76940184545026
2019-09-11,89.94725182067839
2019-09-12,89.65958931255398
2019-09-13,89.87346439410074
2019-09-16,90.48999437770718
2019-09-17,90.02708061053944
2019-09-18,89.41914571550738
2019-09-19,88.99084891878776
2019-09-20,89.2238463815628
2019-09-23,89.17589181637123
2019-09-24,88.52455757698017
2019-09-25,88.968200299872
2019-09-26,88.15886865341551
2019-09-27,87.9266811789493
2019-09-30,87.62499888190084
2019-10-01,86.9394788921818
2019-10-02,87.83478957422221
2019-10-03,87.41094378494532
2019-10-04,87.06114805433938
2019-10-07,87.28597972986393
2019-10-08,87.2212428901301
2019-10-09,86.79600688135164
2019-10-10,86.55859619709044
2019-10-11,87.12034957092324
2019-10-14,86.89817339957035
2019-10-15,87.03509590238664
2019-10-16,87.26730200933528
2019-10-17,88.0384015046411
2019-10-18,88.00446155378138
2019-10-21,88.23095074890612
2019-10-22,88.61783190269257
2019-10-23,88.4695993872838
2019-10-24,88.19941615981114
2019-10-25,88.3069009884817
2019-10-28,88.5710794149698
2019-10-29,88.88641120769884
2019-10-30,88.32080026619809
2019-10-31,88.05814689144681
2019-11-01,88.73725435877411
2019-11-04,88.85734913361492
2019-11-05,89.06766600623543
2019-11-06,88.53263257137618
2019-11-07,88.45652962861871
2019-11-08,88.47810322081445
2019-11-11,88.48021310519472
2019-11-12,88.32186753711201
2019-11-13,87.91529453505228
2019-11-14,87.75973302280305
2019-11-15,87.58113761201332
2019-11-18,87.2963134111323
2019-11-19,87.64650748716201
2019-11-20,87.64195372554533
2019-11-21,87.35121531770508
2019-11-22,87.42813682002058
2019-11-25,88.59808714699562
2019-11-26,88.45803959769145
2019-11-27,88.6863717612719
2019-11-29,88.43705059837514
2019-12-02,88.32355644994341
2019-12-03,88.6367848899286
2019-12-04,88.70006478292886
2019-12-05,88.62898242494086
2019-12-06,88.85273199236113
2019-12-09,88.96324534967573
2019-12-10,89.11737612688361
2019-12-11,88.83780511868338
2019-12-12,88.83722662782098
2019-12-13,88.44285410605178
2019-12-16,88.45852700703
2019-12-17,88.88165784739117
2019-12-18,89.04875483646686
2019-12-19,89.06679538914993
2019-12-20,88.80643934400739
2019-12-23,88.84731946847346
2019-12-24,89.04755354285008
2019-12-26,88.57604603825602
2019-12-27,88.16211984898584
2019-12-30,88.42639387105518
2019-12-31,88.3347317080958
2020-01-02,87.57440663583186
2020-01-03,87.89658750519662
2020-01-06,87.67919919836092
2020-01-07,87.63393588489228
2020-01-08,87.43916357643897
2020-01-09,86.9552947016343
2020-01-10,86.87959286296059
2020-01-13,86.84612090008605
2020-01-14,87.29845458503378
2020-01-15,87.5199121271328
2020-01-16,87.91805189558885
2020-01-17,87.40743048080203
2020-01-21,86.85373596580523
2020-01-22,86.78628317690186
2020-01-23,86.62995555480705
2020-01-24,86.3319889122236
2020-01-27,86.7410636377788
2020-01-28,86.555509989723
2020-01-29,86.13315820764306
2020-01-30,85.85449714664777
2020-01-31,85.62867345319724
2020-02-03,85.94501788702644
2020-02-04,85.93254374112661
2020-02-05,86.26110050099514
2020-02-06,85.77654821392723
2020-02-07,85.17713599305712
2020-02-10,85.02282146963431
2020-02-11,85.46443765714574
2020-02-12,85.5021847723493
2020-02-13,85.81757874851785
2020-02-14,85.34985713643046
2020-02-18,85.38688089306602
2020-02-19,85.41680811801709
2020-02-20,85.97802286249647
2020-02-21,85.99262933127369
2020-02-24,86.2651454881254
2020-02-25,85.79915181960635
2020-02-26,85.11871293000989
2020-02-27,85.98328634367063
2020-02-28,84.76470920011869
2020-03-02,83.85579782398882
2020-03-03,84.56704329423958
2020-03-04,83.46513844268435
2020-03-05,83.58887608494571
2020-03-06,83.30927098417862
2020-03-09,81.5800498710345
2020-03-10,79.9880821926245
2020-03-11,78.73912742009207
2020-03-12,77.4483148744607
2020-03-13,76.12806037682364
2020-03-16,74.14099923490842
2020-03-17,73.56761287987517
2020-03-18,71.48470817167896
2020-03-19,74.11594183009848
2020-03-20,75.61192276327412
2020-03-23,76.44804033690475
2020-03-24,76.51030244476489
2020-03-25,76.31870680389919
2020-03-26,76.59336816338016
2020-03-27,76.07246557482635
2020-03-30,75.3030636357089
2020-03-31,76.05704085279217
2020-04-01,74.21403689711914
2020-04-02,73.22706778850629
2020-04-03,72.19626670295301
2020-04-06,72.83196070873701
2020-04-07,72.94514684682429
2020-04-08,73.79479860993871
2020-04-09,76.16705292327553
2020-04-13,74.78746625522125
2020-04-14,74.11753464041372
2020-04-15,72.63736743065805
2020-04-16,71.74244342577438
2020-04-17,72.9324593671596
2020-04-20,73.36458029383398
2020-04-21,73.85536619526984
2020-04-22,73.12930113882537
2020-04-23,73.85259293490456
2020-04-24,74.09023086208497
2020-04-27,75.93093046438135
2020-04-28,77.39064384464419
2020-04-29,79.12553159833293
2020-04-30,76.8326617550041
2020-05-01,75.79079435661303
2020-05-04,75.90847170068638
2020-05-05,75.7940602759986
2020-05-06,75.75097631773716
2020-05-07,75.87182398196559
2020-05-08,77.51830236429798
2020-05-11,77.11596169849126
2020-05-12,75.85830052557883
2020-05-13,74.63919997514098
2020-05-14,73.99695895725476
2020-05-15,74.83093071180677
2020-05-18,77.03140457366699
2020-05-19,76.29390740865284
2020-05-20,77.29210378011489
2020-05-21,77.96882742756173
2020-05-22,78.19783353041501
2020-05-26,79.47376592614734
2020-05-27,80.74059194224316
2020-05-28,78.97345838625253
2020-05-29,78.17285531356947
2020-06-01,78.6037261395088
2020-06-02,78.60303842867165
2020-06-03,79.4415490540142
2020-06-04,79.53525826095859
2020-06-05,80.5458270886301
2020-06-08,81.1259642280137
2020-06-09,80.22446031565738
2020-06-10,78.48405443472528
2020-06-11,76.93276398111303
2020-06-12,77.84643873081443
2020-06-15,78.90955010755462
2020-06-16,79.28092521802238
2020-06-17,78.17249254765757
2020-06-18,78.11478356079635
2020-06-19,78.15908377343841
2020-06-22,78.43757107172064
2020-06-23,78.40709889881578
2020-06-24,77.84882007812801
2020-06-25,78.18656723461783
2020-06-26,77.93331975006177
2020-06-29,79.31652142498812
2020-06-30,79.44520060954284
2020-07-01,78.14326868391464
2020-07-02,78.0331016244857
2020-07-06,77.40261125648155
2020-07-07,76.82429397700771
2020-07-08,76.8093538499497
2020-07-09,75.68713505727665
2020-07-10,76.1288659766465
2020-07-13,75.82113860407866
2020-07-14,76.09038265568735
2020-07-15,78.1620371149927
2020-07-16,77.95631144056384
2020-07-17,77.95962891089046
2020-07-20,77.0023041653079
2020-07-21,77.9285459581044
2020-07-22,77.52935204885925
2020-07-23,78.54504343741318
2020-07-24,77.89176726075755
2020-07-27,78.13248023521233
2020-07-28,77.84810490967232
2020-07-29,78.59684225678512
2020-07-30,78.56667772622782
2020-07-31,77.21709150343776
2020-08-03,77.93289035082654
2020-08-04,78.16694546607398
2020-08-05,79.23001642221041
2020-08-06,78.67320754611998
2020-08-07,79.86456342029655
2020-08-10,80.45254328930638
2020-08-11,80.65435227099555
2020-08-12,79.86980484048117
2020-08-13,79.84683866746859
2020-08-14,79.79365034683991
2020-08-17,79.95113850668041
2020-08-18,79.01585377418685
2020-08-19,79.35128982045217
2020-08-20,78.78132307364456
2020-08-21,77.92322089033968
2020-08-24,77.94981652902551
2020-08-25,77.76248251913246
2020-08-26,76.50820101647776
2020-08-27,76.52796997465957
2020-08-28,76.68101548892567
2020-08-31,76.13203910204044
2020-09-01,76.28537957168247
2020-09-02,75.79563744224409
2020-09-03,76.1787213773053
2020-09-04,76.31633607458839
2020-09-08,76.95046293230213
2020-09-09,76.60336025346302
2020-09-10,76.94234950814221
2020-09-11,76.3910034499252
2020-09-14,77.38465513448676
2020-09-15,77.14144527974084
2020-09-16,78.18108406767637
2020-09-17,78.29910062546341
2020-09-18,79.00486469998991
2020-09-21,77.0952398159846
2020-09-22,76.90613701181081
2020-09-23,76.38641344713761
2020-09-24,76.18334713073484
2020-09-25,76.18897222776245
2020-09-28,76.79210174863222
2020-09-29,76.86261302630297
2020-09-30,76.51408607224425
2020-10-01,77.23905631490908
2020-10-02,78.32269790383546
2020-10-05,79.08273572119172
2020-10-06,79.99338661727185
2020-10-07,80.34165643582467
2020-10-08,80.54149176090078
2020-10-09,80.24288535165223
2020-10-12,79.50149684802417
2020-10-13,79.49118184906143
2020-10-14,79.20223994724493
2020-10-15,80.11741379050777
2020-10-16,79.96882098749016
2020-10-19,80.23309239134419
2020-10-20,80.08732289992562
2020-10-21,79.55041226414292
2020-10-22,80.48151984205593
2020-10-23,80.67428309633382
2020-10-26,80.4189738449547
2020-10-27,80.00424039026296
2020-10-28,80.28515296926102
2020-10-29,80.42609331614665
2020-10-30,80.19940934968972
2020-11-02,80.72480747463953
2020-11-03,81.57435395275988
2020-11-04,79.88070202790853
2020-11-05,80.54562508476538
2020-11-06,79.93382246172496
2020-11-09,81.8029380180948
2020-11-10,83.44508243181775
2020-11-11,82.79620639048366
2020-11-12,82.32381159746127
2020-11-13,82.8811569799727
2020-11-16,83.80792390270673
2020-11-17,84.65486397638699
2020-11-18,84.48572765435183
2020-11-19,84.7769674050092
2020-11-20,85.45298315508822
2020-11-23,86.53258970352827
2020-11-24,86.76163588660194
2020-11-25,86.5984273410517
2020-11-27,86.72484738483078
2020-11-30,85.52770321530248
2020-12-01,85.38753518967805
2020-12-02,85.29689967133024
2020-12-03,85.80066429243412
2020-12-04,87.04718956715625
2020-12-07,87.30983146754046
2020-12-08,88.17346589243185
2020-12-09,88.32329140516813
2020-12-10,89.20576199053146
2020-12-11,88.87153662672871
2020-12-14,89.37568933412547
2020-12-15,90.38885698890013
2020-12-16,89.92276236022634
2020-12-17,90.48757808656502
2020-12-18,90.41064901900795
2020-12-21,90.68865358005087
2020-12-22,91.87467513381858
2020-12-23,92.5731442593508
2020-12-24,92.15418383784886
2020-12-28,91.02952008749415
2020-12-29,89.43713344170585
2020-12-30,90.21920599166529
2020-12-31,89.6031545238257
2021-01-04,89.65374243205456
2021-01-05,90.4163736719309
2021-01-06,93.55667876633082
2021-01-07,93.82766511016652
2021-01-08,93.09444856024888
2021-01-11,93.64497751257737
2021-01-12,95.30336412675702
2021-01-13,94.36805473503613
2021-01-14,96.59143339296425
2021-01-15,95.85018409669281
2021-01-19,96.32184960909984
2021-01-20,95.42543426744626
2021-01-21,94.5114302399116
2021-01-22,95.94938648711513
2021-01-25,95.47913638645291
2021-01-26,94.9650278374232
2021-01-27,95.55979394466334
2021-01-28,94.44176761716415
2021-01-29,94.9120337280069
2021-02-01,95.65156208046827
2021-02-02,95.66139250264874
2021-02-03,95.87260223671358
2021-02-04,96.72875469797242
2021-02-05,97.68487965912762
2021-02-08,99.46101769651847
2021-02-09,99.99581379562159
2021-02-10,99.38230777605428
2021-02-11,99.10835358849371
2021-02-12,98.89970549334825
2021-02-16,98.36258986174145
2021-02-17,97.56923328637211
2021-02-18,96.46876103837852
2021-02-19,98.65467670662599
2021-02-22,98.77479433616287
2021-02-23,97.78630550894756
2021-02-24,99.00595667085383
2021-02-25,97.7008188220016
2021-02-26,98.07207650930509
2021-03-01,99.15457545713309
2021-03-02,98.01149366374908
2021-03-03,98.25200457590424
2021-03-04,96.70250978305056
2021-03-05,96.96889271749646
2021-03-08,97.91512073961644
2021-03-09,98.56694569933244
2021-03-10,99.65897424366378
2021-03-11,100.82968376461044
2021-03-12,101.28809949330193
2021-03-15,101.045421867552
2021-03-16,99.48119596382597
2021-03-17,99.92167446597884
2021-03-18,98.31108853002893
2021-03-19,99.23669827547114
2021-03-22,97.70875454703304
2021-03-23,94.91150545446271
2021-03-24,93.19016589032042
2021-03-25,94.86603667601065
2021-03-26,95.06362811145793
2021-03-29,92.43433416037216
2021-03-30,94.24072760829489
2021-03-31,95.12175491557151
2021-04-01,95.29812678357135
2021-04-05,94.46611633441319
2021-04-06,94.24464666962496
2021-04-07,92.61651122019549
2021-04-08,92.96001463771769
2021-04-09,92.30151596682123
2021-04-12,91.90724822815865
2021-04-13,91.3959337141691
2021-04-14,92.61322621463279
2021-04-15,92.02689037094964
2021-04-16,91.86753405534893
2021-04-19,91.12112715171617
2021-04-20,89.91372377534675
2021-04-21,91.24855862518598
2021-04-22,91.70882938066407
2021-04-23,92.43666037693376
2021-04-26,93.20426920204625
2021-04-27,93.36334285568951
2021-04-28,93.54961479758401
2021-04-29,92.6119316617023
2021-04-30,91.9568710948315
2021-05-03,92.20777408834819
2021-05-04,91.67166384552418
2021-05-05,91.27777586953775
2021-05-06,90.63200189332056
2021-05-07,91.10896960897554
2021-05-10,89.68080505596589
2021-05-11,90.20004014966342
2021-05-12,89.16541375500022
2021-05-13,89.72904429662098
2021-05-14,90.53065173879021
2021-05-17,90.8847906270461
2021-05-18,90.97875434376907
2021-05-19,90.51601126996958
2021-05-20,90.14838318090611
2021-05-21,90.45669127572884
2021-05-24,90.12595955660326
2021-05-25,89.45327829109964
2021-05-26,90.94143097544844
2021-05-27,91.82972963193036
2021-05-28,91.60481619265536
2021-06-01,92.72643874472244
2021-06-02,92.69044340874547
2021-06-03,92.25750506555158
2021-06-04,91.81706812521492
2021-06-07,93.13891006500369
2021-06-08,94.10502236999531
2021-06-09,93.61836862829747
2021-06-10,92.49415170996396
2021-06-11,93.31623404134073
2021-06-14,92.83450544086033
2021-06-15,92.73937669041771
2021-06-16,93.06171438600846
2021-06-17,92.04772624786767
2021-06-18,91.18820770303621
2021-06-21,91.82361154465775
2021-06-22,91.74994997578422
2021-06-23,92.16298448659879
2021-06-24,92.91521600383402
2021-06-25,92.74202833165059
2021-06-28,91.82227859459253
2021-06-29,91.3348097815319
2021-06-30,91.26994997855756
2021-07-01,91.56677805120954
2021-07-02,90.00818720968027
2021-07-06,88.86226315599546
2021-07-07,87.72602467156332
2021-07-08,87.63243376491783
2021-07-09,88.53717767414697
2021-07-12,88.29524712674412
2021-07-13,86.92755587635583
2021-07-14,85.45876202827247
2021-07-15,85.26581880646586
2021-07-16,84.88159573832583
2021-07-19,84.86328475859116
2021-07-20,86.26047335627662
2021-07-21,87.04150440359054
2021-07-22,85.47884485984338
2021-07-23,85.00331615830437
2021-07-26,85.04234042319462
2021-07-27,84.43454741460687
2021-07-28,85.71128184654756
2021-07-29,86.01440940993358
2021-07-30,85.86313752722943
2021-08-02,85.61550363217175
2021-08-03,85.27596216802762
2021-08-04,84.63045335878569
2021-08-05,85.60932572680767
2021-08-06,85.9916142221256
2021-08-09,85.58775189959188
2021-08-10,85.65074876256887
2021-08-11,85.85679175290589
2021-08-12,85.39744408148609
2021-08-13,84.46689039999777
2021-08-16,83.48345106638372
2021-08-17,83.01009535074756
2021-08-18,83.19568127530039
2021-08-19,82.0718706253411
2021-08-20,82.79934512911987
2021-08-23,83.63876080185796
2021-08-24,84.32749050404261
2021-08-25,84.44688081162484
2021-08-26,84.04757111750536
2021-08-27,85.6520417336614
2021-08-30,84.92676556324875
2021-08-31,85.21872883089512
2021-09-01,85.74649805023031
2021-09-02,86.0773777475136
2021-09-03,85.69975183792891
2021-09-07,85.41491988371219
2021-09-08,84.58605738337761
2021-09-09,84.90794655526386
2021-09-10,84.74528552078002
2021-09-13,85.00954425195266
2021-09-14,84.38169565469713
2021-09-15,84.43953238033238
2021-09-16,84.63455445875343
2021-09-17,85.57862844249874
2021-09-20,84.96045487953683
2021-09-21,85.16998652629323
2021-09-22,85.6578493085259
2021-09-23,86.12754299695312
2021-09-24,85.57121329085749
2021-09-27,87.12100944419205
2021-09-28,86.89060391358309
2021-09-29,86.56035488821662
2021-09-30,86.80992792589002
2021-10-01,87.17478851639696
2021-10-04,87.51112630378331
2021-10-05,86.9088176051688
2021-10-06,86.0987629818007
2021-10-07,86.67689126790354
2021-10-08,86.18182454905158
2021-10-11,86.31273841343608
2021-10-12,87.0009579785537
2021-10-13,87.0999834812304
2021-10-14,86.92919091354882
2021-10-15,86.00097480948263
2021-10-18,85.69762675336511
2021-10-19,85.3589507984532
2021-10-20,85.5896574489193
2021-10-21,85.58478307705991
2021-10-22,85.47062107536362
2021-10-25,85.82217044531201
2021-10-26,85.09884632536097
2021-10-27,83.90559756811116
2021-10-28,84.76095606752551
2021-10-29,84.56709853999848
2021-11-01,86.60968997323383
2021-11-02,86.44158112362237
2021-11-03,87.45250957437946
2021-11-04,87.00949890483166
2021-11-05,87.8935939878566
2021-11-08,88.09101597419354
2021-11-09,87.86938570632708
2021-11-10,87.18615395321895
2021-11-11,87.85932167898292
2021-11-12,87.28869379554276
2021-11-15,86.91270352480367
2021-11-16,86.72974992974875
2021-11-17,85.80229779184617
2021-11-18,85.14932506384973
2021-11-19,84.52460151030307
2021-11-22,84.40263616358217
2021-11-23,84.14536547632227
2021-11-24,84.01199731601567
2021-11-26,82.68919544643471
2021-11-29,81.63585514363605
2021-11-30,81.5586339162413
2021-12-01,80.6185583577007
2021-12-02,81.6177400388241
2021-12-03,80.64399631104948
2021-12-06,81.29996429281131
2021-12-07,81.49982936346001
2021-12-08,81.83952913446436
2021-12-09,80.52977050291742
2021-12-10,79.55808764926677
2021-12-13,79.09607924408493
2021-12-14,78.95835216789041
2021-12-15,78.97774202861268
2021-12-16,78.06907787125407
2021-12-17,79.63439435423997
2021-12-20,79.36042098673394
2021-12-21,80.20329705730852
2021-12-22,80.17362515464657
2021-12-23,80.31447676817909
2021-12-27,79.9355742987614
2021-12-28,79.5119160183703
2021-12-29,79.49590964516875
2021-12-30,79.69482677615825
2021-12-31,79.72414682566416
2022-01-03,80.28787952035992
2022-01-04,80.19359369253496
2022-01-05,78.9943182003425
2022-01-06,79.51967015368882
2022-01-07,78.91132285624458
2022-01-10,78.73536695310209
2022-01-11,78.8545193052336
2022-01-12,78.05646348857361
2022-01-13,78.42144328635871
2022-01-14,78.49927548425696
2022-01-18,77.49817687637272
2022-01-19,77.03774614523785
2022-01-20,76.49016631827425
2022-01-21,76.56044778548306
2022-01-24,77.99372262899014
2022-01-25,77.90379110698713
2022-01-26,76.97244150553816
2022-01-27,75.5979114018403
2022-01-28,75.20253322938314
2022-01-31,76.13832088367342
2022-02-01,76.4240134284015
2022-02-02,74.93694880098724
2022-02-03,75.28855066245708
2022-02-04,75.25862846152982
2022-02-07,75.8739328677806
2022-02-08,76.53817785205557
2022-02-09,76.86648088977152
2022-02-10,77.07173772474786
2022-02-11,77.82596581061088
2022-02-14,77.80979606943873
2022-02-15,78.62779099012647
2022-02-16,78.70365165016814
2022-02-17,78.36126284248488
2022-02-18,78.19382097177065
2022-02-22,77.92857303594677
2022-02-23,77.85130210796761
2022-02-24,78.70809019011963
2022-02-25,78.74326969183147
2022-02-28,79.26494236099906
2022-03-01,78.97460595528962
2022-03-02,79.39447861409768
2022-03-03,78.84627285076411
2022-03-04,78.24748326721651
2022-03-07,78.6193710289571
2022-03-08,79.65758097656155
2022-03-09,79.7640942812792
2022-03-10,79.98188673123475
2022-03-11,79.71929912797043
2022-03-14,78.66523288774306
2022-03-15,78.19878519425824
2022-03-16,78.90946992615319
2022-03-17,79.15782294811868
2022-03-18,79.1248158588228
2022-03-21,78.44914925099951
2022-03-22,78.31932393594518
2022-03-23,77.96457375152819
2022-03-24,77.68996580427398
2022-03-25,77.41756113263119
2022-03-28,76.89689281386707
2022-03-29,77.99071080914987
2022-03-30,76.8999179124203
2022-03-31,77.27754640016624
2022-04-01,77.92260435982516
2022-04-04,77.3872960394179
2022-04-05,76.52256490412674
2022-04-06,76.19882326693273
2022-04-07,75.57049559027647
2022-04-08,75.16909327060344
2022-04-11,75.96220888223787
2022-04-12,76.48522914825263
2022-04-13,77.05739425814832
2022-04-14,77.27166984378002
2022-04-18,76.71968458910376
2022-04-19,77.0061720909114
2022-04-20,77.35774739117063
2022-04-21,76.77379744557285
2022-04-22,76.89648222980368
2022-04-25,76.91748804351361
2022-04-26,76.71484700254216
2022-04-27,76.1819043196198
2022-04-28,75.69205846523495
2022-04-29,76.32685583258855
2022-05-02,76.66598430716695
2022-05-03,76.96952182351932
2022-05-04,76.68812543174009
2022-05-05,76.2888358386254
2022-05-06,75.46969096701933
2022-05-09,74.68639908153408
2022-05-10,74.5355371745457
2022-05-11,73.85555614848452
2022-05-12,74.79948172106988
2022-05-13,75.36812016522286
2022-05-16,75.31394137992146
2022-05-17,76.0528840197904
2022-05-18,76.47051275248899
2022-05-19,77.0683367316867
2022-05-20,76.83833815692543
2022-05-23,76.33951386597009
2022-05-24,75.78717389288808
2022-05-25,76.47556838863667
2022-05-26,76.6512152522423
2022-05-27,76.8290663703674
2022-05-31,76.30319193778148
2022-06-01,76.4895426178213
2022-06-02,76.89324159571174
2022-06-03,77.47216002929062
2022-06-06,77.57144114938129
2022-06-07,78.07363872981618
2022-06-08,77.71205258946136
2022-06-09,77.95508351556684
2022-06-10,78.10496002469398
2022-06-13,77.3733767604158
2022-06-14,77.23333150307458
2022-06-15,77.26267435890638
2022-06-16,76.2062526071972
2022-06-17,76.63617981507642
2022-06-21,76.09392798449355
2022-06-22,76.08705893926442
2022-06-23,76.25089855544034
2022-06-24,76.19018467455038
2022-06-27,76.76626240866908
2022-06-28,76.89596263331207
2022-06-29,76.17761862508313
2022-06-30,76.20316259898635
2022-07-01,76.3183455178767
2022-07-05,76.80556283772988
2022-07-06,75.98010259594301
2022-07-07,76.63059036794856
2022-07-08,76.68491538516639
2022-07-11,76.01160458168708
2022-07-12,76.42727624873629
2022-07-13,76.76353564674605
2022-07-14,76.15989628997707
2022-07-15,76.28794432774166
2022-07-18,76.70534058846114
2022-07-19,77.32260960616564
2022-07-20,78.03686237056186
2022-07-21,77.64607549919788
2022-07-22,77.12298561128966
2022-07-25,77.42848042495869
2022-07-26,77.87350079857819
2022-07-27,77.62947257254216
2022-07-28,77.72126769044769
2022-07-29,77.14833591030003
2022-08-01,77.34853987182755
2022-08-02,77.78733899326362
2022-08-03,77.71429759683464
2022-08-04,77.60289387227961
2022-08-05,78.32957368325529
2022-08-08,79.25082621785424
2022-08-09,78.48153917921358
2022-08-10,79.06160028526855
2022-08-11,79.35663863843952
2022-08-12,79.62926176167241
2022-08-15,79.58349252534312
2022-08-16,79.39633695860341
2022-08-17,78.61917384691664
2022-08-18,78.91100352365387
2022-08-19,78.26890197962561
2022-08-22,78.2865877968444
2022-08-23,78.60404083750558
2022-08-24,78.95233361740904
2022-08-25,79.063043880917
2022-08-26,79.14433490325318
2022-08-29,78.93757344109918
2022-08-30,78.69695291882648
2022-08-31,78.81928591801099
2022-09-01,77.71635978173266
2022-09-02,77.93434904392072
2022-09-06,77.45631322460932
2022-09-07,77.74507258898686
2022-09-08,77.88461639701461
2022-09-09,78.23362823501671
2022-09-12,78.33931814999863
2022-09-13,78.6965769170919
2022-09-14,78.70284732802824
2022-09-15,79.02794449299701
2022-09-16,78.47795724181927
2022-09-19,78.53973375093048
2022-09-20,78.36900018324454
2022-09-21,78.54191272266245
2022-09-22,77.42290891354446
2022-09-23,76.86771952724543
2022-09-26,76.57277825989188
2022-09-27,77.03059592641482
2022-09-28,77.93344615955057
2022-09-29,77.81160535635469
2022-09-30,78.45811909974049
2022-10-03,78.46548714498202
2022-10-04,79.12377010173141
2022-10-05,78.72262165445751
2022-10-06,79.09697414108365
2022-10-07,78.97318030497362
2022-10-10,79.13712678591014
2022-10-11,79.6652533321889
2022-10-12,79.70970300336802
2022-10-13,79.58238995383236
2022-10-14,79.25738239854002
2022-10-17,79.736147750795
2022-10-18,79.74417182700228
2022-10-19,78.94838252493844
2022-10-20,78.60225333804327
2022-10-21,78.40353948370962
2022-10-24,77.78766074969157
2022-10-25,78.65307734554338
2022-10-26,79.64158058165671
2022-10-27,80.08703983757883
2022-10-28,80.00377783932454
2022-10-31,80.66064636314078
2022-11-01,81.12563510746551
2022-11-02,80.45348990677873
2022-11-03,80.74549418746324
2022-11-04,80.6743672117862
2022-11-07,80.27225782933306
2022-11-08,79.87260860893723
2022-11-09,79.31366070757761
2022-11-10,79.810195828462
2022-11-11,79.69327835343991
2022-11-14,79.47822296424629
2022-11-15,79.97445984531814
2022-11-16,79.17127041555975
2022-11-17,78.67720893096129
2022-11-18,78.8279153409001
2022-11-21,78.70216196958918
2022-11-22,78.48573739529402
2022-11-23,78.19691616785778
2022-11-25,78.37912371475187
2022-11-28,78.04490595857348
2022-11-29,78.40704179666561
2022-11-30,78.09663615105325
2022-12-01,77.98314688968414
2022-12-02,78.52838168262497
2022-12-05,77.76416403799081
2022-12-06,77.69344686875905
2022-12-07,77.59675733018638
2022-12-08,77.55108186533721
2022-12-09,77.17556440683985
2022-12-12,76.97318047681205
2022-12-13,77.02764789680543
2022-12-14,77.01468324180016
2022-12-15,76.96987968572466
2022-12-16,77.30864074127648
2022-12-19,76.91453672145231
2022-12-20,77.21576763804654
2022-12-21,77.38932325941103
2022-12-22,77.48278557894497
2022-12-23,77.39021685462426
2022-12-27,77.1753282478729
2022-12-28,76.9329494553746
2022-12-29,77.48707696232546
2022-12-30,77.47402428249656
2023-01-03,77.37317690893623
2023-01-04,77.73686896328208
2023-01-05,77.79227806058131
2023-01-06,77.75598453390855
2023-01-09,77.93153324509714
2023-01-10,78.53304507578112
2023-01-11,78.51881814775598
2023-01-12,79.54818808163995
2023-01-13,79.76098767099897
2023-01-17,79.80911369112732
2023-01-18,79.77853307087771
2023-01-19,79.59403292293065
2023-01-20,79.42608987215007
2023-01-23,79.45568093017495
2023-01-24,79.37121702450997
2023-01-25,79.56219169731429
2023-01-26,79.16328849527157
2023-01-27,79.40906345659089
2023-01-30,79.29818108510362
2023-01-31,80.0470572319692
2023-02-01,80.45036344278039
2023-02-02,80.85759097974076
2023-02-03,81.17817217155032
2023-02-06,80.49564237895792
2023-02-07,80.04584434245471
2023-02-08,79.7473163031312
2023-02-09,79.28011166720289
2023-02-10,79.2537714117248
2023-02-13,79.27681119591927
2023-02-14,79.2762621868438
2023-02-15,79.82005049057841
2023-02-16,80.16028091972596
2023-02-17,80.58220211011314
2023-02-21,79.80488784537533
2023-02-22,80.13245846922933
2023-02-23,80.27675808913474
2023-02-24,80.38476592361067
2023-02-27,80.39390889335307
2023-02-28,80.69642563154011
2023-03-01,81.11048443164168
2023-03-02,80.67673497341623
2023-03-03,80.5089782587263
2023-03-06,79.27691007722211
2023-03-07,79.57663139082064
2023-03-08,79.48532360410681
2023-03-09,78.72705571614587
2023-03-10,77.57675859981241
2023-03-13,76.4219619290509
2023-03-14,76.57170115151352
2023-03-15,75.78334865783343
2023-03-16,75.49335080792585
2023-03-17,74.32471612995381
2023-03-20,74.57127859691337
2023-03-21,74.96275816174986
2023-03-22,74.09987691523655
2023-03-23,73.57209326531039
2023-03-24,73.75362124030309
2023-03-27,74.4344340415084
2023-03-28,74.49453996446455
2023-03-29,74.26122560416707
2023-03-30,73.72793996128108
2023-03-31,74.03957499312517
2023-04-03,73.79158262710041
2023-04-04,72.90198347799529
2023-04-05,72.37640230449026
2023-04-06,72.20311590895439
2023-04-10,72.90059334648839
2023-04-11,73.45744274681996
2023-04-12,73.21678267411177
2023-04-13,73.21447886583181
2023-04-14,72.70993432710208
2023-04-17,73.38171140059312
2023-04-18,73.02214210884969
2023-04-19,73.12882934343622
2023-04-20,73.15059585433026
2023-04-21,73.18860642799672
2023-04-24,73.06292457126763
2023-04-25,72.40881661940135
2023-04-26,72.01509633460357
2023-04-27,71.55284970410645
2023-04-28,71.56821148613321
2023-05-01,71.68144949663574
2023-05-02,71.00746523157162
2023-05-03,71.76054633216891
2023-05-04,71.46302623946245
2023-05-05,71.83176318505258
2023-05-08,71.6479464156838
2023-05-09,71.74851885112106
2023-05-10,71.77700149238386
2023-05-11,71.34999680090002
2023-05-12,71.29911216141454
2023-05-15,71.9219860632868
2023-05-16,71.3497680682112
2023-05-17,72.06531789442374
2023-05-18,71.8113574587781
2023-05-19,71.47767779718524
2023-05-22,72.32091450789528
2023-05-23,72.79710450965285
2023-05-24,72.55134554752432
2023-05-25,71.36710181081824
2023-05-26,71.2556020229843
2023-05-30,70.96564745489202
2023-05-31,70.65789883613401
2023-06-01,70.75012950772556
2023-06-02,72.27079737770212
2023-06-05,71.43887926533381
2023-06-06,73.16123124418954
2023-06-07,74.7887128848763
2023-06-08,74.06116533573194
2023-06-09,73.33007343513425
2023-06-12,72.97321622414313
2023-06-13,73.32635358564403
2023-06-14,72.45191594252941
2023-06-15,72.15361917163291
2023-06-16,71.82086117137474
2023-06-20,71.88092632457654
2023-06-21,72.08330402674325
2023-06-22,71.29129334958984
2023-06-23,70.75288679319618
2023-06-26,71.11397694851291
2023-06-27,71.35852590517413
2023-06-28,71.6726494601766
2023-06-29,72.21265838054349
2023-06-30,71.71123657457453
2023-07-03,71.77416898687815
2023-07-05,71.16474617317763
2023-07-06,70.56817991054794
2023-07-07,71.49381056400071
2023-07-10,72.53331405381034
2023-07-11,72.81475590287305
2023-07-12,73.02134346039789
2023-07-13,73.03159276535177
2023-07-14,72.36304341693751
2023-07-17,72.88450807675775
2023-07-18,73.24013130353747
2023-07-19,73.38713478665792
2023-07-20,73.23160768008505
2023-07-21,72.99887022432074
2023-07-24,72.85359242751689
2023-07-25,72.64778411119661
2023-07-26,73.21049452488049
2023-07-27,72.74626772194001
2023-07-28,72.9734315790497
2023-07-31,73.68015935621929
2023-08-01,73.55320872873037
2023-08-02,73.57642810522032
2023-08-03,73.57988919026052
2023-08-04,73.76602914603909
2023-08-07,73.17667826869642
2023-08-08,73.03482659019096
2023-08-09,72.9513480164234
2023-08-10,72.60160102225447
2023-08-11,72.7468001517063
2023-08-14,72.22242204457395
2023-08-15,72.10782231617617
2023-08-16,71.75283299151218
2023-08-17,71.45174273904964
2023-08-18,71.80622381677331
2023-08-21,71.237768574341
2023-08-22,71.21816309156617
2023-08-23,71.18465628755818
2023-08-24,71.18654452951623
2023-08-25,70.98914001975997
2023-08-28,71.1705515390387
2023-08-29,71.1352405806295
2023-08-30,71.11068085642532
2023-08-31,71.09052023131673
2023-09-01,71.80089986582047
2023-09-05,70.59360695627852
2023-09-06,70.80507726015884
2023-09-07,70.33629724261586
2023-09-08,70.0743186360413
2023-09-11,69.78302663458231
2023-09-12,70.09943019534863
2023-09-13,69.55779667191152
2023-09-14,69.93560937328101
2023-09-15,70.04835213086177
2023-09-18,69.54213068916843
2023-09-19,69.41537208328255
2023-09-20,69.35762942269422
2023-09-21,69.4292956291917
2023-09-22,69.42858122549681
2023-09-25,69.44700521456812
2023-09-26,69.57624451825349
2023-09-27,70.19867169190238
2023-09-28,70.42461799356869
2023-09-29,70.26200687449862
2023-10-02,69.22807147510541
2023-10-03,68.98627155215682
2023-10-04,68.51956657998754
2023-10-05,68.5974472604723
2023-10-06,68.44534760724927
2023-10-09,68.40306587395243
2023-10-10,68.81930752498978
2023-10-11,68.42171118154188
2023-10-12,67.28565139590155
2023-10-13,67.05926493214295
2023-10-16,67.43283846351449
2023-10-17,68.18816745303334
2023-10-18,67.68698013913972
2023-10-19,67.19899767030707
2023-10-20,67.15543059365942
2023-10-23,66.7021059607392
2023-10-24,66.78066652611975
2023-10-25,66.63382499736514
2023-10-26,67.61441340156672
2023-10-27,67.12365462138436
2023-10-30,66.69864067706868
2023-10-31,66.85533893303763
2023-11-01,66.52782362130995
2023-11-02,67.01666714712569
2023-11-03,68.21696610073379
2023-11-06,67.21007137909535
2023-11-07,66.78207825908892
2023-11-08,66.02194423925758
2023-11-09,65.5106605605722
2023-11-10,65.22534601047064
2023-11-13,65.31073690836094
2023-11-14,67.58608053004447
2023-11-15,67.56044927640203
2023-11-16,66.38706845922677
2023-11-17,67.21313697783353
2023-11-20,67.0887709072308
2023-11-21,66.3692384600733
2023-11-22,66.5285448358454
2023-11-24,66.9355335772475
2023-11-27,66.83194552200338
2023-11-28,66.50811294397121
2023-11-29,66.9062818175716
2023-11-30,66.89708666207207
2023-12-01,68.4470211350357
2023-12-04,69.54500988108711
2023-12-05,68.62824763648202
2023-12-06,68.78259646845417
2023-12-07,68.75499648882749
2023-12-08,68.98135360783184
2023-12-11,68.85753633216292
2023-12-12,68.47491369042521
2023-12-13,69.82985586942308
2023-12-14,71.54346615632693
2023-12-15,71.05919410849305
2023-12-18,70.68682198255848
2023-12-19,71.62120202361515
2023-12-20,71.20697392791187
2023-12-21,71.73845924340476
2023-12-22,72.26167059421265
2023-12-26,72.89355266047198
2023-12-27,73.01865281202188
2023-12-28,72.71312778982588
2023-12-29,71.7341015958316
2024-01-02,71.71010968712062
2024-01-03,70.37274265039053
2024-01-04,70.46200764493084
2024-01-05,70.15868741523413
2024-01-08,70.41682356444649
2024-01-09,69.89289117019483
2024-01-10,69.5390498011059
2024-01-11,69.02406886323276
2024-01-12,68.86225405485757
2024-01-16,68.26110922014163
2024-01-17,68.15348864138599
2024-01-18,67.95207087935286
2024-01-19,67.75979452762519
2024-01-22,69.06099736293534
2024-01-23,68.6604921349225
2024-01-24,68.02203412826195
2024-01-25,68.21450332748586
2024-01-26,68.30474897969893
2024-01-29,68.95413210224784
2024-01-30,68.41920260876788
2024-01-31,67.85496098644433
2024-02-01,67.86729907209056
2024-02-02,66.80633722956162
2024-02-05,66.19860007171172
2024-02-06,66.6018820328216
2024-02-07,65.89752158538225
2024-02-08,66.86726547455669
2024-02-09,67.56425015200519
2024-02-12,68.8214240718588
2024-02-13,66.9116116948869
2024-02-14,67.84911454905959
2024-02-15,69.18104058632318
2024-02-16,68.58184111304062
2024-02-20,68.01083256153078
2024-02-21,67.62812166256347
2024-02-22,66.75898867425319
2024-02-23,66.86351778188396
2024-02-26,67.53231110556725
2024-02-27,68.36215979653134
2024-02-28,67.88889762732347
2024-02-29,68.11715301766054
2024-03-01,68.19908528811548
2024-03-04,68.20928921246309
2024-03-05,68.23802945901632
2024-03-06,68.40053964650944
2024-03-07,68.2925189665113
2024-03-08,68.66173671641472
2024-03-11,68.17591533474426
2024-03-12,67.35828610422826
2024-03-13,67.72742469619234
2024-03-14,66.6475847443262
2024-03-15,67.23462060544033
2024-03-18,66.45434421788677
2024-03-19,66.36622321374855
2024-03-20,67.05950229336202
2024-03-21,67.60655168007979
2024-03-22,66.8000971085044
2024-03-25,67.13868692114282
2024-03-26,67.14183240339892
2024-03-27,68.03290155202163
2024-03-28,68.2601211754064
2024-04-01,67.7352974764604
2024-04-02,66.91543307119808
2024-04-03,67.28001522688035
2024-04-04,67.4297198219884
2024-04-05,66.95525484478449
2024-04-08,67.28440797313662
2024-04-09,67.47147530373798
2024-04-10,66.35412483876004
2024-04-11,66.30286040801184
2024-04-12,66.03441342450871
2024-04-15,65.89277444996327
2024-04-16,65.77042266106204
2024-04-17,65.4632378297607
2024-04-18,65.54384264677611
2024-04-19,66.22384951574544
2024-04-22,66.35341161250132
2024-04-23,66.67321069756869
2024-04-24,66.40588146150014
2024-04-25,66.25446798754476
2024-04-26,66.26066445504746
2024-04-29,66.55942324047322
2024-04-30,66.25759471884865
2024-05-01,66.6125779457463
2024-05-02,67.20890190056977
2024-05-03,67.04350618689743
2024-05-06,67.21605678363034
2024-05-07,67.2929891002814
2024-05-08,66.8958633999161
2024-05-09,67.19150610959404
2024-05-10,66.59980284106702
2024-05-13,66.73102451117133
2024-05-14,67.11405761900004
2024-05-15,67.11996301057258
2024-05-16,66.77344887490793
2024-05-17,66.72567113117044
2024-05-20,66.79623552623653
2024-05-21,66.56890948942116
2024-05-22,66.19715022257763
2024-05-23,65.58995307950222
2024-05-24,65.88036989595385
2024-05-28,65.74462498085536
2024-05-29,65.23042293781297
2024-05-30,66.28977987681407
2024-05-31,66.24518124469478
2024-06-03,65.81806804137749
2024-06-04,64.8963017226181
2024-06-05,65.11527211521133
2024-06-06,64.64967994593553
2024-06-07,63.968508233427734
2024-06-10,63.990165713694225
2024-06-11,63.61827063732958
2024-06-12,64.06869153484385
2024-06-13,63.38127962515829
2024-06-14,62.33585373744144
2024-06-17,62.36332562828615
2024-06-18,62.31393813234259
2024-06-20,62.21910451326681
2024-06-21,62.44288480036144
2024-06-24,62.91857151275288
2024-06-25,62.47161665200497
2024-06-26,62.22886375552852
2024-06-27,62.76145158644655
2024-06-28,63.268223836144074
2024-07-01,62.60924455751768
2024-07-02,62.404021418724064
2024-07-03,62.11138475165233
2024-07-05,61.46152737824877
2024-07-08,61.8216154719522
2024-07-09,61.49286471980463
2024-07-10,61.485947019418916
2024-07-11,64.25001771516257
2024-07-12,64.59280661324699
2024-07-15,65.6396452311102
2024-07-16,67.4789652540817
2024-07-17,67.72247507605222
2024-07-18,66.92652950306794
2024-07-19,67.03081231405753
2024-07-22,67.40238468115254
2024-07-23,68.22535855490345
2024-07-24,68.30857298855565
2024-07-25,69.52369747330826
2024-07-26,69.89141077844559
2024-07-29,69.07465541393144
2024-07-30,69.68940579416012
2024-07-31,68.97222744419828
2024-08-01,67.68771535506313
2024-08-02,66.5324796279909
2024-08-05,66.32404357882449
2024-08-06,66.43317075401832
2024-08-07,66.08837925577934
2024-08-08,66.16537155630786
2024-08-09,65.73797589790112
2024-08-12,65.11153272481944
2024-08-13,65.113157123705
2024-08-14,64.5057875627097
2024-08-15,65.06346025153373
2024-08-16,65.08937418457992
2024-08-19,65.26137987116292
2024-08-20,64.60525623174848
2024-08-21,65.22252447815093
2024-08-22,65.15874964073186
2024-08-23,66.5326564279293
2024-08-26,66.71282140817037
2024-08-27,66.10458368964302
2024-08-28,66.04071044260131
2024-08-29,66.50589323760691
2024-08-30,66.25938539200642
2024-09-03,65.58282841983937
2024-09-04,65.60644608967158
2024-09-05,65.43908889448798
2024-09-06,65.29363159247093
2024-09-09,64.75082821402681
2024-09-10,64.41744620526835
2024-09-11,63.95000406482338
2024-09-12,64.23237456289644
2024-09-13,65.47489548903826
2024-09-16,65.61352339023233
2024-09-17,66.1292416267697
2024-09-18,66.33804177048489
2024-09-19,66.56845276779467
2024-09-20,65.96917151203878
2024-09-23,65.56415214209629
2024-09-24,65.48667129919984
2024-09-25,64.83089994223276
2024-09-26,64.9189813012918
2024-09-27,65.45292558854527
2024-09-30,65.35738410448526
2024-10-01,65.0524965714644
2024-10-02,64.93553450074727
2024-10-03,64.61796016793839
2024-10-04,64.93081859954295
2024-10-07,65.0089257295027
2024-10-08,64.44427780090474
2024-10-09,64.14217837177159
2024-10-10,63.8980749194313
2024-10-11,64.80945550498419
2024-10-14,64.75727614294395
2024-10-15,65.3170851340834
2024-10-16,66.10437853382494
2024-10-17,65.91796060999681
2024-10-18,65.52888486219936
2024-10-21,64.6040590655915
2024-10-22,64.39391768482321
2024-10-23,64.39443584763563
2024-10-24,64.39615784107548
2024-10-25,64.17504844579217
2024-10-28,65.02071872047678
2024-10-29,64.70556339444052
2024-10-30,64.81408761162213
2024-10-31,65.01139898162937
2024-11-01,65.10087696084275
2024-11-04,65.57209188625876
2024-11-05,66.00739753279527
2024-11-06,68.13703779312928
2024-11-07,67.37481980526361
2024-11-08,67.57804850956339
2024-11-11,68.52873598922487
2024-11-12,67.5363806994183
2024-11-13,66.83552690362471
2024-11-14,66.36109568846142
2024-11-15,66.2193190596904
2024-11-18,66.07899631025602
2024-11-19,66.32722838078618
2024-11-20,66.39102259613074
2024-11-21,67.04023243230995
2024-11-22,68.06746473409481
2024-11-25,68.86868243309584
2024-11-26,68.00786245451805
2024-11-27,68.30809865820537
2024-11-29,68.14559088084657
2024-12-02,67.98992429318965
2024-12-03,67.47488968498376
2024-12-04,67.2987454053856
2024-12-05,66.62334153161844
2024-12-06,66.73470481336692
2024-12-09,66.7432415792917
2024-12-10,66.66131860649223
2024-12-11,66.44898288770499
2024-12-12,65.9250844716024
2024-12-13,65.48582677359998
2024-12-16,65.59069882732412
2024-12-17,65.10802700870394
2024-12-18,64.13704949842872
2024-12-19,63.87206615883255
2024-12-20,63.705346068538084
2024-12-23,63.180602812284
2024-12-24,63.044869313049524
2024-12-26,63.68689900354525
2024-12-27,63.426122898985994
2024-12-30,63.66494719931599
2024-12-31,63.97847825925479
2025-01-02,64.18831552542012
2025-01-03,64.33882206429006
2025-01-06,63.99597594825791
2025-01-07,64.20871741904836
2025-01-08,63.824296340002086
2025-01-10,63.3872313012539
2025-01-13,63.4117031531243
2025-01-14,64.04452176574851
2025-01-15,64.13707777997733
2025-01-16,64.38974085123633
2025-01-17,64.0251457291889
2025-01-21,64.66287572576621
2025-01-22,63.881646812131784
2025-01-23,63.82432531069081
2025-01-24,63.83254885058979
2025-01-27,64.12839650097614
2025-01-28,63.65225214359826
2025-01-29,63.79226245966433
2025-01-30,64.09679848289393
2025-01-31,63.86169137083768
2025-02-03,63.5420641582993
2025-02-04,63.99282748330648
2025-02-05,64.42812549259993
2025-02-06,63.99507295111007
2025-02-07,63.837715956877304
2025-02-10,63.693272842882486
2025-02-11,63.27481629245483
2025-02-12,62.89430456473952
2025-02-13,62.93858957872936
2025-02-14,62.89436986530587
2025-02-18,63.054386850332556
2025-02-19,62.6902846151185
2025-02-20,62.348887790852004
2025-02-21,61.606591828137965
2025-02-24,61.44209105625671
2025-02-25,61.51501664365823
2025-02-26,61.56103874267611
2025-02-27,61.605333567951405
2025-02-28,61.304173906312954
2025-03-03,60.691005379225395
2025-03-04,60.723752196875246
2025-03-05,60.674672507247784
2025-03-06,60.825981422206596
2025-03-07,60.68436551450601
2025-03-10,60.776879956647164
2025-03-11,61.280231507837144
2025-03-12,61.06305598709704
2025-03-13,60.96480069788356
2025-03-14,61.17528346080523
2025-03-17,61.47312035162456
2025-03-18,61.6051982480615
2025-03-19,61.88914123571819
2025-03-20,61.67463904955485
2025-03-21,61.27245729096783
2025-03-24,61.692020376273646
2025-03-25,61.202263675886
2025-03-26,61.31248168338782
2025-03-27,61.182703642705896
2025-03-28,61.170653731629734
2025-03-31,60.47175867964687
2025-04-01,60.30747862732764
2025-04-02,60.874419664764865
2025-04-03,59.91939034963221
2025-04-04,60.80625482989925
2025-04-07,60.36340015021315
2025-04-08,59.708410554736616
2025-04-09,58.62676670013436
2025-04-10,58.73719627835493
2025-04-11,58.54911262425768
2025-04-14,58.66909942291868
2025-04-15,58.90642164626876
2025-04-16,59.6681381489523
2025-04-17,60.069532846312136
2025-04-21,60.3001094889449
2025-04-22,60.29223155341943
2025-04-23,60.25264878640131
2025-04-24,60.192314295642376
2025-04-25,59.77899797218349
2025-04-28,60.008637011379975
2025-04-29,59.98478215855353
2025-04-30,59.58487130441256
2025-05-01,59.53295742021084
2025-05-02,59.98159732105201
2025-05-05,59.86412773559246
2025-05-06,59.710215594259644
2025-05-07,59.65657478973522
2025-05-08,60.372117049766715
2025-05-09,60.33794635217199
2025-05-12,60.461209693721116
2025-05-13,60.28416879130638
2025-05-14,59.673326865923535
2025-05-15,59.770974468493854
2025-05-16,59.88561709456954
2025-05-19,59.56931419837819
2025-05-20,59.80174607575764
2025-05-21,59.118977671209706
2025-05-22,59.09276227203579
2025-05-23,59.31147385477622
2025-05-27,59.577855043801186
2025-05-28,59.292696098760665
2025-05-29,59.23487505618338
2025-05-30,58.99912034421554
2025-06-02,58.85173467929662
2025-06-03,59.46246503313126
2025-06-04,59.31056299278465
2025-06-05,59.62431929243527
2025-06-06,59.97202714896633
2025-06-09,60.3308707368824
2025-06-10,60.31407975900741
2025-06-11,60.23846578650392
2025-06-12,59.761273447752735
2025-06-13,59.33207421524095
2025-06-16,59.46581775471513
2025-06-17,59.34659558360803
2025-06-18,59.668601243652205
2025-06-20,59.683549726209996
2025-06-23,59.82297611434565
2025-06-24,59.92369222188494
2025-06-25,59.19202270225635
2025-06-26,59.68566518059234
2025-06-27,59.40989082879096
2025-06-30,59.212260817759855
2025-07-01,59.840783713118704
2025-07-02,60.39593987073489
2025-07-03,60.47944200263967
2025-07-07,60.018465115118616
2025-07-08,60.46678029411615
2025-07-09,60.75833972594589
2025-07-10,60.899004757797734
2025-07-11,60.27108203765095
2025-07-14,60.56059003769908
2025-07-15,59.62964088277252
2025-07-16,60.02846698196021
2025-07-17,60.44620187439323
2025-07-18,60.0609617510439
2025-07-21,59.70462152901668
2025-07-22,60.192138610815945
2025-07-23,60.59592809629386
2025-07-24,59.73944161246714
2025-07-25,59.70901670941123
2025-07-28,59.654810002986494
2025-07-29,59.430935257113546
2025-07-30,59.20391615298393
2025-07-31,58.844803857167214
2025-08-01,58.606440282141705
2025-08-04,59.02097197139411
2025-08-05,59.62411424475478
2025-08-06,59.093179142489426
2025-08-07,58.94965930237666
2025-08-08,58.6212577994784
2025-08-11,58.724088712855426
2025-08-12,59.830683020584374
2025-08-13,60.78593326838879
2025-08-14,59.99693643899159
2025-08-15,59.84525904781693
2025-08-18,60.07702087657882
2025-08-19,59.94101622630363
2025-08-20,59.88816035820361
2025-08-21,60.27877272813817
2025-08-22,61.69479399655439
2025-08-25,61.31573286131672
2025-08-26,61.564621308554166
2025-08-27,61.85987324490073
2025-08-28,61.71473304755067
2025-08-29,61.80901925429385
2025-09-02,61.934178321213906
2025-09-03,61.53976137694056
2025-09-04,61.79235141884616
2025-09-05,62.28092651557322
2025-09-08,62.25372328703529
2025-09-09,61.745163011732764
2025-09-10,61.45800690978807
2025-09-11,62.078072020455764
2025-09-12,61.464441499623575
2025-09-15,61.39803269419547
2025-09-16,61.38145504158249
2025-09-17,61.61513101157776
2025-09-18,62.85607667822357
2025-09-19,62.0711472523847
2025-09-22,62.13735846938936
2025-09-23,62.3368718829269
2025-09-24,61.96135240372386
2025-09-25,61.65336044182903
2025-09-26,61.82732409891294
2025-09-29,61.72558743395392
2025-09-30,61.58048776199403
2025-10-01,61.50578599904789
2025-10-02,61.822657644001374
2025-10-03,62.28213896670633
2025-10-06,62.306975625610605
2025-10-07,61.86735757712882
2025-10-08,62.14546276591464
2025-10-09,61.924354231041235
2025-10-10,61.73880014202817
2025-10-13,62.498612166295274
2025-10-14,63.468572638303634
2025-10-15,63.80743713245188
2025-10-16,62.89246926371068
2025-10-17,62.11642172437942
2025-10-20,62.67671800815897
2025-10-21,62.3821522941331
2025-10-22,61.7814671390971
2025-10-23,62.194633725678386
2025-10-24,62.44400393686262
2025-10-27,61.93116355666395
2025-10-28,61.4364382865662
2025-10-29,60.884028445317625
2025-10-30,61.0647834872323
2025-10-31,61.20818120639802
2025-11-03,60.897514702347664
2025-11-04,60.5634004233222
2025-11-05,61.22502018796763
2025-11-06,60.79383419618165
2025-11-07,61.05242613351414
2025-11-10,60.71649259190104
2025-11-11,60.62995775063512
2025-11-12,60.44737139439849
2025-11-13,59.739185013847184
2025-11-14,59.92308648345791
2025-11-17,59.284397329297036
2025-11-18,59.96883831394288
2025-11-19,59.72781760774113
2025-11-20,59.52982777611242
2025-11-21,60.61235298893657
2025-11-24,60.823377391144305
2025-11-25,61.5702504302064
2025-11-26,61.68942862144085
2025-11-28,61.714257493436186
2025-12-01,61.217199030762536
2025-12-02,60.99208205354076
2025-12-03,61.887304408161704
2025-12-04,62.38463463517083
2025-12-05,62.006744028545945
2025-12-08,62.218378907348004
2025-12-09,62.4011988387548
2025-12-10,62.83341511739463
2025-12-11,63.42312007092264
2025-12-12,63.13013554950506
2025-12-15,62.74745538792631
2025-12-16,62.621667788675836
2025-12-17,62.644413254705746
2025-12-18,62.544593867712464
2025-12-19,62.50117999867702
2025-12-22,62.80523684685061
2025-12-23,62.149667471937406
2025-12-24,62.086591799625566
2025-12-26,61.775923456346526
2025-12-29,61.617122053704875
2025-12-30,61.2357127476906
2025-12-31,61.22765920363945
2026-01-02,61.766117842197424
2026-01-05,62.331668503152926
2026-01-06,62.78449946211371
2026-01-07,62.839955916024884
2026-01-08,63.53264738051918
2026-01-09,63.594224144416565
2026-01-12,63.80438842683446
2026-01-13,63.89554452126712
2026-01-14,64.66323363845306
2026-01-15,65.05607236466201
2026-01-16,65.17192834574088
2026-01-20,65.73015288141426
2026-01-21,66.26952105524175
2026-01-22,66.41754890611979
2026-01-23,65.16792204221684
2026-01-26,64.63543645137574
2026-01-27,64.5618450151888
2026-01-28,64.21955933867736
2026-01-29,64.3643574273162
2026-01-30,63.64505625037826
2026-02-02,63.94730194522794
2026-02-03,64.64021071435127
2026-02-04,64.39621811563457
2026-02-05,64.03669007493995
2026-02-06,65.08832393937551
2026-02-09,65.23061065090705
2026-02-10,65.22664016771522
2026-02-11,64.94512642506473
2026-02-12,64.61728486479427
2026-02-13,65.42265529392249
2026-02-17,65.33714359335482
2026-02-18,65.24442833567026
2026-02-19,65.56812175589697
2026-02-20,65.09979933261299
2026-02-23,64.74734610718622
2026-02-24,64.98094181419944
2026-02-25,64.74308251302813
2026-02-26,65.45165911633208
2026-02-27,64.6350534865508
2026-03-02,65.19138373085922
2026-03-03,64.63176176465474
2026-03-04,64.80281795918114
2026-03-05,63.92139520411874
2026-03-06,63.28957481332614
2026-03-09,63.4226674917332
2026-03-10,63.459637873946825
2026-03-11,63.41148938624453
2026-03-12,63.00391684278034
2026-03-13,63.152545678236635
2026-03-16,63.107040270800915
2026-03-17,63.33966619301048
2026-03-18,63.20071488889235
2026-03-19,63.77147616398192
2026-03-20,63.28549530473898
2026-03-23,63.98016129308465
2026-03-24,64.54069253220489
2026-03-25,64.96731519399862
2026-03-26,64.99809148891083
2026-03-27,64.96584416444288
2026-03-30,64.24798284430938
2026-03-31,64.61929981940987
2026-04-01,64.53949793896159
2026-04-02,64.92843535845006
2026-04-06,64.89813641679804
2026-04-07,65.01097931976513
2026-04-08,65.29134186552366
2026-04-09,65.28818377124821
2026-04-10,65.16681621511947
2026-04-13,65.46726572477365
2026-04-14,65.56978543423037
2026-04-15,65.21863203150335
2026-04-16,65.19400546778883
2026-04-17,65.80665544607643
2026-04-20,66.3139019257938
2026-04-21,66.06739434622256
2026-04-22,65.87443230656744
2026-04-23,65.90144578247971
2026-04-24,65.66288080586634
2026-04-27,65.6660657307816
2026-04-28,65.21808983958095
2026-04-29,64.79237477275849
2026-04-30,65.54287894295842
2026-05-01,65.66991667284776
2026-05-04,65.58096969431986
2026-05-05,66.15476269536227
2026-05-06,66.22693821021916
2026-05-07,65.37903500120036
2026-05-08,65.28246873827392
2026-05-11,65.39999680253122
2026-05-12,64.86565434760755
2026-05-13,64.52758403123026
2026-05-14,64.4253371474394
2026-05-15,63.639411041112226
2026-05-18,63.310270672306814
2026-05-19,63.0488801791646
2026-05-20,63.97976934062388
2026-05-21,64.45089820809453
2026-05-22,64.79618682075898
2026-05-26,65.58572852933582
2026-05-27,65.56546789618977
2026-05-28,65.57853914025918
2026-05-29,65.05715162826634
2026-06-01,64.55655337131391
2026-06-02,65.06689075955525
2026-06-03,64.6302858606863
2026-06-04,65.35837222322994
2026-06-05,64.70968770458391
2026-06-08,65.12741814833795
2026-06-09,65.52837560651011
2026-06-10,65.88424162471512
2026-06-11,66.70332243240897
2026-06-12,66.92478388150413
2026-06-15,66.3017759229322
2026-06-16,66.11987713107858
2026-06-17,66.45169750634243
2026-06-18,67.06339423298182
2026-06-22,67.86457753315044
2026-06-23,68.20411643131138
2026-06-24,68.55229021199459
2026-06-25,68.9655342663496
2026-06-26,69.68169104951936
2026-06-29,68.35567713016992
2026-06-30,68.16329014949024
2026-07-01,67.99889078979184
2026-07-02,67.6925512540547
2026-07-06,67.40455408168243
2026-07-07,67.11233561018051
2026-07-08,66.70437282911683
2026-07-09,66.99186583837297
2026-07-10,66.42384176468289
2026-07-13,66.36870440094806
2026-07-14,66.36599014655641
2026-07-15,66.38678278962992
2026-07-16,66.70785135001954
2026-07-17,67.02137667283031
2026-07-20,66.73478616231912
2026-07-21,67.14046354944256
2026-07-22,66.59525792403007
2026-07-23,67.03777095687484
2026-07-24,66.75880370162643
2026-07-27,67.14319706967166
2026-07-28,67.08798182195437
2026-07-29,67.02161174699458
2026-07-30,66.83473821150004
2026-07-31,66.04173533604248
2026-08-03,66.23682012358447
2026-08-04,66.26964466587243
2026-08-05,65.97525568594375
2026-08-06,65.74577773918483
2026-08-07,66.07137729339384
2026-08-10,65.74476064655565
2026-08-11,66.17756350511024
2026-08-12,66.38945300574879
2026-08-13,66.10148740391959
2026-08-14,66.57960017832617
2026-08-17,66.66999796171564
2026-08-18,66.2779699908985
2026-08-19,66.4674562911564
2026-08-20,66.13075247801216
2026-08-21,66.36797350000752
2026-08-24,66.12196538833048
2026-08-25,66.19003620128282
2026-08-26,66.1089977314854
2026-08-27,65.87195797273519
2026-08-28,65.12773585638016
2026-08-31,64.92103032689586
2026-09-01,64.62288949898854
2026-09-02,65.09910570569104
2026-09-03,64.68325092335255
2026-09-04,65.11389836243188
2026-09-08,65.17709848618209
2026-09-09,64.58589319057864
2026-09-10,64.31810792707618
2026-09-11,64.03826689485554
2026-09-14,64.10704681049111
2026-09-15,63.94941441078947
2026-09-16,63.957846647251635
2026-09-17,63.57711014592513
2026-09-18,63.19953170705326
2026-09-21,62.55878758551857
2026-09-22,62.925616194589395
2026-09-23,62.21470085078526
2026-09-24,62.208364672173865
2026-09-25,61.94015796764894
2026-09-28,61.97297112761208
2026-09-29,61.86337599541331
2026-09-30,61.74189090723018
2026-10-01,61.882595581313836
2026-10-02,61.97870107368377
2026-10-05,61.970305756775204
2026-10-06,61.18778119837221
